"lemma","poscode","surface"
"bernadine","3","bernadine"
"zelda","3","zelda"
"andee","3","andee"
"kristin","3","kristin"
"bron","3","bron"
"ewell","3","ewell"
"maurizio","3","maurizio"
"cary","3","cary"
"alysia","3","alysia"
"sheena","3","sheena"
"merrily","3","merrily"
"cornie","3","cornie"
"dag","3","dag"
"hatti","3","hatti"
"temple","3","temple"
"hatti","3","hatti"
"elvin","3","elvin"
"jilleen","3","jilleen"
"eadmund","3","eadmund"
"stacia","3","stacia"
"wallas","3","wallas"
"gallagher","3","gallagher"
"tyson","3","tyson"
"kirby","3","kirby"
"karee","3","karee"
"jan","3","jan"
"clevie","3","clevie"
"baillie","3","baillie"
"molly","3","molly"
"mead","3","mead"
"floris","3","floris"
"marlie","3","marlie"
"adriaens","3","adriaens"
"meade","3","meade"
"rubina","3","rubina"
"adlai","3","adlai"
"lucretia","3","lucretia"
"pippa","3","pippa"
"earlie","3","earlie"
"aimee","3","aimee"
"norah","3","norah"
"aubree","3","aubree"
"quill","3","quill"
"gretchen","3","gretchen"
"emelda","3","emelda"
"ange","3","ange"
"payton","3","payton"
"devonna","3","devonna"
"jacintha","3","jacintha"
"dilan","3","dilan"
"odie","3","odie"
"waldon","3","waldon"
"isacco","3","isacco"
"cosetta","3","cosetta"
"suki","3","suki"
"sebastien","3","sebastien"
"jemie","3","jemie"
"adrian","3","adrian"
"estele","3","estele"
"arri","3","arri"
"kenon","3","kenon"
"nichole","3","nichole"
"catlin","3","catlin"
"bobette","3","bobette"
"denney","3","denney"
"menard","3","menard"
"guillaume","3","guillaume"
"basil","3","basil"
"katrine","3","katrine"
"alfie","3","alfie"
"benny","3","benny"
"lea","3","lea"
"base","3","base"
"prisca","3","prisca"
"francoise","3","francoise"
"rhea","3","rhea"
"delphinia","3","delphinia"
"geoffry","3","geoffry"
"gleda","3","gleda"
"clim","3","clim"
"ferris","3","ferris"
"elmo","3","elmo"
"catlee","3","catlee"
"sigismond","3","sigismond"
"kordula","3","kordula"
"kinna","3","kinna"
"stafani","3","stafani"
"nance","3","nance"
"klement","3","klement"
"lauritz","3","lauritz"
"meredith","3","meredith"
"buck","3","buck"
"caron","3","caron"
"mathew","3","mathew"
"poul","3","poul"
"reena","3","reena"
"rayshell","3","rayshell"
"fina","3","fina"
"abbie","3","abbie"
"irwinn","3","irwinn"
"cary","3","cary"
"cristal","3","cristal"
"adiana","3","adiana"
"clevie","3","clevie"
"issi","3","issi"
"alanson","3","alanson"
"lancelot","3","lancelot"
"curtis","3","curtis"
"hyacintha","3","hyacintha"
"suellen","3","suellen"
"cobb","3","cobb"
"powell","3","powell"
"mose","3","mose"
"leia","3","leia"
"khalil","3","khalil"
"annnora","3","annnora"
"ruy","3","ruy"
"renard","3","renard"
"morna","3","morna"
"anestassia","3","anestassia"
"nicholle","3","nicholle"
"susi","3","susi"
"dory","3","dory"
"kimmy","3","kimmy"
"mallorie","3","mallorie"
"cassey","3","cassey"
"rhianna","3","rhianna"
"andreas","3","andreas"
"allyce","3","allyce"
"jeremiah","3","jeremiah"
"enrique","3","enrique"
"elsinore","3","elsinore"
"albina","3","albina"
"ode","3","ode"
"berkly","3","berkly"
"even","3","even"
"craggie","3","craggie"
"demetri","3","demetri"
"darbee","3","darbee"
"marlo","3","marlo"
"gaelan","3","gaelan"
"sigvard","3","sigvard"
"tierney","3","tierney"
"rorie","3","rorie"
"sanderson","3","sanderson"
"lucretia","3","lucretia"
"heinrick","3","heinrick"
"salomi","3","salomi"
"madelon","3","madelon"
"deny","3","deny"
"lexy","3","lexy"
"gawain","3","gawain"
"linnie","3","linnie"
"andrus","3","andrus"
"alleyn","3","alleyn"
"rowney","3","rowney"
"rey","3","rey"
"lidia","3","lidia"
"sheilakathryn","3","sheilakathryn"
"hyatt","3","hyatt"
"tamarah","3","tamarah"
"bel","3","bel"
"donovan","3","donovan"
"roderick","3","roderick"
"aldin","3","aldin"
"monica","3","monica"
"patti","3","patti"
"mandi","3","mandi"
"massimiliano","3","massimiliano"
"pyotr","3","pyotr"
"collie","3","collie"
"thia","3","thia"
"elijah","3","elijah"
"brien","3","brien"
"eleonore","3","eleonore"
"birdie","3","birdie"
"archer","3","archer"
"andrej","3","andrej"
"fredrick","3","fredrick"
"torrie","3","torrie"
"celina","3","celina"
"miquela","3","miquela"
"cathie","3","cathie"
"willabella","3","willabella"
"gabriellia","3","gabriellia"
"carling","3","carling"
"warde","3","warde"
"marve","3","marve"
"estele","3","estele"
"roderic","3","roderic"
"amalita","3","amalita"
"leyla","3","leyla"
"melisa","3","melisa"
"scott","3","scott"
"minna","3","minna"
"donovan","3","donovan"
"petr","3","petr"
"verine","3","verine"
"sheffy","3","sheffy"
"vitoria","3","vitoria"
"andrus","3","andrus"
"chrissy","3","chrissy"
"chery","3","chery"
"janith","3","janith"
"warde","3","warde"
"freida","3","freida"
"northrop","3","northrop"
"blake","3","blake"
"nicoline","3","nicoline"
"henrieta","3","henrieta"
"wilhelmina","3","wilhelmina"
"sauncho","3","sauncho"
"kimmie","3","kimmie"
"andree","3","andree"
"arlana","3","arlana"
"terri-jo","3","terri-jo"
"gustave","3","gustave"
"aguie","3","aguie"
"jamesy","3","jamesy"
"isidor","3","isidor"
"querida","3","querida"
"erasmus","3","erasmus"
"quentin","3","quentin"
"bay","3","bay"
"abbot","3","abbot"
"elayne","3","elayne"
"obed","3","obed"
"loy","3","loy"
"thomasine","3","thomasine"
"stu","3","stu"
"arlen","3","arlen"
"matthiew","3","matthiew"
"karee","3","karee"
"valentine","3","valentine"
"helaine","3","helaine"
"filide","3","filide"
"ranique","3","ranique"
"mitchell","3","mitchell"
"livvy","3","livvy"
"brunhilda","3","brunhilda"
"debbie","3","debbie"
"paco","3","paco"
"vincenz","3","vincenz"
"dionis","3","dionis"
"hyacinthia","3","hyacinthia"
"hope","3","hope"
"vannie","3","vannie"
"lawry","3","lawry"
"stafford","3","stafford"
"matty","3","matty"
"eddy","3","eddy"
"martelle","3","martelle"
"barth","3","barth"
"shem","3","shem"
"ezekiel","3","ezekiel"
"rona","3","rona"
"prescott","3","prescott"
"francene","3","francene"
"zaccaria","3","zaccaria"
"allayne","3","allayne"
"noah","3","noah"
"hector","3","hector"
"lacie","3","lacie"
"doralynn","3","doralynn"
"ancell","3","ancell"
"tabb","3","tabb"
"tessie","3","tessie"
"braden","3","braden"
"martelle","3","martelle"
"luella","3","luella"
"parker","3","parker"
"geri","3","geri"
"rozamond","3","rozamond"
"lori","3","lori"
"drusi","3","drusi"
"missie","3","missie"
"hersch","3","hersch"
"briant","3","briant"
"timmie","3","timmie"
"rory","3","rory"
"eugen","3","eugen"
"matthus","3","matthus"
"lauren","3","lauren"
"ayn","3","ayn"
"thorstein","3","thorstein"
"nate","3","nate"
"albertina","3","albertina"
"jeddy","3","jeddy"
"nikki","3","nikki"
"rutger","3","rutger"
"rikki","3","rikki"
"mal","3","mal"
"rogers","3","rogers"
"saxon","3","saxon"
"mair","3","mair"
"stanislaw","3","stanislaw"
"oliver","3","oliver"
"tiffanie","3","tiffanie"
"vernor","3","vernor"
"michaeline","3","michaeline"
"avictor","3","avictor"
"derward","3","derward"
"marie-jeanne","3","marie-jeanne"
"bernardine","3","bernardine"
"tamra","3","tamra"
"adena","3","adena"
"jany","3","jany"
"anallese","3","anallese"
"lowe","3","lowe"
"albertine","3","albertine"
"franz","3","franz"
"salvador","3","salvador"
"pattie","3","pattie"
"valerye","3","valerye"
"katee","3","katee"
"jorie","3","jorie"
"marti","3","marti"
"adah","3","adah"
"henri","3","henri"
"ardath","3","ardath"
"rutledge","3","rutledge"
"carley","3","carley"
"sigrid","3","sigrid"
"leopold","3","leopold"
"harry","3","harry"
"ronda","3","ronda"
"marguerite","3","marguerite"
"harriett","3","harriett"
"shana","3","shana"
"carney","3","carney"
"rodie","3","rodie"
"dorolice","3","dorolice"
"vassily","3","vassily"
"peg","3","peg"
"trumann","3","trumann"
"kristo","3","kristo"
"erny","3","erny"
"paulie","3","paulie"
"louie","3","louie"
"lulita","3","lulita"
"kaiser","3","kaiser"
"kenon","3","kenon"
"thornton","3","thornton"
"gino","3","gino"
"jada","3","jada"
"norine","3","norine"
"gene","3","gene"
"garv","3","garv"
"juieta","3","juieta"
"ned","3","ned"
"portia","3","portia"
"linnie","3","linnie"
"jeannine","3","jeannine"
"morena","3","morena"
"babs","3","babs"
"georgie","3","georgie"
"tobiah","3","tobiah"
"ealasaid","3","ealasaid"
"clarita","3","clarita"
"jaynell","3","jaynell"
"rickert","3","rickert"
"ole","3","ole"
"jose","3","jose"
"ricki","3","ricki"
"alli","3","alli"
"dunn","3","dunn"
"lauren","3","lauren"
"rozanne","3","rozanne"
"edvard","3","edvard"
"dag","3","dag"
"frasier","3","frasier"
"duffy","3","duffy"
"carroll","3","carroll"
"kelcey","3","kelcey"
"ekaterina","3","ekaterina"
"sanson","3","sanson"
"thane","3","thane"
"colan","3","colan"
"jonah","3","jonah"
"darnell","3","darnell"
"alexandre","3","alexandre"
"laughton","3","laughton"
"robinetta","3","robinetta"
"jolynn","3","jolynn"
"zarla","3","zarla"
"lindon","3","lindon"
"bondie","3","bondie"
"pietro","3","pietro"
"iseabal","3","iseabal"
"bax","3","bax"
"sigrid","3","sigrid"
"leona","3","leona"
"nial","3","nial"
"ilise","3","ilise"
"timi","3","timi"
"dilan","3","dilan"
"krystal","3","krystal"
"orville","3","orville"
"alric","3","alric"
"jo","3","jo"
"stephana","3","stephana"
"sim","3","sim"
"ronny","3","ronny"
"giusto","3","giusto"
"nolly","3","nolly"
"georgianne","3","georgianne"
"lester","3","lester"
"portia","3","portia"
"rutter","3","rutter"
"kelli","3","kelli"
"amalia","3","amalia"
"camille","3","camille"
"joline","3","joline"
"kass","3","kass"
"ev","3","ev"
"gordie","3","gordie"
"byram","3","byram"
"rhonda","3","rhonda"
"catha","3","catha"
"wat","3","wat"
"nerti","3","nerti"
"maribelle","3","maribelle"
"esmaria","3","esmaria"
"juliane","3","juliane"
"averil","3","averil"
"lotti","3","lotti"
"alexandre","3","alexandre"
"brewer","3","brewer"
"padraic","3","padraic"
"maybelle","3","maybelle"
"anastasie","3","anastasie"
"torre","3","torre"
"nonna","3","nonna"
"nata","3","nata"
"goldarina","3","goldarina"
"brittney","3","brittney"
"udell","3","udell"
"fayette","3","fayette"
"kendra","3","kendra"
"mikel","3","mikel"
"samson","3","samson"
"darryl","3","darryl"
"sapphire","3","sapphire"
"jehanna","3","jehanna"
"fredericka","3","fredericka"
"wendel","3","wendel"
"casie","3","casie"
"jamill","3","jamill"
"amalita","3","amalita"
"jackelyn","3","jackelyn"
"lorilee","3","lorilee"
"foss","3","foss"
"chanda","3","chanda"
"rina","3","rina"
"seymour","3","seymour"
"chrisse","3","chrisse"
"thor","3","thor"
"nadeen","3","nadeen"
"emmalynn","3","emmalynn"
"liuka","3","liuka"
"elmira","3","elmira"
"woodrow","3","woodrow"
"gary","3","gary"
"claudetta","3","claudetta"
"hali","3","hali"
"yanaton","3","yanaton"
"norma","3","norma"
"corena","3","corena"
"waylin","3","waylin"
"valentine","3","valentine"
"krista","3","krista"
"noll","3","noll"
"kiley","3","kiley"
"sheff","3","sheff"
"deny","3","deny"
"camala","3","camala"
"brandy","3","brandy"
"gabriellia","3","gabriellia"
"mureil","3","mureil"
"rafferty","3","rafferty"
"willy","3","willy"
"claire","3","claire"
"oralia","3","oralia"
"buddie","3","buddie"
"constantine","3","constantine"
"harrison","3","harrison"
"lucy","3","lucy"
"fedora","3","fedora"
"gino","3","gino"
"robbi","3","robbi"
"claudetta","3","claudetta"
"bail","3","bail"
"feodor","3","feodor"
"betti","3","betti"
"natalina","3","natalina"
"clemente","3","clemente"
"nicolis","3","nicolis"
"abner","3","abner"
"gwenora","3","gwenora"
"jacquette","3","jacquette"
"roxine","3","roxine"
"ronda","3","ronda"
"malanie","3","malanie"
"antoni","3","antoni"
"jonas","3","jonas"
"granger","3","granger"
"steward","3","steward"
"demeter","3","demeter"
"elinor","3","elinor"
"marcus","3","marcus"
"gracia","3","gracia"
"kingsly","3","kingsly"
"vassili","3","vassili"
"spenser","3","spenser"
"gerrilee","3","gerrilee"
"sherlocke","3","sherlocke"
"gladys","3","gladys"
"rem","3","rem"
"dominic","3","dominic"
"ulises","3","ulises"
"reinwald","3","reinwald"
"natale","3","natale"
"ambrose","3","ambrose"
"dave","3","dave"
"benny","3","benny"
"waylan","3","waylan"
"osmond","3","osmond"
"irwinn","3","irwinn"
"simona","3","simona"
"frederich","3","frederich"
"valdemar","3","valdemar"
"archibaldo","3","archibaldo"
"georg","3","georg"
"kriste","3","kriste"
"elbertine","3","elbertine"
"biddy","3","biddy"
"rosalyn","3","rosalyn"
"delcine","3","delcine"
"lilian","3","lilian"
"noella","3","noella"
"gwenneth","3","gwenneth"
"shaine","3","shaine"
"ignacio","3","ignacio"
"von","3","von"
"ardelis","3","ardelis"
"gilly","3","gilly"
"tully","3","tully"
"illa","3","illa"
"mabel","3","mabel"
"talia","3","talia"
"glen","3","glen"
"rachael","3","rachael"
"lorrin","3","lorrin"
"addy","3","addy"
"wilbur","3","wilbur"
"lesya","3","lesya"
"emilio","3","emilio"
"dennison","3","dennison"
"dave","3","dave"
"addie","3","addie"
"sherry","3","sherry"
"stephanie","3","stephanie"
"allys","3","allys"
"jo ann","3","jo ann"
"birch","3","birch"
"livvyy","3","livvyy"
"justis","3","justis"
"sharyl","3","sharyl"
"steffi","3","steffi"
"giustino","3","giustino"
"johnny","3","johnny"
"farand","3","farand"
"juan","3","juan"
"neal","3","neal"
"calla","3","calla"
"curcio","3","curcio"
"karie","3","karie"
"monika","3","monika"
"caldwell","3","caldwell"
"conrad","3","conrad"
"winne","3","winne"
"hyatt","3","hyatt"
"ebony","3","ebony"
"orson","3","orson"
"celka","3","celka"
"anna","3","anna"
"sholom","3","sholom"
"cristiano","3","cristiano"
"erda","3","erda"
"bernita","3","bernita"
"shanon","3","shanon"
"latrena","3","latrena"
"llywellyn","3","llywellyn"
"pauletta","3","pauletta"
"nigel","3","nigel"
"oswald","3","oswald"
"agace","3","agace"
"cort","3","cort"
"shirlene","3","shirlene"
"allyn","3","allyn"
"martie","3","martie"
"nicol","3","nicol"
"greer","3","greer"
"fraser","3","fraser"
"aylmar","3","aylmar"
"daryle","3","daryle"
"yanaton","3","yanaton"
"zerk","3","zerk"
"pauline","3","pauline"
"krystalle","3","krystalle"
"binni","3","binni"
"eamon","3","eamon"
"valene","3","valene"
"maynard","3","maynard"
"lea","3","lea"
"gonzalo","3","gonzalo"
"audie","3","audie"
"carey","3","carey"
"yankee","3","yankee"
"rafaelita","3","rafaelita"
"bancroft","3","bancroft"
"ellwood","3","ellwood"
"hakim","3","hakim"
"warner","3","warner"
"link","3","link"
"venus","3","venus"
"burt","3","burt"
"marius","3","marius"
"cindelyn","3","cindelyn"
"benedikt","3","benedikt"
"englebert","3","englebert"
"tadeo","3","tadeo"
"bastien","3","bastien"
"lesley","3","lesley"
"kareem","3","kareem"
"richmound","3","richmound"
"marabel","3","marabel"
"jaclin","3","jaclin"
"fran","3","fran"
"roscoe","3","roscoe"
"lark","3","lark"
"murdoch","3","murdoch"
"brynne","3","brynne"
"haleigh","3","haleigh"
"galvan","3","galvan"
"constantin","3","constantin"
"phyllys","3","phyllys"
"alix","3","alix"
"rora","3","rora"
"keary","3","keary"
"cyrille","3","cyrille"
"finn","3","finn"
"giacomo","3","giacomo"
"barnabe","3","barnabe"
"audy","3","audy"
"meade","3","meade"
"charo","3","charo"
"lyssa","3","lyssa"
"orbadiah","3","orbadiah"
"orran","3","orran"
"wylma","3","wylma"
"clementia","3","clementia"
"natal","3","natal"
"matthaeus","3","matthaeus"
"tory","3","tory"
"savina","3","savina"
"grata","3","grata"
"leta","3","leta"
"janine","3","janine"
"rafferty","3","rafferty"
"deena","3","deena"
"evangelina","3","evangelina"
"marj","3","marj"
"amara","3","amara"
"cassie","3","cassie"
"amandy","3","amandy"
"karilynn","3","karilynn"
"hussein","3","hussein"
"alexina","3","alexina"
"monte","3","monte"
"renie","3","renie"
"annelise","3","annelise"
"jasmine","3","jasmine"
"alic","3","alic"
"bella","3","bella"
"otho","3","otho"
"diahann","3","diahann"
"garret","3","garret"
"candice","3","candice"
"smitty","3","smitty"
"courtenay","3","courtenay"
"hansiain","3","hansiain"
"mimi","3","mimi"
"elli","3","elli"
"amandi","3","amandi"
"garrett","3","garrett"
"sonnie","3","sonnie"
"kiele","3","kiele"
"genevieve","3","genevieve"
"norman","3","norman"
"drusi","3","drusi"
"seline","3","seline"
"sadye","3","sadye"
"neal","3","neal"
"clarie","3","clarie"
"donella","3","donella"
"hershel","3","hershel"
"gustave","3","gustave"
"rosalynd","3","rosalynd"
"carole","3","carole"
"sarah","3","sarah"
"neville","3","neville"
"emmery","3","emmery"
"ossie","3","ossie"
"jo-anne","3","jo-anne"
"jacques","3","jacques"
"zacharie","3","zacharie"
"sibella","3","sibella"
"quincy","3","quincy"
"claudell","3","claudell"
"janetta","3","janetta"
"augustus","3","augustus"
"ansell","3","ansell"
"gisella","3","gisella"
"garvin","3","garvin"
"rosalinde","3","rosalinde"
"marabel","3","marabel"
"jere","3","jere"
"hatty","3","hatty"
"charley","3","charley"
"jacklin","3","jacklin"
"carrie","3","carrie"
"noelyn","3","noelyn"
"benny","3","benny"
"dur","3","dur"
"zita","3","zita"
"bel","3","bel"
"cleopatra","3","cleopatra"
"megen","3","megen"
"willette","3","willette"
"rolf","3","rolf"
"tildi","3","tildi"
"emmy","3","emmy"
"erastus","3","erastus"
"emlynn","3","emlynn"
"earlie","3","earlie"
"zahara","3","zahara"
"araldo","3","araldo"
"lorraine","3","lorraine"
"trev","3","trev"
"peter","3","peter"
"katharina","3","katharina"
"lazarus","3","lazarus"
"becca","3","becca"
"vasili","3","vasili"
"britt","3","britt"
"trista","3","trista"
"niven","3","niven"
"tatiania","3","tatiania"
"michaella","3","michaella"
"sanderson","3","sanderson"
"audrie","3","audrie"
"holly","3","holly"
"lenore","3","lenore"
"merle","3","merle"
"nydia","3","nydia"
"jeane","3","jeane"
"frankie","3","frankie"
"karlene","3","karlene"
"mathe","3","mathe"
"bailey","3","bailey"
"doyle","3","doyle"
"kale","3","kale"
"sammie","3","sammie"
"geraldine","3","geraldine"
"delmer","3","delmer"
"kaspar","3","kaspar"
"charles","3","charles"
"etti","3","etti"
"danie","3","danie"
"dame","3","dame"
"jenica","3","jenica"
"leone","3","leone"
"kelsey","3","kelsey"
"roy","3","roy"
"padget","3","padget"
"goldi","3","goldi"
"marijn","3","marijn"
"rozele","3","rozele"
"natka","3","natka"
"herculie","3","herculie"
"alikee","3","alikee"
"rosmunda","3","rosmunda"
"donetta","3","donetta"
"englebert","3","englebert"
"bondon","3","bondon"
"alfy","3","alfy"
"ase","3","ase"
"huberto","3","huberto"
"sharia","3","sharia"
"derry","3","derry"
"graehme","3","graehme"
"harvey","3","harvey"
"dom","3","dom"
"alexandra","3","alexandra"
"randi","3","randi"
"benjamin","3","benjamin"
"danny","3","danny"
"homerus","3","homerus"
"hedi","3","hedi"
"torrie","3","torrie"
"kiley","3","kiley"
"chet","3","chet"
"binnie","3","binnie"
"hube","3","hube"
"trever","3","trever"
"frieda","3","frieda"
"noel","3","noel"
"tessi","3","tessi"
"trefor","3","trefor"
"kelwin","3","kelwin"
"nerita","3","nerita"
"leilah","3","leilah"
"wainwright","3","wainwright"
"marcellina","3","marcellina"
"lorin","3","lorin"
"suzette","3","suzette"
"janel","3","janel"
"reece","3","reece"
"jennilee","3","jennilee"
"tedra","3","tedra"
"aubert","3","aubert"
"scarlett","3","scarlett"
"henryetta","3","henryetta"
"marrilee","3","marrilee"
"maren","3","maren"
"sephira","3","sephira"
"taber","3","taber"
"brittani","3","brittani"
"claretta","3","claretta"
"ursa","3","ursa"
"freddie","3","freddie"
"eugenius","3","eugenius"
"scarface","3","scarface"
"skelly","3","skelly"
"guthrey","3","guthrey"
"chandal","3","chandal"
"arty","3","arty"
"walliw","3","walliw"
"wilow","3","wilow"
"leonora","3","leonora"
"henriette","3","henriette"
"alison","3","alison"
"ninnette","3","ninnette"
"percival","3","percival"
"leigh","3","leigh"
"luther","3","luther"
"zarla","3","zarla"
"sigismond","3","sigismond"
"bryana","3","bryana"
"marylin","3","marylin"
"stu","3","stu"
"georgina","3","georgina"
"renie","3","renie"
"martina","3","martina"
"agata","3","agata"
"noelle","3","noelle"
"karrie","3","karrie"
"mabelle","3","mabelle"
"nadeen","3","nadeen"
"magdalena","3","magdalena"
"davine","3","davine"
"nataline","3","nataline"
"halsey","3","halsey"
"aurelia","3","aurelia"
"kore","3","kore"
"adorne","3","adorne"
"claire","3","claire"
"wenona","3","wenona"
"drud","3","drud"
"jojo","3","jojo"
"lilias","3","lilias"
"derril","3","derril"
"eleen","3","eleen"
"myron","3","myron"
"chaunce","3","chaunce"
"erwin","3","erwin"
"georgeanne","3","georgeanne"
"hansiain","3","hansiain"
"myra","3","myra"
"cyril","3","cyril"
"prinz","3","prinz"
"philis","3","philis"
"shurlocke","3","shurlocke"
"jeremie","3","jeremie"
"arlana","3","arlana"
"evangeline","3","evangeline"
"orazio","3","orazio"
"dorine","3","dorine"
"karlik","3","karlik"
"fabien","3","fabien"
"latrena","3","latrena"
"marcella","3","marcella"
"valry","3","valry"
"shayne","3","shayne"
"jessy","3","jessy"
"jayne","3","jayne"
"willi","3","willi"
"genny","3","genny"
"letitia","3","letitia"
"fonsie","3","fonsie"
"wyatt","3","wyatt"
"marita","3","marita"
"berne","3","berne"
"alberik","3","alberik"
"ruthann","3","ruthann"
"joellen","3","joellen"
"arri","3","arri"
"gregorius","3","gregorius"
"aldon","3","aldon"
"mischa","3","mischa"
"laurene","3","laurene"
"milty","3","milty"
"grant","3","grant"
"mateo","3","mateo"
"everard","3","everard"
"tyrone","3","tyrone"
"fred","3","fred"
"margi","3","margi"
"dorine","3","dorine"
"veradis","3","veradis"
"roddie","3","roddie"
"faulkner","3","faulkner"
"chalmers","3","chalmers"
"sloan","3","sloan"
"lolita","3","lolita"
"guy","3","guy"
"hillel","3","hillel"
"maxie","3","maxie"
"tanya","3","tanya"
"randy","3","randy"
"claiborne","3","claiborne"
"quintus","3","quintus"
"tobias","3","tobias"
"barry","3","barry"
"malvin","3","malvin"
"arabela","3","arabela"
"shandy","3","shandy"
"hebert","3","hebert"
"briant","3","briant"
"yurik","3","yurik"
"zechariah","3","zechariah"
"caryn","3","caryn"
"darren","3","darren"
"paul","3","paul"
"gilburt","3","gilburt"
"lanie","3","lanie"
"tania","3","tania"
"kendra","3","kendra"
"rodger","3","rodger"
"merry","3","merry"
"mathias","3","mathias"
"marabel","3","marabel"
"agathe","3","agathe"
"gerladina","3","gerladina"
"rodi","3","rodi"
"josiah","3","josiah"
"adrea","3","adrea"
"jenilee","3","jenilee"
"tate","3","tate"
"bogart","3","bogart"
"orelia","3","orelia"
"emylee","3","emylee"
"andre","3","andre"
"abe","3","abe"
"cyndy","3","cyndy"
"odilia","3","odilia"
"elinore","3","elinore"
"dorella","3","dorella"
"delly","3","delly"
"adelaida","3","adelaida"
"ceciley","3","ceciley"
"dietrich","3","dietrich"
"illa","3","illa"
"cobby","3","cobby"
"filide","3","filide"
"tremayne","3","tremayne"
"ora","3","ora"
"jolee","3","jolee"
"arri","3","arri"
"kikelia","3","kikelia"
"dallas","3","dallas"
"sybila","3","sybila"
"garret","3","garret"
"muffin","3","muffin"
"arlinda","3","arlinda"
"allene","3","allene"
"wadsworth","3","wadsworth"
"gerti","3","gerti"
"vikky","3","vikky"
