"lemma","poscode","surface"
"vyel","3","vyel"
"schimaschke","3","schimaschke"
"stive","3","stive"
"olenchenko","3","olenchenko"
"leppingwell","3","leppingwell"
"klemenz","3","klemenz"
"woofenden","3","woofenden"
"bartrap","3","bartrap"
"tabart","3","tabart"
"featherstone","3","featherstone"
"kilminster","3","kilminster"
"mcclure","3","mcclure"
"paynes","3","paynes"
"shardlow","3","shardlow"
"gallichan","3","gallichan"
"gooderick","3","gooderick"
"lodemann","3","lodemann"
"garlant","3","garlant"
"crowdy","3","crowdy"
"kinsey","3","kinsey"
"brient","3","brient"
"stilwell","3","stilwell"
"silcox","3","silcox"
"usmar","3","usmar"
"gaylor","3","gaylor"
"stocky","3","stocky"
"uvedale","3","uvedale"
"siman","3","siman"
"gaspar","3","gaspar"
"malshinger","3","malshinger"
"mouse","3","mouse"
"bonifazio","3","bonifazio"
"purdey","3","purdey"
"bolles","3","bolles"
"broxholme","3","broxholme"
"zuker","3","zuker"
"summerrell","3","summerrell"
"cuolahan","3","cuolahan"
"houdmont","3","houdmont"
"cavilla","3","cavilla"
"toward","3","toward"
"rait","3","rait"
"henric","3","henric"
"varndall","3","varndall"
"barrass","3","barrass"
"dorey","3","dorey"
"demetr","3","demetr"
"bagg","3","bagg"
"berrow","3","berrow"
"rawlison","3","rawlison"
"melbourn","3","melbourn"
"whannel","3","whannel"
"claesens","3","claesens"
"mitrikhin","3","mitrikhin"
"barlas","3","barlas"
"eighteen","3","eighteen"
"abrahim","3","abrahim"
"julyan","3","julyan"
"brunnstein","3","brunnstein"
"eake","3","eake"
"morley","3","morley"
"mattin","3","mattin"
"sharrocks","3","sharrocks"
"overnell","3","overnell"
"le barre","3","le barre"
"christer","3","christer"
"eusden","3","eusden"
"linkleter","3","linkleter"
"santry","3","santry"
"zecchii","3","zecchii"
"hince","3","hince"
"wakley","3","wakley"
"glanville","3","glanville"
"size","3","size"
"kerrane","3","kerrane"
"guisby","3","guisby"
"ebbin","3","ebbin"
"paddison","3","paddison"
"snaden","3","snaden"
"mccrillis","3","mccrillis"
"hatliff","3","hatliff"
"lief","3","lief"
"schuster","3","schuster"
"luton","3","luton"
"asif","3","asif"
"hadland","3","hadland"
"sebrook","3","sebrook"
"lukacs","3","lukacs"
"sanney","3","sanney"
"mourant","3","mourant"
"leicester","3","leicester"
"gooderridge","3","gooderridge"
"lamborne","3","lamborne"
"sally","3","sally"
"cranke","3","cranke"
"phelips","3","phelips"
"davidowsky","3","davidowsky"
"mckibben","3","mckibben"
"crim","3","crim"
"luebbert","3","luebbert"
"iannazzi","3","iannazzi"
"kerner","3","kerner"
"fendt","3","fendt"
"wethered","3","wethered"
"cannicott","3","cannicott"
"haselden","3","haselden"
"hattigan","3","hattigan"
"eskrick","3","eskrick"
"clayhill","3","clayhill"
"clucas","3","clucas"
"cicchetto","3","cicchetto"
"dibbin","3","dibbin"
"henstridge","3","henstridge"
"ollier","3","ollier"
"bedson","3","bedson"
"woolnough","3","woolnough"
"hannent","3","hannent"
"easum","3","easum"
"akister","3","akister"
"richin","3","richin"
"joblin","3","joblin"
"hardie","3","hardie"
"taylour","3","taylour"
"egentan","3","egentan"
"umpleby","3","umpleby"
"stubbings","3","stubbings"
"langwade","3","langwade"
"gregoriou","3","gregoriou"
"tewelson","3","tewelson"
"lappine","3","lappine"
"pitrelli","3","pitrelli"
"gullan","3","gullan"
"pickersail","3","pickersail"
"sevier","3","sevier"
"lyffe","3","lyffe"
"ciccottini","3","ciccottini"
"falshaw","3","falshaw"
"hebditch","3","hebditch"
"brosch","3","brosch"
"valti","3","valti"
"itzcak","3","itzcak"
"winscum","3","winscum"
"newlove","3","newlove"
"adamowitz","3","adamowitz"
"beveredge","3","beveredge"
"wolver","3","wolver"
"blackader","3","blackader"
"carlill","3","carlill"
"pelman","3","pelman"
"jaegar","3","jaegar"
"wigin","3","wigin"
"ansteys","3","ansteys"
"camps","3","camps"
"burnitt","3","burnitt"
"kopmann","3","kopmann"
"chatel","3","chatel"
"grumell","3","grumell"
"tarry","3","tarry"
"tschiersch","3","tschiersch"
"jeannon","3","jeannon"
"domenico","3","domenico"
"pedersen","3","pedersen"
"pattesall","3","pattesall"
"bloyes","3","bloyes"
"tevlin","3","tevlin"
"nelhams","3","nelhams"
"wimbush","3","wimbush"
"ivchenko","3","ivchenko"
"marquet","3","marquet"
"gilleon","3","gilleon"
"bogie","3","bogie"
"werrett","3","werrett"
"gregolotti","3","gregolotti"
"gascar","3","gascar"
"clair","3","clair"
"hercock","3","hercock"
"blazic","3","blazic"
"lavis","3","lavis"
"lund","3","lund"
"woller","3","woller"
"archibould","3","archibould"
"kalkofen","3","kalkofen"
"nowill","3","nowill"
"purcell","3","purcell"
"egger","3","egger"
"alejandri","3","alejandri"
"meaney","3","meaney"
"sibthorp","3","sibthorp"
"madgin","3","madgin"
"skells","3","skells"
"brusby","3","brusby"
"oylett","3","oylett"
"scholer","3","scholer"
"hearsey","3","hearsey"
"digges","3","digges"
"meigh","3","meigh"
"bancroft","3","bancroft"
"heighton","3","heighton"
"rubenczyk","3","rubenczyk"
"deniscke","3","deniscke"
"matus","3","matus"
"sobey","3","sobey"
"stonehewer","3","stonehewer"
"conroy","3","conroy"
"kitching","3","kitching"
"hawtrey","3","hawtrey"
"dufall","3","dufall"
"twigger","3","twigger"
"aspling","3","aspling"
"overal","3","overal"
"vanes","3","vanes"
"gallifont","3","gallifont"
"poschel","3","poschel"
"blase","3","blase"
"papis","3","papis"
"redshaw","3","redshaw"
"blayd","3","blayd"
"guyer","3","guyer"
"teggin","3","teggin"
"oloshin","3","oloshin"
"moisey","3","moisey"
"dunn","3","dunn"
"lassells","3","lassells"
"simonetto","3","simonetto"
"ker","3","ker"
"droghan","3","droghan"
"boundey","3","boundey"
"meeson","3","meeson"
"adamo","3","adamo"
"cuseick","3","cuseick"
"dufour","3","dufour"
"hurn","3","hurn"
"romeuf","3","romeuf"
"gillions","3","gillions"
"froud","3","froud"
"starten","3","starten"
"lampke","3","lampke"
"bolin","3","bolin"
"cello","3","cello"
"monelli","3","monelli"
"feldharker","3","feldharker"
"scotney","3","scotney"
"ottam","3","ottam"
"giffkins","3","giffkins"
"frome","3","frome"
"blofield","3","blofield"
"knyvett","3","knyvett"
"mountcastle","3","mountcastle"
"shalloo","3","shalloo"
"richel","3","richel"
"micka","3","micka"
"wellsman","3","wellsman"
"fone","3","fone"
"stower","3","stower"
"haskur","3","haskur"
"truelove","3","truelove"
"chaudrelle","3","chaudrelle"
"aronstein","3","aronstein"
"guesford","3","guesford"
"fay","3","fay"
"stitle","3","stitle"
"harral","3","harral"
"spalding","3","spalding"
"nipper","3","nipper"
"curmi","3","curmi"
"kelberer","3","kelberer"
"lanaway","3","lanaway"
"barber","3","barber"
"ridesdale","3","ridesdale"
"danilchev","3","danilchev"
"glendzer","3","glendzer"
"bernardoni","3","bernardoni"
"kristoffersen","3","kristoffersen"
"champken","3","champken"
"livezey","3","livezey"
"stonbridge","3","stonbridge"
"andreassen","3","andreassen"
"gilbey","3","gilbey"
"colicot","3","colicot"
"merrilees","3","merrilees"
"alcido","3","alcido"
"navarijo","3","navarijo"
"checo","3","checo"
"haruard","3","haruard"
"davioud","3","davioud"
"pauleit","3","pauleit"
"dilnot","3","dilnot"
"allcroft","3","allcroft"
"garlic","3","garlic"
"daft","3","daft"
"storcke","3","storcke"
"strettell","3","strettell"
"gosford","3","gosford"
"robjohns","3","robjohns"
"cicero","3","cicero"
"tommen","3","tommen"
"urling","3","urling"
"hancill","3","hancill"
"jaze","3","jaze"
"kelling","3","kelling"
"gilkes","3","gilkes"
"rockell","3","rockell"
"molden","3","molden"
"killshaw","3","killshaw"
"stutter","3","stutter"
"bierling","3","bierling"
"acock","3","acock"
"kybird","3","kybird"
"mackison","3","mackison"
"primak","3","primak"
"arblaster","3","arblaster"
"headrick","3","headrick"
"cypler","3","cypler"
"labrenz","3","labrenz"
"mckerrow","3","mckerrow"
"egan","3","egan"
"lowson","3","lowson"
"clapperton","3","clapperton"
"spencley","3","spencley"
"kubik","3","kubik"
"bulfoot","3","bulfoot"
"garden","3","garden"
"gryglewski","3","gryglewski"
"criple","3","criple"
"tharme","3","tharme"
"doick","3","doick"
"raywood","3","raywood"
"marshalleck","3","marshalleck"
"windybank","3","windybank"
"jozsa","3","jozsa"
"ingamells","3","ingamells"
"jablonski","3","jablonski"
"thumnel","3","thumnel"
"glennie","3","glennie"
"hail","3","hail"
"kollatsch","3","kollatsch"
"silcocks","3","silcocks"
"cobden","3","cobden"
"leftridge","3","leftridge"
"mcgrath","3","mcgrath"
"tathacott","3","tathacott"
"mouan","3","mouan"
"berriball","3","berriball"
"trinder","3","trinder"
"bucktharp","3","bucktharp"
"mcclune","3","mcclune"
"stoffersen","3","stoffersen"
"sange","3","sange"
"pettendrich","3","pettendrich"
"karolowski","3","karolowski"
"joney","3","joney"
"eburne","3","eburne"
"hellin","3","hellin"
"cleugh","3","cleugh"
"o' flaherty","3","o' flaherty"
"bleasdale","3","bleasdale"
"giron","3","giron"
"reichelt","3","reichelt"
"adderson","3","adderson"
"bordes","3","bordes"
"rivard","3","rivard"
"wareing","3","wareing"
"hymus","3","hymus"
"sully","3","sully"
"ojeda","3","ojeda"
"mccalister","3","mccalister"
"scawn","3","scawn"
"lockhead","3","lockhead"
"mcarthur","3","mcarthur"
"reap","3","reap"
"maidlow","3","maidlow"
"horbart","3","horbart"
"burnsall","3","burnsall"
"mc elory","3","mc elory"
"mackro","3","mackro"
"bartolomucci","3","bartolomucci"
"lathwood","3","lathwood"
"koschke","3","koschke"
"denyakin","3","denyakin"
"snarie","3","snarie"
"gerrey","3","gerrey"
"storm","3","storm"
"readings","3","readings"
"bishop","3","bishop"
"postles","3","postles"
"maceveley","3","maceveley"
"nassy","3","nassy"
"stithe","3","stithe"
"loody","3","loody"
"lum","3","lum"
"harbidge","3","harbidge"
"grute","3","grute"
"savatier","3","savatier"
"doughton","3","doughton"
"abram","3","abram"
"caswill","3","caswill"
"guidelli","3","guidelli"
"kharchinski","3","kharchinski"
"spiby","3","spiby"
"liddard","3","liddard"
"eccles","3","eccles"
"dmitrievski","3","dmitrievski"
"fruin","3","fruin"
"bowld","3","bowld"
"marcone","3","marcone"
"musprat","3","musprat"
"hutfield","3","hutfield"
"linner","3","linner"
"mathouse","3","mathouse"
"grzeszczak","3","grzeszczak"
"sleney","3","sleney"
"batham","3","batham"
"spanswick","3","spanswick"
"santhouse","3","santhouse"
"macfadzan","3","macfadzan"
"goracci","3","goracci"
"roycroft","3","roycroft"
"gonzalo","3","gonzalo"
"trickett","3","trickett"
"matokhnin","3","matokhnin"
"boatwright","3","boatwright"
"macdearmont","3","macdearmont"
"batie","3","batie"
"killik","3","killik"
"sollowaye","3","sollowaye"
"else","3","else"
"stit","3","stit"
"flahy","3","flahy"
"camacho","3","camacho"
"stidston","3","stidston"
"matherson","3","matherson"
"yarwood","3","yarwood"
"stanborough","3","stanborough"
"poznanski","3","poznanski"
"cacacie","3","cacacie"
"leary","3","leary"
"murcott","3","murcott"
"spurriar","3","spurriar"
"ties","3","ties"
"counter","3","counter"
"bellhouse","3","bellhouse"
"farr","3","farr"
"ivey","3","ivey"
"hannigane","3","hannigane"
"klaes","3","klaes"
"moretto","3","moretto"
"keningley","3","keningley"
"yantsev","3","yantsev"
"hupe","3","hupe"
"leathem","3","leathem"
"healeas","3","healeas"
"vogl","3","vogl"
"rowler","3","rowler"
"greenough","3","greenough"
"mcenhill","3","mcenhill"
"nettleship","3","nettleship"
"jeacop","3","jeacop"
"trevarthen","3","trevarthen"
"buckley","3","buckley"
"perone","3","perone"
"chambers","3","chambers"
"mcileen","3","mcileen"
"joice","3","joice"
"lindstrom","3","lindstrom"
"fumagall","3","fumagall"
"baseke","3","baseke"
"andrag","3","andrag"
"cometto","3","cometto"
"bauser","3","bauser"
"drackford","3","drackford"
"gramer","3","gramer"
"rohlfing","3","rohlfing"
"swetland","3","swetland"
"fitzsymonds","3","fitzsymonds"
"akast","3","akast"
"duckerin","3","duckerin"
"vail","3","vail"
"currington","3","currington"
"stanway","3","stanway"
"stollman","3","stollman"
"aldritt","3","aldritt"
"jankowski","3","jankowski"
"agus","3","agus"
"trodden","3","trodden"
"eyeington","3","eyeington"
"suttie","3","suttie"
"galego","3","galego"
"renner","3","renner"
"tooke","3","tooke"
"shakesbye","3","shakesbye"
"cotton","3","cotton"
"rivilis","3","rivilis"
"nisbith","3","nisbith"
"yorston","3","yorston"
"pinnegar","3","pinnegar"
"parlott","3","parlott"
"folger","3","folger"
"alden","3","alden"
"aldren","3","aldren"
"getten","3","getten"
"lashford","3","lashford"
"whimper","3","whimper"
"racine","3","racine"
"fearick","3","fearick"
"shipway","3","shipway"
"veldens","3","veldens"
"rothermel","3","rothermel"
"priddle","3","priddle"
"penning","3","penning"
"husthwaite","3","husthwaite"
"benford","3","benford"
"haine","3","haine"
"allmark","3","allmark"
"wolford","3","wolford"
"sineath","3","sineath"
"denman","3","denman"
"tressler","3","tressler"
"deniske","3","deniske"
"guillet","3","guillet"
"sidebotham","3","sidebotham"
"cantua","3","cantua"
"tonnesen","3","tonnesen"
"gook","3","gook"
"whatley","3","whatley"
"drissell","3","drissell"
"kohrs","3","kohrs"
"milch","3","milch"
"filip","3","filip"
"carcas","3","carcas"
"sadler","3","sadler"
"mccleary","3","mccleary"
"gander","3","gander"
"gee","3","gee"
"morrant","3","morrant"
"siburn","3","siburn"
"ebi","3","ebi"
"gocke","3","gocke"
"jean","3","jean"
"marielle","3","marielle"
"drees","3","drees"
"evason","3","evason"
"matthai","3","matthai"
"otter","3","otter"
"bradick","3","bradick"
"willshere","3","willshere"
"duffitt","3","duffitt"
"doward","3","doward"
"pattesall","3","pattesall"
"la grange","3","la grange"
"wylie","3","wylie"
"connop","3","connop"
"beinke","3","beinke"
"blockley","3","blockley"
"norwell","3","norwell"
"ruit","3","ruit"
"geoghegan","3","geoghegan"
"dunhill","3","dunhill"
"oughton","3","oughton"
"joul","3","joul"
"de michele","3","de michele"
"lavin","3","lavin"
"toop","3","toop"
"tudbald","3","tudbald"
"zamorrano","3","zamorrano"
"beddow","3","beddow"
"eassom","3","eassom"
"mitchenson","3","mitchenson"
"bisco","3","bisco"
"trew","3","trew"
"anderson","3","anderson"
"huggens","3","huggens"
"swatton","3","swatton"
"detoc","3","detoc"
"seater","3","seater"
"capineer","3","capineer"
"rubra","3","rubra"
"grievson","3","grievson"
"meaden","3","meaden"
"orum","3","orum"
"rhymes","3","rhymes"
"eastabrook","3","eastabrook"
"lambertz","3","lambertz"
"sussams","3","sussams"
"sleit","3","sleit"
"atton","3","atton"
"sighart","3","sighart"
"philott","3","philott"
"skellion","3","skellion"
"buesden","3","buesden"
"younger","3","younger"
"skippings","3","skippings"
"sambrok","3","sambrok"
"galiero","3","galiero"
"shellum","3","shellum"
"keeton","3","keeton"
"mayston","3","mayston"
"humfrey","3","humfrey"
"hildrew","3","hildrew"
"durran","3","durran"
"walentynowicz","3","walentynowicz"
"divina","3","divina"
"souza","3","souza"
"robertelli","3","robertelli"
"biggs","3","biggs"
"matuszinski","3","matuszinski"
"gabits","3","gabits"
"paolacci","3","paolacci"
"lancaster","3","lancaster"
"grewer","3","grewer"
"siebart","3","siebart"
"houldcroft","3","houldcroft"
"stickel","3","stickel"
"fitchen","3","fitchen"
"oxlade","3","oxlade"
"covotti","3","covotti"
"macphee","3","macphee"
"dimitriou","3","dimitriou"
"luis","3","luis"
"weeds","3","weeds"
"worman","3","worman"
"bollins","3","bollins"
"moquin","3","moquin"
"clevely","3","clevely"
"sanham","3","sanham"
"trenouth","3","trenouth"
"halleybone","3","halleybone"
"rodd","3","rodd"
"peasgood","3","peasgood"
"clowsley","3","clowsley"
"pratte","3","pratte"
"yedall","3","yedall"
"abbotson","3","abbotson"
"landsberg","3","landsberg"
"jeskins","3","jeskins"
"gullefant","3","gullefant"
"skym","3","skym"
"atterley","3","atterley"
"buscombe","3","buscombe"
"tarbett","3","tarbett"
"eastup","3","eastup"
"verbeke","3","verbeke"
"gallant","3","gallant"
"inglesant","3","inglesant"
"keeltagh","3","keeltagh"
"drinkhall","3","drinkhall"
"lathwell","3","lathwell"
"backe","3","backe"
"lydster","3","lydster"
"corzor","3","corzor"
"verdon","3","verdon"
"poltun","3","poltun"
"reicharz","3","reicharz"
"patry","3","patry"
"beilby","3","beilby"
"barthorpe","3","barthorpe"
"ranyard","3","ranyard"
"whitlam","3","whitlam"
"lanceley","3","lanceley"
"odams","3","odams"
"brumhead","3","brumhead"
"bensusan","3","bensusan"
"bondley","3","bondley"
"couchman","3","couchman"
"piell","3","piell"
"lenoir","3","lenoir"
"bruntje","3","bruntje"
"spat","3","spat"
"clatworthy","3","clatworthy"
"fisher","3","fisher"
"varden","3","varden"
"flagg","3","flagg"
"hanes","3","hanes"
"perassi","3","perassi"
"lilie","3","lilie"
"grolmann","3","grolmann"
"rickesies","3","rickesies"
"weare","3","weare"
"weddeburn","3","weddeburn"
"freed","3","freed"
"o' culligan","3","o' culligan"
"pischel","3","pischel"
"hartwell","3","hartwell"
"gencke","3","gencke"
"haller","3","haller"
"brugsma","3","brugsma"
"brind","3","brind"
"tuma","3","tuma"
"hupe","3","hupe"
"cameron","3","cameron"
"fleis","3","fleis"
"armes","3","armes"
"bond","3","bond"
"queste","3","queste"
"allan","3","allan"
"egar","3","egar"
"spawton","3","spawton"
"wooster","3","wooster"
"chartres","3","chartres"
"windridge","3","windridge"
"macpaik","3","macpaik"
"mauchlen","3","mauchlen"
"klemz","3","klemz"
"kubala","3","kubala"
"ulyet","3","ulyet"
"hairsnape","3","hairsnape"
"eastam","3","eastam"
"fulleylove","3","fulleylove"
"everwin","3","everwin"
"bendley","3","bendley"
"spearman","3","spearman"
"storton","3","storton"
"aspey","3","aspey"
"philipsohn","3","philipsohn"
"adkins","3","adkins"
"mordey","3","mordey"
"coles","3","coles"
"ivatts","3","ivatts"
"griss","3","griss"
"chatband","3","chatband"
"standbrook","3","standbrook"
"attkins","3","attkins"
"haddrill","3","haddrill"
"garey","3","garey"
"wilce","3","wilce"
"mellsop","3","mellsop"
"trenouth","3","trenouth"
"elles","3","elles"
"howgill","3","howgill"
"rawlcliffe","3","rawlcliffe"
"hatcher","3","hatcher"
"lethibridge","3","lethibridge"
"mettrick","3","mettrick"
"casacchia","3","casacchia"
"plunket","3","plunket"
"strainge","3","strainge"
"origin","3","origin"
"thorold","3","thorold"
"galbraith","3","galbraith"
"fullard","3","fullard"
"girtin","3","girtin"
"tittershill","3","tittershill"
"booker","3","booker"
"throughton","3","throughton"
"maccaughey","3","maccaughey"
"standering","3","standering"
"hoppner","3","hoppner"
"recke","3","recke"
"racine","3","racine"
"slamaker","3","slamaker"
"gathwaite","3","gathwaite"
"jorry","3","jorry"
"moller","3","moller"
"merrien","3","merrien"
"kolakovic","3","kolakovic"
"kehri","3","kehri"
"ruckledge","3","ruckledge"
"downe","3","downe"
"shelford","3","shelford"
"ralton","3","ralton"
"tollemache","3","tollemache"
"roussel","3","roussel"
"poure","3","poure"
"mackleden","3","mackleden"
"mcquilty","3","mcquilty"
"formoy","3","formoy"
"pawsey","3","pawsey"
"dominik","3","dominik"
"lynagh","3","lynagh"
"reye","3","reye"
"fasham","3","fasham"
"delgua","3","delgua"
"putley","3","putley"
"lawrinson","3","lawrinson"
"archley","3","archley"
"howell","3","howell"
"pagden","3","pagden"
"passion","3","passion"
"bridson","3","bridson"
"bottell","3","bottell"
"boulder","3","boulder"
"fulks","3","fulks"
"willbourne","3","willbourne"
"sails","3","sails"
"andrey","3","andrey"
"geldert","3","geldert"
"yeandel","3","yeandel"
"panas","3","panas"
"bonnick","3","bonnick"
"phebee","3","phebee"
"eden","3","eden"
"darker","3","darker"
"dumbleton","3","dumbleton"
"veque","3","veque"
"skittle","3","skittle"
"aldred","3","aldred"
"rowbottam","3","rowbottam"
"juggings","3","juggings"
"somerfield","3","somerfield"
"chantler","3","chantler"
"huggens","3","huggens"
"gibbins","3","gibbins"
"van den oord","3","van den oord"
"stares","3","stares"
"keelan","3","keelan"
"mcbrearty","3","mcbrearty"
"meek","3","meek"
"costell","3","costell"
"twell","3","twell"
"etchingham","3","etchingham"
"o'gormley","3","o'gormley"
"farlham","3","farlham"
"knee","3","knee"
"tebbitt","3","tebbitt"
"mayow","3","mayow"
"mackeller","3","mackeller"
"long","3","long"
"imlacke","3","imlacke"
"sandry","3","sandry"
"saker","3","saker"
"barnet","3","barnet"
"lound","3","lound"
"shoreman","3","shoreman"
"marchington","3","marchington"
"calken","3","calken"
"polo","3","polo"
"ionesco","3","ionesco"
"pellew","3","pellew"
"prangley","3","prangley"
"rapley","3","rapley"
"stansbie","3","stansbie"
"schaffler","3","schaffler"
"petrik","3","petrik"
"mum","3","mum"
"satterfitt","3","satterfitt"
"glasscott","3","glasscott"
"cleworth","3","cleworth"
"compston","3","compston"
"karleman","3","karleman"
"l'hommee","3","l'hommee"
"kilbride","3","kilbride"
"sapauton","3","sapauton"
"adrienne","3","adrienne"
"al hirsi","3","al hirsi"
"salsberg","3","salsberg"
"wallenger","3","wallenger"
"lowe","3","lowe"
"flannigan","3","flannigan"
"gothard","3","gothard"
"goldsworthy","3","goldsworthy"
"ghidelli","3","ghidelli"
"gosneye","3","gosneye"
"parmenter","3","parmenter"
"kastel","3","kastel"
"mckyrrelly","3","mckyrrelly"
"pool","3","pool"
"dinsmore","3","dinsmore"
"branscomb","3","branscomb"
"lernihan","3","lernihan"
"peetermann","3","peetermann"
"lightoller","3","lightoller"
"clougher","3","clougher"
"egginson","3","egginson"
"ternott","3","ternott"
"renak","3","renak"
"deal","3","deal"
"hanrott","3","hanrott"
"gounet","3","gounet"
"corsor","3","corsor"
"wytchard","3","wytchard"
"daskiewicz","3","daskiewicz"
"cram","3","cram"
"tyer","3","tyer"
"jeffs","3","jeffs"
"lindenstrauss","3","lindenstrauss"
"hurburt","3","hurburt"
"gelling","3","gelling"
"bachelar","3","bachelar"
"haldin","3","haldin"
"cadany","3","cadany"
"fennelly","3","fennelly"
"wordsley","3","wordsley"
"sheppard","3","sheppard"
"curless","3","curless"
"nestoruk","3","nestoruk"
"spere","3","spere"
"ovesen","3","ovesen"
"handke","3","handke"
"babington","3","babington"
"medler","3","medler"
"bothram","3","bothram"
"andrieux","3","andrieux"
"eskrigg","3","eskrigg"
"siely","3","siely"
"nears","3","nears"
"whitsey","3","whitsey"
"charrington","3","charrington"
"axston","3","axston"
"boag","3","boag"
"botwright","3","botwright"
"grzesiewicz","3","grzesiewicz"
"vlasyev","3","vlasyev"
"berrygun","3","berrygun"
"lammerts","3","lammerts"
"starsmore","3","starsmore"
"lound","3","lound"
"leak","3","leak"
"maxstead","3","maxstead"
"peddie","3","peddie"
"hartnup","3","hartnup"
"hurdman","3","hurdman"
"dunleavy","3","dunleavy"
"papaminas","3","papaminas"
"swinburne","3","swinburne"
"lodevick","3","lodevick"
"simonassi","3","simonassi"
"gadney","3","gadney"
"ismead","3","ismead"
"gowlett","3","gowlett"
"gerriets","3","gerriets"
"killik","3","killik"
"mailes","3","mailes"
"dulanty","3","dulanty"
"leeman","3","leeman"
"garrick","3","garrick"
"ferreo","3","ferreo"
"greenman","3","greenman"
"ridgedell","3","ridgedell"
"sidsaff","3","sidsaff"
"rafter","3","rafter"
"epton","3","epton"
"mcalpin","3","mcalpin"
"dudbridge","3","dudbridge"
"radoux","3","radoux"
"wardle","3","wardle"
"smallshaw","3","smallshaw"
"mconie","3","mconie"
"schirach","3","schirach"
"bettesworth","3","bettesworth"
"kleinsinger","3","kleinsinger"
"chmiel","3","chmiel"
"kidson","3","kidson"
"heake","3","heake"
"hagart","3","hagart"
"canadas","3","canadas"
"pitrelli","3","pitrelli"
"swash","3","swash"
"mckinn","3","mckinn"
"perfect","3","perfect"
"pandya","3","pandya"
"satch","3","satch"
"de witt","3","de witt"
"achurch","3","achurch"
"bexon","3","bexon"
"sopp","3","sopp"
"mewe","3","mewe"
"shetliff","3","shetliff"
"durward","3","durward"
"philippe","3","philippe"
"crofthwaite","3","crofthwaite"
"bark","3","bark"
"derby","3","derby"
"posner","3","posner"
"gilbart","3","gilbart"
"mackean","3","mackean"
"conaghan","3","conaghan"
"mcwhan","3","mcwhan"
"pye","3","pye"
"fawdry","3","fawdry"
"ashwood","3","ashwood"
"dalyiel","3","dalyiel"
"sherebrook","3","sherebrook"
"pulteneye","3","pulteneye"
"gason","3","gason"
"ugo","3","ugo"
"bennen","3","bennen"
"mckeag","3","mckeag"
"mccheyne","3","mccheyne"
"koubu","3","koubu"
"potten","3","potten"
"oultram","3","oultram"
"cucinotta","3","cucinotta"
"cardis","3","cardis"
"de freyne","3","de freyne"
"yarnton","3","yarnton"
"mottershead","3","mottershead"
"greatham","3","greatham"
"cutchee","3","cutchee"
"o'reilly","3","o'reilly"
"berthon","3","berthon"
"caistor","3","caistor"
"hurdman","3","hurdman"
"maile","3","maile"
"brooksbie","3","brooksbie"
"rockey","3","rockey"
"ceeley","3","ceeley"
"lammin","3","lammin"
"adelberg","3","adelberg"
"dymond","3","dymond"
"gouldbourn","3","gouldbourn"
"oxbe","3","oxbe"
