[ {
  "id" : "5ba8bf71-4552-11e7-87c5-199fe271b3e3",
  "name" : "FirstNames",
  "workspace" : "f4b11b70-454f-11e7-b227-6da96d56a40b",
  "properties" : {
    "language" : "EN"
  },
  "posCodes" : [ {
    "id" : "1",
    "name" : "Pronoun"
  }, {
    "id" : "2",
    "name" : "Verb"
  }, {
    "id" : "3",
    "name" : "Noun"
  }, {
    "id" : "4",
    "name" : "Adjective"
  }, {
    "id" : "5",
    "name" : "Adverb"
  }, {
    "id" : "6",
    "name" : "Adposition"
  }, {
    "id" : "7",
    "name" : "Interjection"
  }, {
    "id" : "8",
    "name" : "Conjunction"
  }, {
    "id" : "9",
    "name" : "Determiner"
  }, {
    "id" : "10",
    "name" : "Quantifier"
  }, {
    "id" : "0",
    "name" : "Unknown"
  } ],
  "numItems" : 1000
}, {
  "id" : "643306f1-4552-11e7-8111-230ebe3ce501",
  "name" : "LastNames",
  "workspace" : "f4b11b70-454f-11e7-b227-6da96d56a40b",
  "properties" : {
    "language" : "EN"
  },
  "posCodes" : [ {
    "id" : "1",
    "name" : "Pronoun"
  }, {
    "id" : "2",
    "name" : "Verb"
  }, {
    "id" : "3",
    "name" : "Noun"
  }, {
    "id" : "4",
    "name" : "Adjective"
  }, {
    "id" : "5",
    "name" : "Adverb"
  }, {
    "id" : "6",
    "name" : "Adposition"
  }, {
    "id" : "7",
    "name" : "Interjection"
  }, {
    "id" : "8",
    "name" : "Conjunction"
  }, {
    "id" : "9",
    "name" : "Determiner"
  }, {
    "id" : "10",
    "name" : "Quantifier"
  }, {
    "id" : "0",
    "name" : "Unknown"
  } ],
  "numItems" : 1000
} ]