{
  "id" : "41e22e20-457d-11e7-b399-3b8bd8e6a612-41",
  "name" : "doc3-41",
  "version" : 3,
  "text" : "Add Marcie Rosencrantz with PL Policy Number of 050-632-200 and company policy of UL51843.",
  "docLength" : 0,
  "language" : "EN",
  "status" : "SUBMITTED",
  "modifiedDate" : 1496180007005,
  "documentSet" : [ ],
  "preannotation" : [ "PRE_SIRE" ],
  "sentences" : [ {
    "id" : "s0",
    "begin" : 0,
    "end" : 90,
    "text" : "Add Marcie Rosencrantz with PL Policy Number of 050-632-200 and company policy of UL51843.",
    "tokens" : [ {
      "id" : "s0-t0",
      "begin" : 0,
      "end" : 3,
      "text" : "Add",
      "whiteSpace" : false
    }, {
      "id" : "s0-t1",
      "begin" : 4,
      "end" : 10,
      "text" : "Marcie",
      "whiteSpace" : false
    }, {
      "id" : "s0-t2",
      "begin" : 11,
      "end" : 22,
      "text" : "Rosencrantz",
      "whiteSpace" : false
    }, {
      "id" : "s0-t3",
      "begin" : 23,
      "end" : 27,
      "text" : "with",
      "whiteSpace" : false
    }, {
      "id" : "s0-t4",
      "begin" : 28,
      "end" : 30,
      "text" : "PL",
      "whiteSpace" : false
    }, {
      "id" : "s0-t5",
      "begin" : 31,
      "end" : 37,
      "text" : "Policy",
      "whiteSpace" : false
    }, {
      "id" : "s0-t6",
      "begin" : 38,
      "end" : 44,
      "text" : "Number",
      "whiteSpace" : false
    }, {
      "id" : "s0-t7",
      "begin" : 45,
      "end" : 47,
      "text" : "of",
      "whiteSpace" : false
    }, {
      "id" : "s0-t8",
      "begin" : 48,
      "end" : 59,
      "text" : "050-632-200",
      "whiteSpace" : false
    }, {
      "id" : "s0-t9",
      "begin" : 60,
      "end" : 63,
      "text" : "and",
      "whiteSpace" : false
    }, {
      "id" : "s0-t10",
      "begin" : 64,
      "end" : 71,
      "text" : "company",
      "whiteSpace" : false
    }, {
      "id" : "s0-t11",
      "begin" : 72,
      "end" : 78,
      "text" : "policy",
      "whiteSpace" : false
    }, {
      "id" : "s0-t12",
      "begin" : 79,
      "end" : 81,
      "text" : "of",
      "whiteSpace" : false
    }, {
      "id" : "s0-t13",
      "begin" : 82,
      "end" : 89,
      "text" : "UL51843",
      "whiteSpace" : false
    }, {
      "id" : "s0-t14",
      "begin" : 89,
      "end" : 90,
      "text" : ".",
      "whiteSpace" : false
    } ]
  } ],
  "mentions" : [ {
    "id" : "-M0",
    "properties" : {
      "SIRE_MENTION_TYPE" : "NONE",
      "SIRE_MENTION_CLASS" : "SPC",
      "SIRE_ENTITY_LEVEL" : "NONE",
      "SIRE_ENTITY_CLASS" : "SPC",
      "SIRE_MENTION_ROLE" : "First_Name",
      "SIRE_ENTITY_SUBTYPE" : "NONE"
    },
    "type" : "First_Name",
    "begin" : 4,
    "end" : 10,
    "inCoref" : false
  }, {
    "id" : "-M1",
    "properties" : {
      "SIRE_MENTION_TYPE" : "NONE",
      "SIRE_MENTION_CLASS" : "SPC",
      "SIRE_ENTITY_LEVEL" : "NONE",
      "SIRE_ENTITY_CLASS" : "SPC",
      "SIRE_MENTION_ROLE" : "Last_Name",
      "SIRE_ENTITY_SUBTYPE" : "NONE"
    },
    "type" : "Last_Name",
    "begin" : 11,
    "end" : 22,
    "inCoref" : false
  }, {
    "id" : "-M2",
    "properties" : {
      "SIRE_MENTION_TYPE" : "NONE",
      "SIRE_MENTION_CLASS" : "SPC",
      "SIRE_ENTITY_LEVEL" : "NONE",
      "SIRE_ENTITY_CLASS" : "SPC",
      "SIRE_MENTION_ROLE" : "PL_Policy",
      "SIRE_ENTITY_SUBTYPE" : "NONE"
    },
    "type" : "PL_Policy",
    "begin" : 48,
    "end" : 59,
    "inCoref" : false
  }, {
    "id" : "s0-m4",
    "properties" : {
      "SIRE_MENTION_ROLE" : "CL_Policy",
      "SIRE_ENTITY_SUBTYPE" : "NONE",
      "SIRE_MENTION_TYPE" : "NONE",
      "SIRE_MENTION_CLASS" : "SPC"
    },
    "type" : "CL_Policy",
    "begin" : 82,
    "end" : 89,
    "inCoref" : false
  } ],
  "relations" : [ ],
  "corefs" : [ ],
  "typeResolved" : true,
  "userResolved" : false
}