{
  "id" : "41e22e20-457d-11e7-b399-3b8bd8e6a612-2",
  "name" : "doc3-2",
  "version" : 3,
  "text" : "Please add Innis Lawlor to company policy UL42617. PL Policy no is 053-932-600 and operates in zip code 96447 with a VIN number of WBADE6322VBW51982.",
  "docLength" : 0,
  "language" : "EN",
  "status" : "SUBMITTED",
  "modifiedDate" : 1496179517984,
  "documentSet" : [ ],
  "preannotation" : [ "PRE_SIRE" ],
  "sentences" : [ {
    "id" : "s0",
    "begin" : 0,
    "end" : 50,
    "text" : "Please add Innis Lawlor to company policy UL42617.",
    "tokens" : [ {
      "id" : "s0-t0",
      "begin" : 0,
      "end" : 6,
      "text" : "Please",
      "whiteSpace" : false
    }, {
      "id" : "s0-t1",
      "begin" : 7,
      "end" : 10,
      "text" : "add",
      "whiteSpace" : false
    }, {
      "id" : "s0-t2",
      "begin" : 11,
      "end" : 16,
      "text" : "Innis",
      "whiteSpace" : false
    }, {
      "id" : "s0-t3",
      "begin" : 17,
      "end" : 23,
      "text" : "Lawlor",
      "whiteSpace" : false
    }, {
      "id" : "s0-t4",
      "begin" : 24,
      "end" : 26,
      "text" : "to",
      "whiteSpace" : false
    }, {
      "id" : "s0-t5",
      "begin" : 27,
      "end" : 34,
      "text" : "company",
      "whiteSpace" : false
    }, {
      "id" : "s0-t6",
      "begin" : 35,
      "end" : 41,
      "text" : "policy",
      "whiteSpace" : false
    }, {
      "id" : "s0-t7",
      "begin" : 42,
      "end" : 49,
      "text" : "UL42617",
      "whiteSpace" : false
    }, {
      "id" : "s0-t8",
      "begin" : 49,
      "end" : 50,
      "text" : ".",
      "whiteSpace" : false
    } ]
  }, {
    "id" : "s1",
    "begin" : 51,
    "end" : 149,
    "text" : "PL Policy no is 053-932-600 and operates in zip code 96447 with a VIN number of WBADE6322VBW51982.",
    "tokens" : [ {
      "id" : "s1-t0",
      "begin" : 51,
      "end" : 53,
      "text" : "PL",
      "whiteSpace" : false
    }, {
      "id" : "s1-t1",
      "begin" : 54,
      "end" : 60,
      "text" : "Policy",
      "whiteSpace" : false
    }, {
      "id" : "s1-t2",
      "begin" : 61,
      "end" : 63,
      "text" : "no",
      "whiteSpace" : false
    }, {
      "id" : "s1-t3",
      "begin" : 64,
      "end" : 66,
      "text" : "is",
      "whiteSpace" : false
    }, {
      "id" : "s1-t4",
      "begin" : 67,
      "end" : 78,
      "text" : "053-932-600",
      "whiteSpace" : false
    }, {
      "id" : "s1-t5",
      "begin" : 79,
      "end" : 82,
      "text" : "and",
      "whiteSpace" : false
    }, {
      "id" : "s1-t6",
      "begin" : 83,
      "end" : 91,
      "text" : "operates",
      "whiteSpace" : false
    }, {
      "id" : "s1-t7",
      "begin" : 92,
      "end" : 94,
      "text" : "in",
      "whiteSpace" : false
    }, {
      "id" : "s1-t8",
      "begin" : 95,
      "end" : 98,
      "text" : "zip",
      "whiteSpace" : false
    }, {
      "id" : "s1-t9",
      "begin" : 99,
      "end" : 103,
      "text" : "code",
      "whiteSpace" : false
    }, {
      "id" : "s1-t10",
      "begin" : 104,
      "end" : 109,
      "text" : "96447",
      "whiteSpace" : false
    }, {
      "id" : "s1-t11",
      "begin" : 110,
      "end" : 114,
      "text" : "with",
      "whiteSpace" : false
    }, {
      "id" : "s1-t12",
      "begin" : 115,
      "end" : 116,
      "text" : "a",
      "whiteSpace" : false
    }, {
      "id" : "s1-t13",
      "begin" : 117,
      "end" : 120,
      "text" : "VIN",
      "whiteSpace" : false
    }, {
      "id" : "s1-t14",
      "begin" : 121,
      "end" : 127,
      "text" : "number",
      "whiteSpace" : false
    }, {
      "id" : "s1-t15",
      "begin" : 128,
      "end" : 130,
      "text" : "of",
      "whiteSpace" : false
    }, {
      "id" : "s1-t16",
      "begin" : 131,
      "end" : 148,
      "text" : "WBADE6322VBW51982",
      "whiteSpace" : false
    }, {
      "id" : "s1-t17",
      "begin" : 148,
      "end" : 149,
      "text" : ".",
      "whiteSpace" : false
    } ]
  } ],
  "mentions" : [ {
    "id" : "-M0",
    "properties" : {
      "SIRE_MENTION_TYPE" : "NONE",
      "SIRE_MENTION_CLASS" : "SPC",
      "SIRE_ENTITY_LEVEL" : "NONE",
      "SIRE_ENTITY_CLASS" : "SPC",
      "SIRE_MENTION_ROLE" : "First_Name",
      "SIRE_ENTITY_SUBTYPE" : "NONE"
    },
    "type" : "First_Name",
    "begin" : 11,
    "end" : 16,
    "inCoref" : false
  }, {
    "id" : "-M1",
    "properties" : {
      "SIRE_MENTION_TYPE" : "NONE",
      "SIRE_MENTION_CLASS" : "SPC",
      "SIRE_ENTITY_LEVEL" : "NONE",
      "SIRE_ENTITY_CLASS" : "SPC",
      "SIRE_MENTION_ROLE" : "Last_Name",
      "SIRE_ENTITY_SUBTYPE" : "NONE"
    },
    "type" : "Last_Name",
    "begin" : 17,
    "end" : 23,
    "inCoref" : false
  }, {
    "id" : "s0-m3",
    "properties" : {
      "SIRE_MENTION_ROLE" : "CL_Policy",
      "SIRE_ENTITY_SUBTYPE" : "NONE",
      "SIRE_MENTION_TYPE" : "NONE",
      "SIRE_MENTION_CLASS" : "SPC"
    },
    "type" : "CL_Policy",
    "begin" : 42,
    "end" : 49,
    "inCoref" : false
  }, {
    "id" : "-M2",
    "properties" : {
      "SIRE_MENTION_TYPE" : "NONE",
      "SIRE_MENTION_CLASS" : "SPC",
      "SIRE_ENTITY_LEVEL" : "NONE",
      "SIRE_ENTITY_CLASS" : "SPC",
      "SIRE_MENTION_ROLE" : "PL_Policy",
      "SIRE_ENTITY_SUBTYPE" : "NONE"
    },
    "type" : "PL_Policy",
    "begin" : 67,
    "end" : 78,
    "inCoref" : false
  }, {
    "id" : "-M3",
    "properties" : {
      "SIRE_MENTION_ROLE" : "Zip_Code",
      "SIRE_ENTITY_SUBTYPE" : "NONE",
      "SIRE_MENTION_TYPE" : "NONE",
      "SIRE_MENTION_CLASS" : "SPC"
    },
    "type" : "Zip_Code",
    "begin" : 104,
    "end" : 109,
    "inCoref" : false
  }, {
    "id" : "s1-m4",
    "properties" : {
      "SIRE_MENTION_ROLE" : "Vin_Number",
      "SIRE_ENTITY_SUBTYPE" : "NONE",
      "SIRE_MENTION_TYPE" : "NONE",
      "SIRE_MENTION_CLASS" : "SPC"
    },
    "type" : "Vin_Number",
    "begin" : 131,
    "end" : 148,
    "inCoref" : false
  } ],
  "relations" : [ ],
  "corefs" : [ ],
  "typeResolved" : true,
  "userResolved" : false
}