{
  "id" : "41e22e20-457d-11e7-b399-3b8bd8e6a612-56",
  "name" : "doc3-56",
  "version" : 3,
  "text" : "Add Barron Cottom with PL Policy Number of 053-631-300 and company policy of UL52769.",
  "docLength" : 0,
  "language" : "EN",
  "status" : "SUBMITTED",
  "modifiedDate" : 1496180103803,
  "documentSet" : [ ],
  "preannotation" : [ "PRE_SIRE" ],
  "sentences" : [ {
    "id" : "s0",
    "begin" : 0,
    "end" : 85,
    "text" : "Add Barron Cottom with PL Policy Number of 053-631-300 and company policy of UL52769.",
    "tokens" : [ {
      "id" : "s0-t0",
      "begin" : 0,
      "end" : 3,
      "text" : "Add",
      "whiteSpace" : false
    }, {
      "id" : "s0-t1",
      "begin" : 4,
      "end" : 10,
      "text" : "Barron",
      "whiteSpace" : false
    }, {
      "id" : "s0-t2",
      "begin" : 11,
      "end" : 17,
      "text" : "Cottom",
      "whiteSpace" : false
    }, {
      "id" : "s0-t3",
      "begin" : 18,
      "end" : 22,
      "text" : "with",
      "whiteSpace" : false
    }, {
      "id" : "s0-t4",
      "begin" : 23,
      "end" : 25,
      "text" : "PL",
      "whiteSpace" : false
    }, {
      "id" : "s0-t5",
      "begin" : 26,
      "end" : 32,
      "text" : "Policy",
      "whiteSpace" : false
    }, {
      "id" : "s0-t6",
      "begin" : 33,
      "end" : 39,
      "text" : "Number",
      "whiteSpace" : false
    }, {
      "id" : "s0-t7",
      "begin" : 40,
      "end" : 42,
      "text" : "of",
      "whiteSpace" : false
    }, {
      "id" : "s0-t8",
      "begin" : 43,
      "end" : 54,
      "text" : "053-631-300",
      "whiteSpace" : false
    }, {
      "id" : "s0-t9",
      "begin" : 55,
      "end" : 58,
      "text" : "and",
      "whiteSpace" : false
    }, {
      "id" : "s0-t10",
      "begin" : 59,
      "end" : 66,
      "text" : "company",
      "whiteSpace" : false
    }, {
      "id" : "s0-t11",
      "begin" : 67,
      "end" : 73,
      "text" : "policy",
      "whiteSpace" : false
    }, {
      "id" : "s0-t12",
      "begin" : 74,
      "end" : 76,
      "text" : "of",
      "whiteSpace" : false
    }, {
      "id" : "s0-t13",
      "begin" : 77,
      "end" : 84,
      "text" : "UL52769",
      "whiteSpace" : false
    }, {
      "id" : "s0-t14",
      "begin" : 84,
      "end" : 85,
      "text" : ".",
      "whiteSpace" : false
    } ]
  } ],
  "mentions" : [ {
    "id" : "-M0",
    "properties" : {
      "SIRE_MENTION_TYPE" : "NONE",
      "SIRE_MENTION_CLASS" : "SPC",
      "SIRE_ENTITY_LEVEL" : "NONE",
      "SIRE_ENTITY_CLASS" : "SPC",
      "SIRE_MENTION_ROLE" : "First_Name",
      "SIRE_ENTITY_SUBTYPE" : "NONE"
    },
    "type" : "First_Name",
    "begin" : 4,
    "end" : 10,
    "inCoref" : false
  }, {
    "id" : "-M1",
    "properties" : {
      "SIRE_MENTION_TYPE" : "NONE",
      "SIRE_MENTION_CLASS" : "SPC",
      "SIRE_ENTITY_LEVEL" : "NONE",
      "SIRE_ENTITY_CLASS" : "SPC",
      "SIRE_MENTION_ROLE" : "Last_Name",
      "SIRE_ENTITY_SUBTYPE" : "NONE"
    },
    "type" : "Last_Name",
    "begin" : 11,
    "end" : 17,
    "inCoref" : false
  }, {
    "id" : "-M2",
    "properties" : {
      "SIRE_MENTION_TYPE" : "NONE",
      "SIRE_MENTION_CLASS" : "SPC",
      "SIRE_ENTITY_LEVEL" : "NONE",
      "SIRE_ENTITY_CLASS" : "SPC",
      "SIRE_MENTION_ROLE" : "PL_Policy",
      "SIRE_ENTITY_SUBTYPE" : "NONE"
    },
    "type" : "PL_Policy",
    "begin" : 43,
    "end" : 54,
    "inCoref" : false
  }, {
    "id" : "s0-m4",
    "properties" : {
      "SIRE_MENTION_ROLE" : "CL_Policy",
      "SIRE_ENTITY_SUBTYPE" : "NONE",
      "SIRE_MENTION_TYPE" : "NONE",
      "SIRE_MENTION_CLASS" : "SPC"
    },
    "type" : "CL_Policy",
    "begin" : 77,
    "end" : 84,
    "inCoref" : false
  } ],
  "relations" : [ ],
  "corefs" : [ ],
  "typeResolved" : true,
  "userResolved" : false
}