{
  "id" : "41e22e20-457d-11e7-b399-3b8bd8e6a612-22",
  "name" : "doc3-22",
  "version" : 3,
  "text" : "Add Obadias Aldus who operates in zip code 91770 with a VIN number of JH4DB1650LS007249.",
  "docLength" : 0,
  "language" : "EN",
  "status" : "SUBMITTED",
  "modifiedDate" : 1496179550615,
  "documentSet" : [ ],
  "preannotation" : [ "PRE_SIRE" ],
  "sentences" : [ {
    "id" : "s0",
    "begin" : 0,
    "end" : 88,
    "text" : "Add Obadias Aldus who operates in zip code 91770 with a VIN number of JH4DB1650LS007249.",
    "tokens" : [ {
      "id" : "s0-t0",
      "begin" : 0,
      "end" : 3,
      "text" : "Add",
      "whiteSpace" : false
    }, {
      "id" : "s0-t1",
      "begin" : 4,
      "end" : 11,
      "text" : "Obadias",
      "whiteSpace" : false
    }, {
      "id" : "s0-t2",
      "begin" : 12,
      "end" : 17,
      "text" : "Aldus",
      "whiteSpace" : false
    }, {
      "id" : "s0-t3",
      "begin" : 18,
      "end" : 21,
      "text" : "who",
      "whiteSpace" : false
    }, {
      "id" : "s0-t4",
      "begin" : 22,
      "end" : 30,
      "text" : "operates",
      "whiteSpace" : false
    }, {
      "id" : "s0-t5",
      "begin" : 31,
      "end" : 33,
      "text" : "in",
      "whiteSpace" : false
    }, {
      "id" : "s0-t6",
      "begin" : 34,
      "end" : 37,
      "text" : "zip",
      "whiteSpace" : false
    }, {
      "id" : "s0-t7",
      "begin" : 38,
      "end" : 42,
      "text" : "code",
      "whiteSpace" : false
    }, {
      "id" : "s0-t8",
      "begin" : 43,
      "end" : 48,
      "text" : "91770",
      "whiteSpace" : false
    }, {
      "id" : "s0-t9",
      "begin" : 49,
      "end" : 53,
      "text" : "with",
      "whiteSpace" : false
    }, {
      "id" : "s0-t10",
      "begin" : 54,
      "end" : 55,
      "text" : "a",
      "whiteSpace" : false
    }, {
      "id" : "s0-t11",
      "begin" : 56,
      "end" : 59,
      "text" : "VIN",
      "whiteSpace" : false
    }, {
      "id" : "s0-t12",
      "begin" : 60,
      "end" : 66,
      "text" : "number",
      "whiteSpace" : false
    }, {
      "id" : "s0-t13",
      "begin" : 67,
      "end" : 69,
      "text" : "of",
      "whiteSpace" : false
    }, {
      "id" : "s0-t14",
      "begin" : 70,
      "end" : 87,
      "text" : "JH4DB1650LS007249",
      "whiteSpace" : false
    }, {
      "id" : "s0-t15",
      "begin" : 87,
      "end" : 88,
      "text" : ".",
      "whiteSpace" : false
    } ]
  } ],
  "mentions" : [ {
    "id" : "-M0",
    "properties" : {
      "SIRE_MENTION_TYPE" : "NONE",
      "SIRE_MENTION_CLASS" : "SPC",
      "SIRE_ENTITY_LEVEL" : "NONE",
      "SIRE_ENTITY_CLASS" : "SPC",
      "SIRE_MENTION_ROLE" : "First_Name",
      "SIRE_ENTITY_SUBTYPE" : "NONE"
    },
    "type" : "First_Name",
    "begin" : 4,
    "end" : 11,
    "inCoref" : false
  }, {
    "id" : "-M1",
    "properties" : {
      "SIRE_MENTION_TYPE" : "NONE",
      "SIRE_MENTION_CLASS" : "SPC",
      "SIRE_ENTITY_LEVEL" : "NONE",
      "SIRE_ENTITY_CLASS" : "SPC",
      "SIRE_MENTION_ROLE" : "Last_Name",
      "SIRE_ENTITY_SUBTYPE" : "NONE"
    },
    "type" : "Last_Name",
    "begin" : 12,
    "end" : 17,
    "inCoref" : false
  }, {
    "id" : "-M2",
    "properties" : {
      "SIRE_MENTION_ROLE" : "Zip_Code",
      "SIRE_ENTITY_SUBTYPE" : "NONE",
      "SIRE_MENTION_TYPE" : "NONE",
      "SIRE_MENTION_CLASS" : "SPC"
    },
    "type" : "Zip_Code",
    "begin" : 43,
    "end" : 48,
    "inCoref" : false
  }, {
    "id" : "s0-m5",
    "properties" : {
      "SIRE_MENTION_ROLE" : "Vin_Number",
      "SIRE_ENTITY_SUBTYPE" : "NONE",
      "SIRE_MENTION_TYPE" : "NONE",
      "SIRE_MENTION_CLASS" : "SPC"
    },
    "type" : "Vin_Number",
    "begin" : 70,
    "end" : 87,
    "inCoref" : false
  } ],
  "relations" : [ ],
  "corefs" : [ ],
  "typeResolved" : true,
  "userResolved" : false
}