{
  "id" : "52e8a6a0-456d-11e7-96e5-73faef245a10-7",
  "name" : "Doc2-7",
  "version" : 3,
  "text" : "Delete Anett Vinter from fleet policy #: UL31512 , car policy: 051-634-200, zip: 95900, VIN: 1FDNX20P14EA23057, License: 5496243, P#:(359) 697-9011 Appreciate it.",
  "docLength" : 0,
  "language" : "EN",
  "status" : "SUBMITTED",
  "modifiedDate" : 1496172927448,
  "documentSet" : [ ],
  "preannotation" : [ "PRE_SIRE" ],
  "sentences" : [ {
    "id" : "s0",
    "begin" : 0,
    "end" : 162,
    "text" : "Delete Anett Vinter from fleet policy #: UL31512 , car policy: 051-634-200, zip: 95900, VIN: 1FDNX20P14EA23057, License: 5496243, P#:(359) 697-9011 Appreciate it.",
    "tokens" : [ {
      "id" : "s0-t0",
      "begin" : 0,
      "end" : 6,
      "text" : "Delete",
      "whiteSpace" : false
    }, {
      "id" : "s0-t1",
      "begin" : 7,
      "end" : 12,
      "text" : "Anett",
      "whiteSpace" : false
    }, {
      "id" : "s0-t2",
      "begin" : 13,
      "end" : 19,
      "text" : "Vinter",
      "whiteSpace" : false
    }, {
      "id" : "s0-t3",
      "begin" : 20,
      "end" : 24,
      "text" : "from",
      "whiteSpace" : false
    }, {
      "id" : "s0-t4",
      "begin" : 25,
      "end" : 30,
      "text" : "fleet",
      "whiteSpace" : false
    }, {
      "id" : "s0-t5",
      "begin" : 31,
      "end" : 37,
      "text" : "policy",
      "whiteSpace" : false
    }, {
      "id" : "s0-t6",
      "begin" : 38,
      "end" : 40,
      "text" : "#:",
      "whiteSpace" : false
    }, {
      "id" : "s0-t7",
      "begin" : 41,
      "end" : 48,
      "text" : "UL31512",
      "whiteSpace" : false
    }, {
      "id" : "s0-t8",
      "begin" : 49,
      "end" : 50,
      "text" : ",",
      "whiteSpace" : false
    }, {
      "id" : "s0-t9",
      "begin" : 51,
      "end" : 54,
      "text" : "car",
      "whiteSpace" : false
    }, {
      "id" : "s0-t10",
      "begin" : 55,
      "end" : 61,
      "text" : "policy",
      "whiteSpace" : false
    }, {
      "id" : "s0-t11",
      "begin" : 61,
      "end" : 62,
      "text" : ":",
      "whiteSpace" : false
    }, {
      "id" : "s0-t12",
      "begin" : 63,
      "end" : 74,
      "text" : "051-634-200",
      "whiteSpace" : false
    }, {
      "id" : "s0-t13",
      "begin" : 74,
      "end" : 75,
      "text" : ",",
      "whiteSpace" : false
    }, {
      "id" : "s0-t14",
      "begin" : 76,
      "end" : 79,
      "text" : "zip",
      "whiteSpace" : false
    }, {
      "id" : "s0-t15",
      "begin" : 79,
      "end" : 80,
      "text" : ":",
      "whiteSpace" : false
    }, {
      "id" : "s0-t16",
      "begin" : 81,
      "end" : 86,
      "text" : "95900",
      "whiteSpace" : false
    }, {
      "id" : "s0-t17",
      "begin" : 86,
      "end" : 87,
      "text" : ",",
      "whiteSpace" : false
    }, {
      "id" : "s0-t18",
      "begin" : 88,
      "end" : 91,
      "text" : "VIN",
      "whiteSpace" : false
    }, {
      "id" : "s0-t19",
      "begin" : 91,
      "end" : 92,
      "text" : ":",
      "whiteSpace" : false
    }, {
      "id" : "s0-t20",
      "begin" : 93,
      "end" : 110,
      "text" : "1FDNX20P14EA23057",
      "whiteSpace" : false
    }, {
      "id" : "s0-t21",
      "begin" : 110,
      "end" : 111,
      "text" : ",",
      "whiteSpace" : false
    }, {
      "id" : "s0-t22",
      "begin" : 112,
      "end" : 119,
      "text" : "License",
      "whiteSpace" : false
    }, {
      "id" : "s0-t23",
      "begin" : 119,
      "end" : 120,
      "text" : ":",
      "whiteSpace" : false
    }, {
      "id" : "s0-t24",
      "begin" : 121,
      "end" : 128,
      "text" : "5496243",
      "whiteSpace" : false
    }, {
      "id" : "s0-t25",
      "begin" : 128,
      "end" : 129,
      "text" : ",",
      "whiteSpace" : false
    }, {
      "id" : "s0-t26",
      "begin" : 130,
      "end" : 132,
      "text" : "P#",
      "whiteSpace" : false
    }, {
      "id" : "s0-t27",
      "begin" : 132,
      "end" : 133,
      "text" : ":",
      "whiteSpace" : false
    }, {
      "id" : "s0-t28",
      "begin" : 133,
      "end" : 134,
      "text" : "(",
      "whiteSpace" : false
    }, {
      "id" : "s0-t29",
      "begin" : 134,
      "end" : 137,
      "text" : "359",
      "whiteSpace" : false
    }, {
      "id" : "s0-t30",
      "begin" : 137,
      "end" : 138,
      "text" : ")",
      "whiteSpace" : false
    }, {
      "id" : "s0-t31",
      "begin" : 139,
      "end" : 147,
      "text" : "697-9011",
      "whiteSpace" : false
    }, {
      "id" : "s0-t32",
      "begin" : 148,
      "end" : 158,
      "text" : "Appreciate",
      "whiteSpace" : false
    }, {
      "id" : "s0-t33",
      "begin" : 159,
      "end" : 161,
      "text" : "it",
      "whiteSpace" : false
    }, {
      "id" : "s0-t34",
      "begin" : 161,
      "end" : 162,
      "text" : ".",
      "whiteSpace" : false
    } ]
  } ],
  "mentions" : [ {
    "id" : "-M0",
    "properties" : {
      "SIRE_MENTION_ROLE" : "First_Name",
      "SIRE_MENTION_TYPE" : "NONE",
      "SIRE_ENTITY_CLASS" : "SPC",
      "SIRE_ENTITY_LEVEL" : "NONE",
      "SIRE_ENTITY_SUBTYPE" : "NONE",
      "SIRE_MENTION_CLASS" : "SPC"
    },
    "type" : "First_Name",
    "begin" : 7,
    "end" : 12,
    "inCoref" : false
  }, {
    "id" : "-M1",
    "properties" : {
      "SIRE_MENTION_ROLE" : "Last_Name",
      "SIRE_MENTION_TYPE" : "NONE",
      "SIRE_ENTITY_CLASS" : "SPC",
      "SIRE_ENTITY_LEVEL" : "NONE",
      "SIRE_ENTITY_SUBTYPE" : "NONE",
      "SIRE_MENTION_CLASS" : "SPC"
    },
    "type" : "Last_Name",
    "begin" : 13,
    "end" : 19,
    "inCoref" : false
  }, {
    "id" : "-M2",
    "properties" : {
      "SIRE_MENTION_ROLE" : "CL_Policy",
      "SIRE_MENTION_TYPE" : "NONE",
      "SIRE_ENTITY_CLASS" : "SPC",
      "SIRE_ENTITY_LEVEL" : "NONE",
      "SIRE_ENTITY_SUBTYPE" : "NONE",
      "SIRE_MENTION_CLASS" : "SPC"
    },
    "type" : "CL_Policy",
    "begin" : 41,
    "end" : 48,
    "inCoref" : false
  }, {
    "id" : "-M3",
    "properties" : {
      "SIRE_MENTION_ROLE" : "PL_Policy",
      "SIRE_MENTION_TYPE" : "NONE",
      "SIRE_ENTITY_CLASS" : "SPC",
      "SIRE_ENTITY_LEVEL" : "NONE",
      "SIRE_ENTITY_SUBTYPE" : "NONE",
      "SIRE_MENTION_CLASS" : "SPC"
    },
    "type" : "PL_Policy",
    "begin" : 63,
    "end" : 74,
    "inCoref" : false
  }, {
    "id" : "-M4",
    "properties" : {
      "SIRE_MENTION_ROLE" : "Zip_Code",
      "SIRE_MENTION_TYPE" : "NONE",
      "SIRE_ENTITY_CLASS" : "SPC",
      "SIRE_ENTITY_LEVEL" : "NONE",
      "SIRE_ENTITY_SUBTYPE" : "NONE",
      "SIRE_MENTION_CLASS" : "SPC"
    },
    "type" : "Zip_Code",
    "begin" : 81,
    "end" : 86,
    "inCoref" : false
  }, {
    "id" : "-M5",
    "properties" : {
      "SIRE_MENTION_ROLE" : "Vin_Number",
      "SIRE_MENTION_TYPE" : "NONE",
      "SIRE_ENTITY_CLASS" : "SPC",
      "SIRE_ENTITY_LEVEL" : "NONE",
      "SIRE_ENTITY_SUBTYPE" : "NONE",
      "SIRE_MENTION_CLASS" : "SPC"
    },
    "type" : "Vin_Number",
    "begin" : 93,
    "end" : 110,
    "inCoref" : false
  }, {
    "id" : "-M6",
    "properties" : {
      "SIRE_MENTION_ROLE" : "LIC",
      "SIRE_MENTION_TYPE" : "NONE",
      "SIRE_ENTITY_CLASS" : "SPC",
      "SIRE_ENTITY_LEVEL" : "NONE",
      "SIRE_ENTITY_SUBTYPE" : "NONE",
      "SIRE_MENTION_CLASS" : "SPC"
    },
    "type" : "LIC",
    "begin" : 121,
    "end" : 128,
    "inCoref" : false
  }, {
    "id" : "-M7",
    "properties" : {
      "SIRE_MENTION_ROLE" : "Cell_Number",
      "SIRE_MENTION_TYPE" : "NONE",
      "SIRE_ENTITY_CLASS" : "SPC",
      "SIRE_ENTITY_LEVEL" : "NONE",
      "SIRE_ENTITY_SUBTYPE" : "NONE",
      "SIRE_MENTION_CLASS" : "SPC"
    },
    "type" : "Cell_Number",
    "begin" : 133,
    "end" : 147,
    "inCoref" : false
  } ],
  "relations" : [ ],
  "corefs" : [ ],
  "typeResolved" : true,
  "userResolved" : false
}