{
  "id" : "c09dbd00-4551-11e7-96e5-73faef245a10-9",
  "name" : "Doc-9",
  "version" : 3,
  "text" : "Add Denny Petrello to fleet policy #: UL15451 , car policy: 050-632-200, zip: 15451, VIN: JS1GR7JAX52104246, License: 9111506, P#:(857) 495-2497 Thanks!!",
  "docLength" : 0,
  "language" : "EN",
  "status" : "SUBMITTED",
  "modifiedDate" : 1496166625129,
  "documentSet" : [ ],
  "preannotation" : [ "PRE_LW" ],
  "sentences" : [ {
    "id" : "s0",
    "begin" : 0,
    "end" : 153,
    "text" : "Add Denny Petrello to fleet policy #: UL15451 , car policy: 050-632-200, zip: 15451, VIN: JS1GR7JAX52104246, License: 9111506, P#:(857) 495-2497 Thanks!!",
    "tokens" : [ {
      "id" : "s0-t0",
      "begin" : 0,
      "end" : 3,
      "text" : "Add",
      "whiteSpace" : false
    }, {
      "id" : "s0-t1",
      "begin" : 4,
      "end" : 9,
      "text" : "Denny",
      "whiteSpace" : false
    }, {
      "id" : "s0-t2",
      "begin" : 10,
      "end" : 18,
      "text" : "Petrello",
      "whiteSpace" : false
    }, {
      "id" : "s0-t3",
      "begin" : 19,
      "end" : 21,
      "text" : "to",
      "whiteSpace" : false
    }, {
      "id" : "s0-t4",
      "begin" : 22,
      "end" : 27,
      "text" : "fleet",
      "whiteSpace" : false
    }, {
      "id" : "s0-t5",
      "begin" : 28,
      "end" : 34,
      "text" : "policy",
      "whiteSpace" : false
    }, {
      "id" : "s0-t6",
      "begin" : 35,
      "end" : 37,
      "text" : "#:",
      "whiteSpace" : false
    }, {
      "id" : "s0-t7",
      "begin" : 38,
      "end" : 45,
      "text" : "UL15451",
      "whiteSpace" : false
    }, {
      "id" : "s0-t8",
      "begin" : 46,
      "end" : 47,
      "text" : ",",
      "whiteSpace" : false
    }, {
      "id" : "s0-t9",
      "begin" : 48,
      "end" : 51,
      "text" : "car",
      "whiteSpace" : false
    }, {
      "id" : "s0-t10",
      "begin" : 52,
      "end" : 58,
      "text" : "policy",
      "whiteSpace" : false
    }, {
      "id" : "s0-t11",
      "begin" : 58,
      "end" : 59,
      "text" : ":",
      "whiteSpace" : false
    }, {
      "id" : "s0-t12",
      "begin" : 60,
      "end" : 71,
      "text" : "050-632-200",
      "whiteSpace" : false
    }, {
      "id" : "s0-t13",
      "begin" : 71,
      "end" : 72,
      "text" : ",",
      "whiteSpace" : false
    }, {
      "id" : "s0-t14",
      "begin" : 73,
      "end" : 76,
      "text" : "zip",
      "whiteSpace" : false
    }, {
      "id" : "s0-t15",
      "begin" : 76,
      "end" : 77,
      "text" : ":",
      "whiteSpace" : false
    }, {
      "id" : "s0-t16",
      "begin" : 78,
      "end" : 83,
      "text" : "15451",
      "whiteSpace" : false
    }, {
      "id" : "s0-t17",
      "begin" : 83,
      "end" : 84,
      "text" : ",",
      "whiteSpace" : false
    }, {
      "id" : "s0-t18",
      "begin" : 85,
      "end" : 88,
      "text" : "VIN",
      "whiteSpace" : false
    }, {
      "id" : "s0-t19",
      "begin" : 88,
      "end" : 89,
      "text" : ":",
      "whiteSpace" : false
    }, {
      "id" : "s0-t20",
      "begin" : 90,
      "end" : 107,
      "text" : "JS1GR7JAX52104246",
      "whiteSpace" : false
    }, {
      "id" : "s0-t21",
      "begin" : 107,
      "end" : 108,
      "text" : ",",
      "whiteSpace" : false
    }, {
      "id" : "s0-t22",
      "begin" : 109,
      "end" : 116,
      "text" : "License",
      "whiteSpace" : false
    }, {
      "id" : "s0-t23",
      "begin" : 116,
      "end" : 117,
      "text" : ":",
      "whiteSpace" : false
    }, {
      "id" : "s0-t24",
      "begin" : 118,
      "end" : 125,
      "text" : "9111506",
      "whiteSpace" : false
    }, {
      "id" : "s0-t25",
      "begin" : 125,
      "end" : 126,
      "text" : ",",
      "whiteSpace" : false
    }, {
      "id" : "s0-t26",
      "begin" : 127,
      "end" : 129,
      "text" : "P#",
      "whiteSpace" : false
    }, {
      "id" : "s0-t27",
      "begin" : 129,
      "end" : 130,
      "text" : ":",
      "whiteSpace" : false
    }, {
      "id" : "s0-t28",
      "begin" : 130,
      "end" : 131,
      "text" : "(",
      "whiteSpace" : false
    }, {
      "id" : "s0-t29",
      "begin" : 131,
      "end" : 134,
      "text" : "857",
      "whiteSpace" : false
    }, {
      "id" : "s0-t30",
      "begin" : 134,
      "end" : 135,
      "text" : ")",
      "whiteSpace" : false
    }, {
      "id" : "s0-t31",
      "begin" : 136,
      "end" : 144,
      "text" : "495-2497",
      "whiteSpace" : false
    }, {
      "id" : "s0-t32",
      "begin" : 145,
      "end" : 151,
      "text" : "Thanks",
      "whiteSpace" : false
    }, {
      "id" : "s0-t33",
      "begin" : 151,
      "end" : 152,
      "text" : "!",
      "whiteSpace" : false
    }, {
      "id" : "s0-t34",
      "begin" : 152,
      "end" : 153,
      "text" : "!",
      "whiteSpace" : false
    } ]
  } ],
  "mentions" : [ {
    "id" : "s0-m1",
    "properties" : {
      "SIRE_MENTION_ROLE" : "First_Name",
      "SIRE_ENTITY_SUBTYPE" : "NONE",
      "SIRE_MENTION_TYPE" : "NONE",
      "SIRE_MENTION_CLASS" : "SPC"
    },
    "type" : "First_Name",
    "begin" : 4,
    "end" : 9,
    "inCoref" : false
  }, {
    "id" : "s0-m2",
    "properties" : {
      "SIRE_MENTION_ROLE" : "Last_Name",
      "SIRE_ENTITY_SUBTYPE" : "NONE",
      "SIRE_MENTION_TYPE" : "NONE",
      "SIRE_MENTION_CLASS" : "SPC"
    },
    "type" : "Last_Name",
    "begin" : 10,
    "end" : 18,
    "inCoref" : false
  }, {
    "id" : "s0-m3",
    "properties" : {
      "SIRE_MENTION_ROLE" : "CL_Policy",
      "SIRE_ENTITY_SUBTYPE" : "NONE",
      "SIRE_MENTION_TYPE" : "NONE",
      "SIRE_MENTION_CLASS" : "SPC"
    },
    "type" : "CL_Policy",
    "begin" : 38,
    "end" : 45,
    "inCoref" : false
  }, {
    "id" : "s0-m4",
    "properties" : {
      "SIRE_MENTION_ROLE" : "PL_Policy",
      "SIRE_ENTITY_SUBTYPE" : "NONE",
      "SIRE_MENTION_TYPE" : "NONE",
      "SIRE_MENTION_CLASS" : "SPC"
    },
    "type" : "PL_Policy",
    "begin" : 60,
    "end" : 71,
    "inCoref" : false
  }, {
    "id" : "s0-m5",
    "properties" : {
      "SIRE_MENTION_ROLE" : "Zip_Code",
      "SIRE_ENTITY_SUBTYPE" : "NONE",
      "SIRE_MENTION_TYPE" : "NONE",
      "SIRE_MENTION_CLASS" : "SPC"
    },
    "type" : "Zip_Code",
    "begin" : 78,
    "end" : 83,
    "inCoref" : false
  }, {
    "id" : "s0-m7",
    "properties" : {
      "SIRE_MENTION_ROLE" : "Vin_Number",
      "SIRE_ENTITY_SUBTYPE" : "NONE",
      "SIRE_MENTION_TYPE" : "NONE",
      "SIRE_MENTION_CLASS" : "SPC"
    },
    "type" : "Vin_Number",
    "begin" : 90,
    "end" : 107,
    "inCoref" : false
  }, {
    "id" : "s0-m8",
    "properties" : {
      "SIRE_MENTION_ROLE" : "LIC",
      "SIRE_ENTITY_SUBTYPE" : "NONE",
      "SIRE_MENTION_TYPE" : "NONE",
      "SIRE_MENTION_CLASS" : "SPC"
    },
    "type" : "LIC",
    "begin" : 118,
    "end" : 125,
    "inCoref" : false
  }, {
    "id" : "s0-m9",
    "properties" : {
      "SIRE_MENTION_ROLE" : "Cell_Number",
      "SIRE_ENTITY_SUBTYPE" : "NONE",
      "SIRE_MENTION_TYPE" : "NONE",
      "SIRE_MENTION_CLASS" : "SPC"
    },
    "type" : "Cell_Number",
    "begin" : 130,
    "end" : 144,
    "inCoref" : false
  } ],
  "relations" : [ ],
  "corefs" : [ ],
  "typeResolved" : true,
  "userResolved" : false
}