{
  "id" : "c09dbd00-4551-11e7-96e5-73faef245a10-47",
  "name" : "Doc-47",
  "version" : 3,
  "text" : "Please move Gabrila Culverhouse to fleet policy #: UL35155 , car policy: 050-634-300, zip: 35155, VIN: 1G1ZT51806F128009, License: 9823309, P#:(815) 923-6678 Thanks!!",
  "docLength" : 0,
  "language" : "EN",
  "status" : "SUBMITTED",
  "modifiedDate" : 1496166423297,
  "documentSet" : [ ],
  "preannotation" : [ "PRE_LW" ],
  "sentences" : [ {
    "id" : "s0",
    "begin" : 0,
    "end" : 166,
    "text" : "Please move Gabrila Culverhouse to fleet policy #: UL35155 , car policy: 050-634-300, zip: 35155, VIN: 1G1ZT51806F128009, License: 9823309, P#:(815) 923-6678 Thanks!!",
    "tokens" : [ {
      "id" : "s0-t0",
      "begin" : 0,
      "end" : 6,
      "text" : "Please",
      "whiteSpace" : false
    }, {
      "id" : "s0-t1",
      "begin" : 7,
      "end" : 11,
      "text" : "move",
      "whiteSpace" : false
    }, {
      "id" : "s0-t2",
      "begin" : 12,
      "end" : 19,
      "text" : "Gabrila",
      "whiteSpace" : false
    }, {
      "id" : "s0-t3",
      "begin" : 20,
      "end" : 31,
      "text" : "Culverhouse",
      "whiteSpace" : false
    }, {
      "id" : "s0-t4",
      "begin" : 32,
      "end" : 34,
      "text" : "to",
      "whiteSpace" : false
    }, {
      "id" : "s0-t5",
      "begin" : 35,
      "end" : 40,
      "text" : "fleet",
      "whiteSpace" : false
    }, {
      "id" : "s0-t6",
      "begin" : 41,
      "end" : 47,
      "text" : "policy",
      "whiteSpace" : false
    }, {
      "id" : "s0-t7",
      "begin" : 48,
      "end" : 50,
      "text" : "#:",
      "whiteSpace" : false
    }, {
      "id" : "s0-t8",
      "begin" : 51,
      "end" : 58,
      "text" : "UL35155",
      "whiteSpace" : false
    }, {
      "id" : "s0-t9",
      "begin" : 59,
      "end" : 60,
      "text" : ",",
      "whiteSpace" : false
    }, {
      "id" : "s0-t10",
      "begin" : 61,
      "end" : 64,
      "text" : "car",
      "whiteSpace" : false
    }, {
      "id" : "s0-t11",
      "begin" : 65,
      "end" : 71,
      "text" : "policy",
      "whiteSpace" : false
    }, {
      "id" : "s0-t12",
      "begin" : 71,
      "end" : 72,
      "text" : ":",
      "whiteSpace" : false
    }, {
      "id" : "s0-t13",
      "begin" : 73,
      "end" : 84,
      "text" : "050-634-300",
      "whiteSpace" : false
    }, {
      "id" : "s0-t14",
      "begin" : 84,
      "end" : 85,
      "text" : ",",
      "whiteSpace" : false
    }, {
      "id" : "s0-t15",
      "begin" : 86,
      "end" : 89,
      "text" : "zip",
      "whiteSpace" : false
    }, {
      "id" : "s0-t16",
      "begin" : 89,
      "end" : 90,
      "text" : ":",
      "whiteSpace" : false
    }, {
      "id" : "s0-t17",
      "begin" : 91,
      "end" : 96,
      "text" : "35155",
      "whiteSpace" : false
    }, {
      "id" : "s0-t18",
      "begin" : 96,
      "end" : 97,
      "text" : ",",
      "whiteSpace" : false
    }, {
      "id" : "s0-t19",
      "begin" : 98,
      "end" : 101,
      "text" : "VIN",
      "whiteSpace" : false
    }, {
      "id" : "s0-t20",
      "begin" : 101,
      "end" : 102,
      "text" : ":",
      "whiteSpace" : false
    }, {
      "id" : "s0-t21",
      "begin" : 103,
      "end" : 120,
      "text" : "1G1ZT51806F128009",
      "whiteSpace" : false
    }, {
      "id" : "s0-t22",
      "begin" : 120,
      "end" : 121,
      "text" : ",",
      "whiteSpace" : false
    }, {
      "id" : "s0-t23",
      "begin" : 122,
      "end" : 129,
      "text" : "License",
      "whiteSpace" : false
    }, {
      "id" : "s0-t24",
      "begin" : 129,
      "end" : 130,
      "text" : ":",
      "whiteSpace" : false
    }, {
      "id" : "s0-t25",
      "begin" : 131,
      "end" : 138,
      "text" : "9823309",
      "whiteSpace" : false
    }, {
      "id" : "s0-t26",
      "begin" : 138,
      "end" : 139,
      "text" : ",",
      "whiteSpace" : false
    }, {
      "id" : "s0-t27",
      "begin" : 140,
      "end" : 142,
      "text" : "P#",
      "whiteSpace" : false
    }, {
      "id" : "s0-t28",
      "begin" : 142,
      "end" : 143,
      "text" : ":",
      "whiteSpace" : false
    }, {
      "id" : "s0-t29",
      "begin" : 143,
      "end" : 144,
      "text" : "(",
      "whiteSpace" : false
    }, {
      "id" : "s0-t30",
      "begin" : 144,
      "end" : 147,
      "text" : "815",
      "whiteSpace" : false
    }, {
      "id" : "s0-t31",
      "begin" : 147,
      "end" : 148,
      "text" : ")",
      "whiteSpace" : false
    }, {
      "id" : "s0-t32",
      "begin" : 149,
      "end" : 157,
      "text" : "923-6678",
      "whiteSpace" : false
    }, {
      "id" : "s0-t33",
      "begin" : 158,
      "end" : 164,
      "text" : "Thanks",
      "whiteSpace" : false
    }, {
      "id" : "s0-t34",
      "begin" : 164,
      "end" : 165,
      "text" : "!",
      "whiteSpace" : false
    }, {
      "id" : "s0-t35",
      "begin" : 165,
      "end" : 166,
      "text" : "!",
      "whiteSpace" : false
    } ]
  } ],
  "mentions" : [ {
    "id" : "s0-m1",
    "properties" : {
      "SIRE_MENTION_ROLE" : "First_Name",
      "SIRE_ENTITY_SUBTYPE" : "NONE",
      "SIRE_MENTION_TYPE" : "NONE",
      "SIRE_MENTION_CLASS" : "SPC"
    },
    "type" : "First_Name",
    "begin" : 12,
    "end" : 19,
    "inCoref" : false
  }, {
    "id" : "s0-m2",
    "properties" : {
      "SIRE_MENTION_ROLE" : "Last_Name",
      "SIRE_ENTITY_SUBTYPE" : "NONE",
      "SIRE_MENTION_TYPE" : "NONE",
      "SIRE_MENTION_CLASS" : "SPC"
    },
    "type" : "Last_Name",
    "begin" : 20,
    "end" : 31,
    "inCoref" : false
  }, {
    "id" : "s0-m3",
    "properties" : {
      "SIRE_MENTION_ROLE" : "CL_Policy",
      "SIRE_ENTITY_SUBTYPE" : "NONE",
      "SIRE_MENTION_TYPE" : "NONE",
      "SIRE_MENTION_CLASS" : "SPC"
    },
    "type" : "CL_Policy",
    "begin" : 51,
    "end" : 58,
    "inCoref" : false
  }, {
    "id" : "s0-m4",
    "properties" : {
      "SIRE_MENTION_ROLE" : "PL_Policy",
      "SIRE_ENTITY_SUBTYPE" : "NONE",
      "SIRE_MENTION_TYPE" : "NONE",
      "SIRE_MENTION_CLASS" : "SPC"
    },
    "type" : "PL_Policy",
    "begin" : 73,
    "end" : 84,
    "inCoref" : false
  }, {
    "id" : "s0-m5",
    "properties" : {
      "SIRE_MENTION_ROLE" : "Zip_Code",
      "SIRE_ENTITY_SUBTYPE" : "NONE",
      "SIRE_MENTION_TYPE" : "NONE",
      "SIRE_MENTION_CLASS" : "SPC"
    },
    "type" : "Zip_Code",
    "begin" : 91,
    "end" : 96,
    "inCoref" : false
  }, {
    "id" : "s0-m6",
    "properties" : {
      "SIRE_MENTION_ROLE" : "Vin_Number",
      "SIRE_ENTITY_SUBTYPE" : "NONE",
      "SIRE_MENTION_TYPE" : "NONE",
      "SIRE_MENTION_CLASS" : "SPC"
    },
    "type" : "Vin_Number",
    "begin" : 103,
    "end" : 120,
    "inCoref" : false
  }, {
    "id" : "s0-m7",
    "properties" : {
      "SIRE_MENTION_ROLE" : "LIC",
      "SIRE_ENTITY_SUBTYPE" : "NONE",
      "SIRE_MENTION_TYPE" : "NONE",
      "SIRE_MENTION_CLASS" : "SPC"
    },
    "type" : "LIC",
    "begin" : 131,
    "end" : 138,
    "inCoref" : false
  }, {
    "id" : "s0-m8",
    "properties" : {
      "SIRE_MENTION_ROLE" : "Cell_Number",
      "SIRE_ENTITY_SUBTYPE" : "NONE",
      "SIRE_MENTION_TYPE" : "NONE",
      "SIRE_MENTION_CLASS" : "SPC"
    },
    "type" : "Cell_Number",
    "begin" : 143,
    "end" : 157,
    "inCoref" : false
  } ],
  "relations" : [ ],
  "corefs" : [ ],
  "typeResolved" : true,
  "userResolved" : false
}