[ {
  "id" : "41e22e20-457d-11e7-b399-3b8bd8e6a612-1",
  "name" : "doc3-1",
  "text" : "Please add Terrye Roff to company policy UL17091. PL Policy no is 050-632-200 and operates in zip code 49432 with a VIN number of 1G4HP54KX24151104.",
  "status" : "SUBMITTED",
  "modifiedDate" : 1496179352258
}, {
  "id" : "41e22e20-457d-11e7-b399-3b8bd8e6a612-10",
  "name" : "doc3-10",
  "text" : "Please add Correna Jost to company policy UL32101. PL Policy no is 050-632-200 and operates in zip code 37993 with a VIN number of JH4KA4540LC016127.",
  "status" : "SUBMITTED",
  "modifiedDate" : 1496179367707
}, {
  "id" : "41e22e20-457d-11e7-b399-3b8bd8e6a612-100",
  "name" : "doc3-100",
  "text" : "Modify Kaycee Angier with company Policy Number of 053-631-300.",
  "status" : "SUBMITTED",
  "modifiedDate" : 1496179405331
}, {
  "id" : "41e22e20-457d-11e7-b399-3b8bd8e6a612-11",
  "name" : "doc3-11",
  "text" : "Please add Winna Sego who operates in zip code 62749 with a VIN number of 1FTZX1722XKA76091.",
  "status" : "SUBMITTED",
  "modifiedDate" : 1496179419441
}, {
  "id" : "41e22e20-457d-11e7-b399-3b8bd8e6a612-12",
  "name" : "doc3-12",
  "text" : "Please add Caryn Vlasin who operates in zip code 33056 with a VIN number of 3G4AG54N9NS614902.",
  "status" : "SUBMITTED",
  "modifiedDate" : 1496179433452
}, {
  "id" : "41e22e20-457d-11e7-b399-3b8bd8e6a612-13",
  "name" : "doc3-13",
  "text" : "Please add Joseph MacIlhagga who operates in zip code 12284 with a VIN number of JNKCV61E09M303716.",
  "status" : "SUBMITTED",
  "modifiedDate" : 1496179452204
}, {
  "id" : "41e22e20-457d-11e7-b399-3b8bd8e6a612-14",
  "name" : "doc3-14",
  "text" : "Please add Lorianna Borgars who operates in zip code 37625 with a VIN number of JH4DA3450JS001899.",
  "status" : "SUBMITTED",
  "modifiedDate" : 1496179459064
}, {
  "id" : "41e22e20-457d-11e7-b399-3b8bd8e6a612-15",
  "name" : "doc3-15",
  "text" : "Please add Margery Cervantes who operates in zip code 31755 with a VIN number of WP0CB29906S769518.",
  "status" : "SUBMITTED",
  "modifiedDate" : 1496179466986
}, {
  "id" : "41e22e20-457d-11e7-b399-3b8bd8e6a612-16",
  "name" : "doc3-16",
  "text" : "Please add Pietrek Bletsoe who operates in zip code 39346 with a VIN number of JF1GV7F67DG002982.",
  "status" : "SUBMITTED",
  "modifiedDate" : 1496179473202
}, {
  "id" : "41e22e20-457d-11e7-b399-3b8bd8e6a612-17",
  "name" : "doc3-17",
  "text" : "Please add Bernete Worsham who operates in zip code 27101 with a VIN number of JH4KA4640KC013757.",
  "status" : "SUBMITTED",
  "modifiedDate" : 1496179478980
}, {
  "id" : "41e22e20-457d-11e7-b399-3b8bd8e6a612-18",
  "name" : "doc3-18",
  "text" : "Please add Myrilla Walkowski who operates in zip code 66815 with a VIN number of 2A8HR44H88R105590.",
  "status" : "SUBMITTED",
  "modifiedDate" : 1496179484051
}, {
  "id" : "41e22e20-457d-11e7-b399-3b8bd8e6a612-19",
  "name" : "doc3-19",
  "text" : "Please add Isidore Cayette who operates in zip code 48789 with a VIN number of 1FUWDSYAXTP600231.",
  "status" : "SUBMITTED",
  "modifiedDate" : 1496179496163
}, {
  "id" : "41e22e20-457d-11e7-b399-3b8bd8e6a612-2",
  "name" : "doc3-2",
  "text" : "Please add Innis Lawlor to company policy UL42617. PL Policy no is 053-932-600 and operates in zip code 96447 with a VIN number of WBADE6322VBW51982.",
  "status" : "SUBMITTED",
  "modifiedDate" : 1496179517984
}, {
  "id" : "41e22e20-457d-11e7-b399-3b8bd8e6a612-20",
  "name" : "doc3-20",
  "text" : "Please add Arabela Rennick who operates in zip code 66910 with a VIN number of JH4DB1561NS000565.",
  "status" : "SUBMITTED",
  "modifiedDate" : 1496179531332
}, {
  "id" : "41e22e20-457d-11e7-b399-3b8bd8e6a612-21",
  "name" : "doc3-21",
  "text" : "Add Kimberly Troop who operates in zip code 31278 with a VIN number of 1FMZK05135GAGG488.",
  "status" : "SUBMITTED",
  "modifiedDate" : 1496179540484
}, {
  "id" : "41e22e20-457d-11e7-b399-3b8bd8e6a612-22",
  "name" : "doc3-22",
  "text" : "Add Obadias Aldus who operates in zip code 91770 with a VIN number of JH4DB1650LS007249.",
  "status" : "SUBMITTED",
  "modifiedDate" : 1496179550615
}, {
  "id" : "41e22e20-457d-11e7-b399-3b8bd8e6a612-23",
  "name" : "doc3-23",
  "text" : "Add Elvyn Skaife d'Ingerthorpe who operates in zip code 76992 with a VIN number of 1G8AY12P84Z202013.",
  "status" : "SUBMITTED",
  "modifiedDate" : 1496179562303
}, {
  "id" : "41e22e20-457d-11e7-b399-3b8bd8e6a612-24",
  "name" : "doc3-24",
  "text" : "Add Oberon Rawsthorn who operates in zip code 82959 with a VIN number of JM3ER29L070133282.",
  "status" : "SUBMITTED",
  "modifiedDate" : 1496179569693
}, {
  "id" : "41e22e20-457d-11e7-b399-3b8bd8e6a612-25",
  "name" : "doc3-25",
  "text" : "Add Eilis Jerzak who operates in zip code 88756 with a VIN number of 1FMZK04185GA30815.",
  "status" : "SUBMITTED",
  "modifiedDate" : 1496179575302
}, {
  "id" : "41e22e20-457d-11e7-b399-3b8bd8e6a612-26",
  "name" : "doc3-26",
  "text" : "Add Rupert Gledhall who operates in zip code 50159 with a VIN number of JH4KA4660LC006262.",
  "status" : "SUBMITTED",
  "modifiedDate" : 1496179579637
}, {
  "id" : "41e22e20-457d-11e7-b399-3b8bd8e6a612-27",
  "name" : "doc3-27",
  "text" : "Add Coop Studdard who operates in zip code 88338 with a VIN number of 2G1WL52M2T1187676.",
  "status" : "SUBMITTED",
  "modifiedDate" : 1496179586926
}, {
  "id" : "41e22e20-457d-11e7-b399-3b8bd8e6a612-28",
  "name" : "doc3-28",
  "text" : "Add Ritchie Basnall who operates in zip code 49270 with a VIN number of JH4DB1550LS000111.",
  "status" : "SUBMITTED",
  "modifiedDate" : 1496179596393
}, {
  "id" : "41e22e20-457d-11e7-b399-3b8bd8e6a612-29",
  "name" : "doc3-29",
  "text" : "Remove Gino Peat with a VIN number of JH4KA4660JC005061.",
  "status" : "SUBMITTED",
  "modifiedDate" : 1496179601422
}, {
  "id" : "41e22e20-457d-11e7-b399-3b8bd8e6a612-3",
  "name" : "doc3-3",
  "text" : "Please add Bailie Grason to company policy UL60896. PL Policy no is 050-634-300 and operates in zip code 86476 with a VIN number of JH4DA9370PS000721.",
  "status" : "SUBMITTED",
  "modifiedDate" : 1496179612081
}, {
  "id" : "41e22e20-457d-11e7-b399-3b8bd8e6a612-30",
  "name" : "doc3-30",
  "text" : "Remove Way Letchmore with a VIN number of 1N4AB41D0SC729128.",
  "status" : "SUBMITTED",
  "modifiedDate" : 1496179617412
}, {
  "id" : "41e22e20-457d-11e7-b399-3b8bd8e6a612-31",
  "name" : "doc3-31",
  "text" : "Remove Patsy Gobell with a VIN number of 3VWSE29M82M028637.",
  "status" : "SUBMITTED",
  "modifiedDate" : 1496179623004
}, {
  "id" : "41e22e20-457d-11e7-b399-3b8bd8e6a612-32",
  "name" : "doc3-32",
  "text" : "Remove Fernandina Crennan with a VIN number of JH4CC2641PC000932.",
  "status" : "SUBMITTED",
  "modifiedDate" : 1496179663076
}, {
  "id" : "41e22e20-457d-11e7-b399-3b8bd8e6a612-33",
  "name" : "doc3-33",
  "text" : "Remove Oliver Brezlaw with a VIN number of 2CNBJ134146900067.",
  "status" : "SUBMITTED",
  "modifiedDate" : 1496179667852
}, {
  "id" : "41e22e20-457d-11e7-b399-3b8bd8e6a612-34",
  "name" : "doc3-34",
  "text" : "Remove Gran Brailsford with a VIN number of JH4DA3453GS006314.",
  "status" : "SUBMITTED",
  "modifiedDate" : 1496179671817
}, {
  "id" : "41e22e20-457d-11e7-b399-3b8bd8e6a612-35",
  "name" : "doc3-35",
  "text" : "Remove Grenville Buckle with a VIN number of YS3FB49S741008010.",
  "status" : "SUBMITTED",
  "modifiedDate" : 1496179685690
}, {
  "id" : "41e22e20-457d-11e7-b399-3b8bd8e6a612-36",
  "name" : "doc3-36",
  "text" : "Please add Cory Mance to company policy UL44854. PL Policy Number is 050-634-300 and the zip code is 47344.",
  "status" : "SUBMITTED",
  "modifiedDate" : 1496179697386
}, {
  "id" : "41e22e20-457d-11e7-b399-3b8bd8e6a612-37",
  "name" : "doc3-37",
  "text" : "Please add Fidel Tilley to company policy UL51266. PL Policy Number is 050-672-200 and the zip code is 57588.",
  "status" : "SUBMITTED",
  "modifiedDate" : 1496179867154
}, {
  "id" : "41e22e20-457d-11e7-b399-3b8bd8e6a612-38",
  "name" : "doc3-38",
  "text" : "Please add Brewer Wayper to company policy UL13442. PL Policy Number is 051-532-110 and the zip code is 21433.",
  "status" : "SUBMITTED",
  "modifiedDate" : 1496179920791
}, {
  "id" : "41e22e20-457d-11e7-b399-3b8bd8e6a612-39",
  "name" : "doc3-39",
  "text" : "Please add Christin Chisolm to company policy UL26594. PL Policy Number is 053-631-300 and the zip code is 52888.",
  "status" : "SUBMITTED",
  "modifiedDate" : 1496179974519
}, {
  "id" : "41e22e20-457d-11e7-b399-3b8bd8e6a612-4",
  "name" : "doc3-4",
  "text" : "Please add Catherine Headford to company policy UL58967. PL Policy no is 050-672-200 and operates in zip code 18143 with a VIN number of 1FTSW21P75EA53447.",
  "status" : "SUBMITTED",
  "modifiedDate" : 1496179990134
}, {
  "id" : "41e22e20-457d-11e7-b399-3b8bd8e6a612-40",
  "name" : "doc3-40",
  "text" : "Add Gardie Enderby with PL Policy Number of 051-634-200 and company policy of UL26434.",
  "status" : "SUBMITTED",
  "modifiedDate" : 1496180000922
}, {
  "id" : "41e22e20-457d-11e7-b399-3b8bd8e6a612-41",
  "name" : "doc3-41",
  "text" : "Add Marcie Rosencrantz with PL Policy Number of 050-632-200 and company policy of UL51843.",
  "status" : "SUBMITTED",
  "modifiedDate" : 1496180007005
}, {
  "id" : "41e22e20-457d-11e7-b399-3b8bd8e6a612-42",
  "name" : "doc3-42",
  "text" : "Add Meredeth Bourdice with PL Policy Number of 050-632-200 and company policy of UL24638.",
  "status" : "SUBMITTED",
  "modifiedDate" : 1496180025785
}, {
  "id" : "41e22e20-457d-11e7-b399-3b8bd8e6a612-43",
  "name" : "doc3-43",
  "text" : "Add Gracia Paul with PL Policy Number of 050-632-200 and company policy of UL79187.",
  "status" : "SUBMITTED",
  "modifiedDate" : 1496180032619
}, {
  "id" : "41e22e20-457d-11e7-b399-3b8bd8e6a612-44",
  "name" : "doc3-44",
  "text" : "Add Muhammad Leavold with PL Policy Number of 050-632-200 and company policy of UL64069.",
  "status" : "SUBMITTED",
  "modifiedDate" : 1496180037279
}, {
  "id" : "41e22e20-457d-11e7-b399-3b8bd8e6a612-45",
  "name" : "doc3-45",
  "text" : "Add Staci Antat with PL Policy Number of 050-632-200 and company policy of UL44191.",
  "status" : "SUBMITTED",
  "modifiedDate" : 1496180042372
}, {
  "id" : "41e22e20-457d-11e7-b399-3b8bd8e6a612-46",
  "name" : "doc3-46",
  "text" : "Add Ty Audley with PL Policy Number of 053-932-600 and company policy of UL48350.",
  "status" : "SUBMITTED",
  "modifiedDate" : 1496180049745
}, {
  "id" : "41e22e20-457d-11e7-b399-3b8bd8e6a612-47",
  "name" : "doc3-47",
  "text" : "Add Fawnia Mannock with PL Policy Number of 050-634-300 and company policy of UL97237.",
  "status" : "SUBMITTED",
  "modifiedDate" : 1496180053751
}, {
  "id" : "41e22e20-457d-11e7-b399-3b8bd8e6a612-48",
  "name" : "doc3-48",
  "text" : "Add Meryl Ravenhills with PL Policy Number of 050-672-200 and company policy of UL42662.",
  "status" : "SUBMITTED",
  "modifiedDate" : 1496180058591
}, {
  "id" : "41e22e20-457d-11e7-b399-3b8bd8e6a612-49",
  "name" : "doc3-49",
  "text" : "Add Tomas Foster with PL Policy Number of 051-532-110 and company policy of UL25444.",
  "status" : "SUBMITTED",
  "modifiedDate" : 1496180062503
}, {
  "id" : "41e22e20-457d-11e7-b399-3b8bd8e6a612-5",
  "name" : "doc3-5",
  "text" : "Please add Alika Prangnell to company policy UL27894. PL Policy no is 051-532-110 and operates in zip code 84606 with a VIN number of JH4KA2640HC004148.",
  "status" : "SUBMITTED",
  "modifiedDate" : 1496180075097
}, {
  "id" : "41e22e20-457d-11e7-b399-3b8bd8e6a612-50",
  "name" : "doc3-50",
  "text" : "Add Adina Cyster with PL Policy Number of 053-631-300 and company policy of UL64318.",
  "status" : "SUBMITTED",
  "modifiedDate" : 1496180079953
}, {
  "id" : "41e22e20-457d-11e7-b399-3b8bd8e6a612-51",
  "name" : "doc3-51",
  "text" : "Add Johnnie Sabatini with PL Policy Number of 050-632-200 and company policy of UL88022.",
  "status" : "SUBMITTED",
  "modifiedDate" : 1496180083312
}, {
  "id" : "41e22e20-457d-11e7-b399-3b8bd8e6a612-52",
  "name" : "doc3-52",
  "text" : "Add Jemie Stickels with PL Policy Number of 053-932-600 and company policy of UL31494.",
  "status" : "SUBMITTED",
  "modifiedDate" : 1496180087047
}, {
  "id" : "41e22e20-457d-11e7-b399-3b8bd8e6a612-53",
  "name" : "doc3-53",
  "text" : "Add Trent Liddington with PL Policy Number of 050-634-300 and company policy of UL64320.",
  "status" : "SUBMITTED",
  "modifiedDate" : 1496180091231
}, {
  "id" : "41e22e20-457d-11e7-b399-3b8bd8e6a612-54",
  "name" : "doc3-54",
  "text" : "Add Farrel Tidball with PL Policy Number of 050-672-200 and company policy of UL48186.",
  "status" : "SUBMITTED",
  "modifiedDate" : 1496180095118
}, {
  "id" : "41e22e20-457d-11e7-b399-3b8bd8e6a612-55",
  "name" : "doc3-55",
  "text" : "Add Carolan Forkan with PL Policy Number of 051-532-110 and company policy of UL32225.",
  "status" : "SUBMITTED",
  "modifiedDate" : 1496180099471
}, {
  "id" : "41e22e20-457d-11e7-b399-3b8bd8e6a612-56",
  "name" : "doc3-56",
  "text" : "Add Barron Cottom with PL Policy Number of 053-631-300 and company policy of UL52769.",
  "status" : "SUBMITTED",
  "modifiedDate" : 1496180103803
}, {
  "id" : "41e22e20-457d-11e7-b399-3b8bd8e6a612-57",
  "name" : "doc3-57",
  "text" : "Remove Gerri Heppner with PL Policy Number of 051-634-200.",
  "status" : "SUBMITTED",
  "modifiedDate" : 1496180107845
}, {
  "id" : "41e22e20-457d-11e7-b399-3b8bd8e6a612-58",
  "name" : "doc3-58",
  "text" : "Remove Tomlin Schoffler with PL Policy Number of 050-632-200.",
  "status" : "SUBMITTED",
  "modifiedDate" : 1496180113751
}, {
  "id" : "41e22e20-457d-11e7-b399-3b8bd8e6a612-59",
  "name" : "doc3-59",
  "text" : "Remove Yale Dufer with PL Policy Number of 050-632-200.",
  "status" : "SUBMITTED",
  "modifiedDate" : 1496180118103
}, {
  "id" : "41e22e20-457d-11e7-b399-3b8bd8e6a612-6",
  "name" : "doc3-6",
  "text" : "Please add Blanca Saiz to company policy UL50261. PL Policy no is 053-631-300 and operates in zip code 53042 with a VIN number of 2CNDL23F856093901.",
  "status" : "SUBMITTED",
  "modifiedDate" : 1496180126714
}, {
  "id" : "41e22e20-457d-11e7-b399-3b8bd8e6a612-60",
  "name" : "doc3-60",
  "text" : "Remove Mitch Kubanek with PL Policy Number of 050-632-200.",
  "status" : "SUBMITTED",
  "modifiedDate" : 1496180130568
}, {
  "id" : "41e22e20-457d-11e7-b399-3b8bd8e6a612-61",
  "name" : "doc3-61",
  "text" : "Remove Hannis Riccetti with PL Policy Number of 050-632-200.",
  "status" : "SUBMITTED",
  "modifiedDate" : 1496180134608
}, {
  "id" : "41e22e20-457d-11e7-b399-3b8bd8e6a612-62",
  "name" : "doc3-62",
  "text" : "Remove Torey Rickell with PL Policy Number of 050-632-200.",
  "status" : "SUBMITTED",
  "modifiedDate" : 1496180140256
}, {
  "id" : "41e22e20-457d-11e7-b399-3b8bd8e6a612-63",
  "name" : "doc3-63",
  "text" : "Remove Lenna Fidelli with PL Policy Number of 053-932-600.",
  "status" : "SUBMITTED",
  "modifiedDate" : 1496180145004
}, {
  "id" : "41e22e20-457d-11e7-b399-3b8bd8e6a612-64",
  "name" : "doc3-64",
  "text" : "Remove Hersch Goatman with PL Policy Number of 050-634-300.",
  "status" : "SUBMITTED",
  "modifiedDate" : 1496180161009
}, {
  "id" : "41e22e20-457d-11e7-b399-3b8bd8e6a612-65",
  "name" : "doc3-65",
  "text" : "Remove Karilynn Cossans with PL Policy Number of 050-672-200.",
  "status" : "SUBMITTED",
  "modifiedDate" : 1496180165386
}, {
  "id" : "41e22e20-457d-11e7-b399-3b8bd8e6a612-66",
  "name" : "doc3-66",
  "text" : "Remove Orion Midlane with PL Policy Number of 051-532-110.",
  "status" : "SUBMITTED",
  "modifiedDate" : 1496180169110
}, {
  "id" : "41e22e20-457d-11e7-b399-3b8bd8e6a612-67",
  "name" : "doc3-67",
  "text" : "Remove Neils Clyma with PL Policy Number of 053-631-300.",
  "status" : "SUBMITTED",
  "modifiedDate" : 1496180172655
}, {
  "id" : "41e22e20-457d-11e7-b399-3b8bd8e6a612-68",
  "name" : "doc3-68",
  "text" : "Remove Emanuele Jendrusch with cL Policy Number of UL66862.",
  "status" : "SUBMITTED",
  "modifiedDate" : 1496180181900
}, {
  "id" : "41e22e20-457d-11e7-b399-3b8bd8e6a612-69",
  "name" : "doc3-69",
  "text" : "Remove Kassie Eastope with cL Policy Number of UL38589.",
  "status" : "SUBMITTED",
  "modifiedDate" : 1496180186124
}, {
  "id" : "41e22e20-457d-11e7-b399-3b8bd8e6a612-7",
  "name" : "doc3-7",
  "text" : "Please add Allie Espinazo to company policy UL38812. PL Policy no is 051-634-200 and operates in zip code 69862 with a VIN number of JH4DA9360NS008662.",
  "status" : "SUBMITTED",
  "modifiedDate" : 1496180192769
}, {
  "id" : "41e22e20-457d-11e7-b399-3b8bd8e6a612-70",
  "name" : "doc3-70",
  "text" : "Remove Peder Christescu with cL Policy Number of UL86455.",
  "status" : "SUBMITTED",
  "modifiedDate" : 1496180199460
}, {
  "id" : "41e22e20-457d-11e7-b399-3b8bd8e6a612-71",
  "name" : "doc3-71",
  "text" : "Remove Danya Henke with cL Policy Number of UL30479.",
  "status" : "SUBMITTED",
  "modifiedDate" : 1496180210753
}, {
  "id" : "41e22e20-457d-11e7-b399-3b8bd8e6a612-72",
  "name" : "doc3-72",
  "text" : "Remove Reece Waldie with cL Policy Number of UL53305.",
  "status" : "SUBMITTED",
  "modifiedDate" : 1496180204766
}, {
  "id" : "41e22e20-457d-11e7-b399-3b8bd8e6a612-73",
  "name" : "doc3-73",
  "text" : "Remove Torrence Dresche with cL Policy Number of UL51094.",
  "status" : "SUBMITTED",
  "modifiedDate" : 1496180215196
}, {
  "id" : "41e22e20-457d-11e7-b399-3b8bd8e6a612-74",
  "name" : "doc3-74",
  "text" : "Remove Kerrie Garner with cL Policy Number of UL32943.",
  "status" : "SUBMITTED",
  "modifiedDate" : 1496180219899
}, {
  "id" : "41e22e20-457d-11e7-b399-3b8bd8e6a612-75",
  "name" : "doc3-75",
  "text" : "Remove Rosalynd Dulinty with cL Policy Number of UL55681.",
  "status" : "SUBMITTED",
  "modifiedDate" : 1496180223506
}, {
  "id" : "41e22e20-457d-11e7-b399-3b8bd8e6a612-76",
  "name" : "doc3-76",
  "text" : "Remove Benedicta Kinde with PL Policy Number of 050-672-200.",
  "status" : "SUBMITTED",
  "modifiedDate" : 1496180227902
}, {
  "id" : "41e22e20-457d-11e7-b399-3b8bd8e6a612-77",
  "name" : "doc3-77",
  "text" : "Remove Dona Tench with PL Policy Number of 051-532-110.",
  "status" : "SUBMITTED",
  "modifiedDate" : 1496180231974
}, {
  "id" : "41e22e20-457d-11e7-b399-3b8bd8e6a612-78",
  "name" : "doc3-78",
  "text" : "Remove Chanda Woodvine with PL Policy Number of 053-631-300.",
  "status" : "SUBMITTED",
  "modifiedDate" : 1496180236029
}, {
  "id" : "41e22e20-457d-11e7-b399-3b8bd8e6a612-79",
  "name" : "doc3-79",
  "text" : "Remove Cordy Woodrup with PL Policy Number of 051-634-200.",
  "status" : "SUBMITTED",
  "modifiedDate" : 1496180239449
}, {
  "id" : "41e22e20-457d-11e7-b399-3b8bd8e6a612-8",
  "name" : "doc3-8",
  "text" : "Please add Keefe Laverock to company policy UL38104. PL Policy no is 050-632-200 and operates in zip code 70284 with a VIN number of 1D4GP24R57B255713.",
  "status" : "SUBMITTED",
  "modifiedDate" : 1496180247890
}, {
  "id" : "41e22e20-457d-11e7-b399-3b8bd8e6a612-80",
  "name" : "doc3-80",
  "text" : "Remove Brandy Munkton with PL Policy Number of 050-632-200.",
  "status" : "SUBMITTED",
  "modifiedDate" : 1496180252474
}, {
  "id" : "41e22e20-457d-11e7-b399-3b8bd8e6a612-81",
  "name" : "doc3-81",
  "text" : "Remove Theadora Spawton with PL Policy Number of 050-632-200.",
  "status" : "SUBMITTED",
  "modifiedDate" : 1496180255930
}, {
  "id" : "41e22e20-457d-11e7-b399-3b8bd8e6a612-82",
  "name" : "doc3-82",
  "text" : "Remove Kath Westfield with PL Policy Number of 050-632-200.",
  "status" : "SUBMITTED",
  "modifiedDate" : 1496180259473
}, {
  "id" : "41e22e20-457d-11e7-b399-3b8bd8e6a612-83",
  "name" : "doc3-83",
  "text" : "Modify Sherilyn Todhunter with PL Policy Number of 050-632-200.",
  "status" : "SUBMITTED",
  "modifiedDate" : 1496180265705
}, {
  "id" : "41e22e20-457d-11e7-b399-3b8bd8e6a612-84",
  "name" : "doc3-84",
  "text" : "Modify Mart Thynne with PL Policy Number of 050-632-200.",
  "status" : "SUBMITTED",
  "modifiedDate" : 1496180277684
}, {
  "id" : "41e22e20-457d-11e7-b399-3b8bd8e6a612-85",
  "name" : "doc3-85",
  "text" : "Modify Xenos Antoniottii with PL Policy Number of 053-932-600.",
  "status" : "SUBMITTED",
  "modifiedDate" : 1496180281607
}, {
  "id" : "41e22e20-457d-11e7-b399-3b8bd8e6a612-86",
  "name" : "doc3-86",
  "text" : "Modify Annalise Asp with PL Policy Number of 050-634-300.",
  "status" : "SUBMITTED",
  "modifiedDate" : 1496180291732
}, {
  "id" : "41e22e20-457d-11e7-b399-3b8bd8e6a612-87",
  "name" : "doc3-87",
  "text" : "Modify Cortney Overy with PL Policy Number of 050-672-200.",
  "status" : "SUBMITTED",
  "modifiedDate" : 1496180297998
}, {
  "id" : "41e22e20-457d-11e7-b399-3b8bd8e6a612-88",
  "name" : "doc3-88",
  "text" : "Modify Gena Whiting with PL Policy Number of 051-532-110.",
  "status" : "SUBMITTED",
  "modifiedDate" : 1496180301854
}, {
  "id" : "41e22e20-457d-11e7-b399-3b8bd8e6a612-89",
  "name" : "doc3-89",
  "text" : "Modify Sheila-kathryn Jachimiak with PL Policy Number of 053-631-300.",
  "status" : "SUBMITTED",
  "modifiedDate" : 1496180316432
}, {
  "id" : "41e22e20-457d-11e7-b399-3b8bd8e6a612-9",
  "name" : "doc3-9",
  "text" : "Please add Myrwyn Klasing to company policy UL33637. PL Policy no is 050-632-200 and operates in zip code 72656 with a VIN number of WP1AB29P88LA47599.",
  "status" : "SUBMITTED",
  "modifiedDate" : 1496180326979
}, {
  "id" : "41e22e20-457d-11e7-b399-3b8bd8e6a612-90",
  "name" : "doc3-90",
  "text" : "Modify Laurena Bownd with PL Policy Number of 051-634-200.",
  "status" : "SUBMITTED",
  "modifiedDate" : 1496180331867
}, {
  "id" : "41e22e20-457d-11e7-b399-3b8bd8e6a612-91",
  "name" : "doc3-91",
  "text" : "Modify Gerda Garmans with PL Policy Number of 050-632-200.",
  "status" : "SUBMITTED",
  "modifiedDate" : 1496180337195
}, {
  "id" : "41e22e20-457d-11e7-b399-3b8bd8e6a612-92",
  "name" : "doc3-92",
  "text" : "Modify Sharleen Simionato with company Policy Number of 050-632-200.",
  "status" : "SUBMITTED",
  "modifiedDate" : 1496180341617
}, {
  "id" : "41e22e20-457d-11e7-b399-3b8bd8e6a612-93",
  "name" : "doc3-93",
  "text" : "Modify Cordell Streetfield with company Policy Number of 050-632-200.",
  "status" : "SUBMITTED",
  "modifiedDate" : 1496180346632
}, {
  "id" : "41e22e20-457d-11e7-b399-3b8bd8e6a612-94",
  "name" : "doc3-94",
  "text" : "Modify Juliette Merrison with company Policy Number of 050-632-200.",
  "status" : "SUBMITTED",
  "modifiedDate" : 1496180353877
}, {
  "id" : "41e22e20-457d-11e7-b399-3b8bd8e6a612-95",
  "name" : "doc3-95",
  "text" : "Modify Tracee Toleman with company Policy Number of 050-632-200.",
  "status" : "SUBMITTED",
  "modifiedDate" : 1496180350391
}, {
  "id" : "41e22e20-457d-11e7-b399-3b8bd8e6a612-96",
  "name" : "doc3-96",
  "text" : "Modify Candy McGinnis with company Policy Number of 053-932-600.",
  "status" : "SUBMITTED",
  "modifiedDate" : 1496180356789
}, {
  "id" : "41e22e20-457d-11e7-b399-3b8bd8e6a612-97",
  "name" : "doc3-97",
  "text" : "Modify Nonna Beney with company Policy Number of 050-634-300.",
  "status" : "SUBMITTED",
  "modifiedDate" : 1496180016897
}, {
  "id" : "41e22e20-457d-11e7-b399-3b8bd8e6a612-98",
  "name" : "doc3-98",
  "text" : "Modify Emylee Burnall with company Policy Number of 050-672-200.",
  "status" : "SUBMITTED",
  "modifiedDate" : 1496180361585
}, {
  "id" : "41e22e20-457d-11e7-b399-3b8bd8e6a612-99",
  "name" : "doc3-99",
  "text" : "Modify Alverta Stein with company Policy Number of 051-532-110.",
  "status" : "SUBMITTED",
  "modifiedDate" : 1496180365603
}, {
  "id" : "52e8a6a0-456d-11e7-96e5-73faef245a10-1",
  "name" : "Doc2-1",
  "text" : "Delete Alexi Danilovich from fleet policy #: UL26080 , car policy: 050-632-200, zip: 42442, VIN: JH4DC2391XS001749, License: 5221614, P#:(714) 479-7792 Appreciate it.",
  "status" : "SUBMITTED",
  "modifiedDate" : 1496172966181
}, {
  "id" : "52e8a6a0-456d-11e7-96e5-73faef245a10-10",
  "name" : "Doc2-10",
  "text" : "Delete Keslie Strangman from fleet policy #: UL42612 , car policy: 050-632-200, zip: 73213, VIN: 1GBEK14KXRZ147957, License: 2113361, P#:(874) 895-4954 Appreciate it.",
  "status" : "SUBMITTED",
  "modifiedDate" : 1496172991892
}, {
  "id" : "52e8a6a0-456d-11e7-96e5-73faef245a10-11",
  "name" : "Doc2-11",
  "text" : "Delete Nikoletta Maundrell from fleet policy #: UL12888 , car policy: 050-632-200, zip: 27428, VIN: 1GTHC39K97E598148, License: 7180194, P#:(974) 256-3942 Appreciate it.",
  "status" : "SUBMITTED",
  "modifiedDate" : 1496173004781
}, {
  "id" : "52e8a6a0-456d-11e7-96e5-73faef245a10-12",
  "name" : "Doc2-12",
  "text" : "Delete Angus Dryburgh from fleet policy #: UL26949 , car policy: 050-632-200, zip: 39429, VIN: 1GNALAEK0EZ121259, License: 5063507, P#:(545) 426-9490 Appreciate it.",
  "status" : "SUBMITTED",
  "modifiedDate" : 1496173009679
}, {
  "id" : "52e8a6a0-456d-11e7-96e5-73faef245a10-13",
  "name" : "Doc2-13",
  "text" : "Delete Viviana Flasby from fleet policy #: UL94225 , car policy: 053-932-600, zip: 90375, VIN: 3C6JR6CT0EG114576, License: 5187322, P#:(956) 685-4515 Appreciate it.",
  "status" : "SUBMITTED",
  "modifiedDate" : 1496173013640
}, {
  "id" : "52e8a6a0-456d-11e7-96e5-73faef245a10-14",
  "name" : "Doc2-14",
  "text" : "Delete Marijn Chiechio from fleet policy #: UL57028 , car policy: 050-634-300, zip: 83427, VIN: 5FPYK1F48DB012070, License: 2319697, P#:(229) 668-3013 Appreciate it.",
  "status" : "SUBMITTED",
  "modifiedDate" : 1496173017656
}, {
  "id" : "52e8a6a0-456d-11e7-96e5-73faef245a10-15",
  "name" : "Doc2-15",
  "text" : "Delete Annie Mourbey from fleet policy #: UL70837 , car policy: 050-672-200, zip: 11405, VIN: JF1BC6738PH649484, License: 7309083, P#:(873) 665-4239 Appreciate it.",
  "status" : "SUBMITTED",
  "modifiedDate" : 1496173022191
}, {
  "id" : "52e8a6a0-456d-11e7-96e5-73faef245a10-16",
  "name" : "Doc2-16",
  "text" : "Delete Mollie Calltone from fleet policy #: UL91191 , car policy: 051-532-110, zip: 72175, VIN: 1FTNX20F91EL39892, License: 2296407, P#:(427) 684-1927 Appreciate it.",
  "status" : "SUBMITTED",
  "modifiedDate" : 1496173026630
}, {
  "id" : "52e8a6a0-456d-11e7-96e5-73faef245a10-17",
  "name" : "Doc2-17",
  "text" : "Delete Nari Clemo from fleet policy #: UL92731 , car policy: 053-631-300, zip: 38341, VIN: 1GTDT19W8Y8275568, License: 2056459, P#:(258) 677-3572 Appreciate it.",
  "status" : "SUBMITTED",
  "modifiedDate" : 1496173031262
}, {
  "id" : "52e8a6a0-456d-11e7-96e5-73faef245a10-18",
  "name" : "Doc2-18",
  "text" : "Delete Orsola Justham from fleet policy #: UL69459 , car policy: 051-634-200, zip: 54937, VIN: JT2JA82J5R0620399, License: 1294628, P#:(723) 832-2104 Appreciate it.",
  "status" : "SUBMITTED",
  "modifiedDate" : 1496173034651
}, {
  "id" : "52e8a6a0-456d-11e7-96e5-73faef245a10-19",
  "name" : "Doc2-19",
  "text" : "Delete Jorrie Tidmas from fleet policy #: UL94519 , car policy: 050-632-200, zip: 97262, VIN: 1FDXR80U7FVA12532, License: 2502469, P#:(220) 631-1565 Appreciate it.",
  "status" : "SUBMITTED",
  "modifiedDate" : 1496173039393
}, {
  "id" : "52e8a6a0-456d-11e7-96e5-73faef245a10-2",
  "name" : "Doc2-2",
  "text" : "Delete Aldridge Sevier from fleet policy #: UL93652 , car policy: 053-932-600, zip: 75506, VIN: 2FTPX27LXXCA40319, License: 1590100, P#:(547) 786-3056 Appreciate it.",
  "status" : "SUBMITTED",
  "modifiedDate" : 1496173043293
}, {
  "id" : "52e8a6a0-456d-11e7-96e5-73faef245a10-20",
  "name" : "Doc2-20",
  "text" : "Delete Brear Curbishley from fleet policy #: UL60704 , car policy: 050-632-200, zip: 41811, VIN: 4T1FA38P85U039442, License: 4826870, P#:(335) 363-5133 Appreciate it.",
  "status" : "SUBMITTED",
  "modifiedDate" : 1496173047069
}, {
  "id" : "52e8a6a0-456d-11e7-96e5-73faef245a10-21",
  "name" : "Doc2-21",
  "text" : "Please delete Ninnetta Shilito from fleet policy #: UL30763 , car policy: 050-632-200, zip: 80788, VIN: 3HSCWAPRXBN366331, License: 9238443, P#:(665) 616-2227 Thanks!!",
  "status" : "SUBMITTED",
  "modifiedDate" : 1496173050419
}, {
  "id" : "52e8a6a0-456d-11e7-96e5-73faef245a10-22",
  "name" : "Doc2-22",
  "text" : "Please delete Micaela Emanuel from fleet policy #: UL50193 , car policy: 050-632-200, zip: 61212, VIN: 1J4GW58J14C133453, License: 8763966, P#:(708) 815-9046 Thanks!!",
  "status" : "SUBMITTED",
  "modifiedDate" : 1496173053745
}, {
  "id" : "52e8a6a0-456d-11e7-96e5-73faef245a10-23",
  "name" : "Doc2-23",
  "text" : "Please delete Danell Guiden from fleet policy #: UL77779 , car policy: 050-632-200, zip: 81126, VIN: JH4DA1750HS018437, License: 1009173, P#:(660) 282-3472 Thanks!!",
  "status" : "SUBMITTED",
  "modifiedDate" : 1496172960498
}, {
  "id" : "52e8a6a0-456d-11e7-96e5-73faef245a10-24",
  "name" : "Doc2-24",
  "text" : "Please delete Marlo Dodshun from fleet policy #: UL87534 , car policy: 053-932-600, zip: 80151, VIN: KM8SC73E94U774838, License: 2950048, P#:(732) 351-7698 Thanks!!",
  "status" : "SUBMITTED",
  "modifiedDate" : 1496173057999
}, {
  "id" : "52e8a6a0-456d-11e7-96e5-73faef245a10-25",
  "name" : "Doc2-25",
  "text" : "Please delete Nina Prahl from fleet policy #: UL52145 , car policy: 050-634-300, zip: 27113, VIN: JH4KA7550NC033894, License: 9410030, P#:(468) 376-9558 Thanks!!",
  "status" : "SUBMITTED",
  "modifiedDate" : 1496173061960
}, {
  "id" : "52e8a6a0-456d-11e7-96e5-73faef245a10-26",
  "name" : "Doc2-26",
  "text" : "Please delete Emma Spennock from fleet policy #: UL37772 , car policy: 050-672-200, zip: 54348, VIN: 1FVACYDT19HAJ2694, License: 8016209, P#:(581) 798-4457 Thanks!!",
  "status" : "SUBMITTED",
  "modifiedDate" : 1496173065417
}, {
  "id" : "52e8a6a0-456d-11e7-96e5-73faef245a10-27",
  "name" : "Doc2-27",
  "text" : "Remove Lesya Cawker from fleet policy #: UL97242 , car policy: 051-532-110, zip: 78355, VIN: 3D7UT2CL2BG587350, License: 5511976, P#:(350) 537-8591 Thanks!!",
  "status" : "SUBMITTED",
  "modifiedDate" : 1496173069501
}, {
  "id" : "52e8a6a0-456d-11e7-96e5-73faef245a10-28",
  "name" : "Doc2-28",
  "text" : "Remove Gar De Leek from fleet policy #: UL49009 , car policy: 053-631-300, zip: 59246, VIN: 2FAFP73W1WX172908, License: 3452385, P#:(563) 766-8681 Thanks!!",
  "status" : "SUBMITTED",
  "modifiedDate" : 1496173109461
}, {
  "id" : "52e8a6a0-456d-11e7-96e5-73faef245a10-29",
  "name" : "Doc2-29",
  "text" : "Remove Myrwyn Winchurch from fleet policy #: UL96905 , car policy: 051-634-200, zip: 86857, VIN: 5HD1GX4117K301958, License: 9671036, P#:(741) 893-2029 Thanks!!",
  "status" : "SUBMITTED",
  "modifiedDate" : 1496172608328
}, {
  "id" : "52e8a6a0-456d-11e7-96e5-73faef245a10-3",
  "name" : "Doc2-3",
  "text" : "Delete Benoit Sycamore from fleet policy #: UL70595 , car policy: 050-634-300, zip: 23346, VIN: 1XKDAR8X9RS680118, License: 8852302, P#:(955) 545-7505 Appreciate it.",
  "status" : "SUBMITTED",
  "modifiedDate" : 1496172619982
}, {
  "id" : "52e8a6a0-456d-11e7-96e5-73faef245a10-30",
  "name" : "Doc2-30",
  "text" : "Remove Gratia Crinion from fleet policy #: UL4783 , car policy: 050-632-200, zip: 78750, VIN: 2P4GH2535SR296546, License: 8079110, P#:(427) 849-7375 Thanks!!",
  "status" : "SUBMITTED",
  "modifiedDate" : 1496172648592
}, {
  "id" : "52e8a6a0-456d-11e7-96e5-73faef245a10-31",
  "name" : "Doc2-31",
  "text" : "Remove Lara Lethcoe from fleet policy #: UL88382 , car policy: 050-632-200, zip: 59026, VIN: 1J4GZ58S9VC710649, License: 5515722, P#:(227) 594-4114 Thanks!!",
  "status" : "SUBMITTED",
  "modifiedDate" : 1496173118842
}, {
  "id" : "52e8a6a0-456d-11e7-96e5-73faef245a10-32",
  "name" : "Doc2-32",
  "text" : "Remove Clio Vernall from fleet policy #: UL57770 , car policy: 050-632-200, zip: 10091, VIN: KMHDU4ADXAU832403, License: 4379138, P#:(978) 884-8702 Thanks!!",
  "status" : "SUBMITTED",
  "modifiedDate" : 1496172657241
}, {
  "id" : "52e8a6a0-456d-11e7-96e5-73faef245a10-33",
  "name" : "Doc2-33",
  "text" : "Remove Saudra Karpmann from fleet policy #: UL98797 , car policy: 050-632-200, zip: 42459, VIN: 1GKEV16K8LF538649, License: 5598691, P#:(903) 408-9412 Thanks!!",
  "status" : "SUBMITTED",
  "modifiedDate" : 1496172664966
}, {
  "id" : "52e8a6a0-456d-11e7-96e5-73faef245a10-34",
  "name" : "Doc2-34",
  "text" : "Remove Shell Kadd from fleet policy #: UL57781 , car policy: 050-632-200, zip: 48743, VIN: 4F4ZR17V7XTM07477, License: 5308147, P#:(527) 264-9606 Thanks!!",
  "status" : "SUBMITTED",
  "modifiedDate" : 1496172698670
}, {
  "id" : "52e8a6a0-456d-11e7-96e5-73faef245a10-35",
  "name" : "Doc2-35",
  "text" : "Remove Tracee Dellenbrook from fleet policy #: UL8550 , car policy: 053-932-600, zip: 68637, VIN: JH4DA1745GS002661, License: 3109100, P#:(784) 930-5381 Thanks!!",
  "status" : "SUBMITTED",
  "modifiedDate" : 1496172703950
}, {
  "id" : "52e8a6a0-456d-11e7-96e5-73faef245a10-36",
  "name" : "Doc2-36",
  "text" : "Remove Kellen Gracey from fleet policy #: UL36552 , car policy: 050-634-300, zip: 75235, VIN: JH4DB1540PS000784, License: 9162650, P#:(441) 663-9532 Thanks!!",
  "status" : "SUBMITTED",
  "modifiedDate" : 1496172733119
}, {
  "id" : "52e8a6a0-456d-11e7-96e5-73faef245a10-37",
  "name" : "Doc2-37",
  "text" : "Remove Shurlock Kimmitt from fleet policy #: UL91692 , car policy: 050-672-200, zip: 56982, VIN: 1FAFP58U0XA209159, License: 2468370, P#:(427) 844-5631 Thanks!!",
  "status" : "SUBMITTED",
  "modifiedDate" : 1496172738323
}, {
  "id" : "52e8a6a0-456d-11e7-96e5-73faef245a10-38",
  "name" : "Doc2-38",
  "text" : "Please remove Tracy Fall from fleet policy #: UL68584 , car policy: 051-532-110, zip: 86975, VIN: JH4DA3441HS012198, License: 6430241, P#:(257) 674-4577 Appreciate it!",
  "status" : "SUBMITTED",
  "modifiedDate" : 1496172755487
}, {
  "id" : "52e8a6a0-456d-11e7-96e5-73faef245a10-39",
  "name" : "Doc2-39",
  "text" : "Please remove Bethany Ambrogiotti from fleet policy #: UL19493 , car policy: 053-631-300, zip: 14595, VIN: KMHDU4AD4AU955646, License: 6005743, P#:(585) 865-4054 Appreciate it!",
  "status" : "SUBMITTED",
  "modifiedDate" : 1496172762662
}, {
  "id" : "52e8a6a0-456d-11e7-96e5-73faef245a10-4",
  "name" : "Doc2-4",
  "text" : "Delete Kandace Charley from fleet policy #: UL37384 , car policy: 050-672-200, zip: 60431, VIN: 1FUMALYBXMP361604, License: 2437195, P#:(288) 224-9405 Appreciate it.",
  "status" : "SUBMITTED",
  "modifiedDate" : 1496172794243
}, {
  "id" : "52e8a6a0-456d-11e7-96e5-73faef245a10-40",
  "name" : "Doc2-40",
  "text" : "Please remove Clarine Dugall from fleet policy #: UL97425 , car policy: 051-634-200, zip: 84073, VIN: JH4KA7550NC033894, License: 4530647, P#:(676) 640-5911 Appreciate it!",
  "status" : "SUBMITTED",
  "modifiedDate" : 1496172802375
}, {
  "id" : "52e8a6a0-456d-11e7-96e5-73faef245a10-41",
  "name" : "Doc2-41",
  "text" : "Please remove Brinna Dallas from fleet policy #: UL71447 , car policy: 050-632-200, zip: 17048, VIN: 1C4BJWDG8DL559834, License: 9870086, P#:(769) 976-7396 Appreciate it!",
  "status" : "SUBMITTED",
  "modifiedDate" : 1496172808023
}, {
  "id" : "52e8a6a0-456d-11e7-96e5-73faef245a10-42",
  "name" : "Doc2-42",
  "text" : "Please remove Wilden Croal from fleet policy #: UL11971 , car policy: 050-632-200, zip: 83843, VIN: JH4KA7551MC045888, License: 9550612, P#:(914) 826-1154 Appreciate it!",
  "status" : "SUBMITTED",
  "modifiedDate" : 1496172813113
}, {
  "id" : "52e8a6a0-456d-11e7-96e5-73faef245a10-43",
  "name" : "Doc2-43",
  "text" : "Please remove Cornie Drummond from fleet policy #: UL62301 , car policy: 050-632-200, zip: 91924, VIN: WAUDK84AXRN029130, License: 8502377, P#:(829) 745-8236 Appreciate it!",
  "status" : "SUBMITTED",
  "modifiedDate" : 1496172818742
}, {
  "id" : "52e8a6a0-456d-11e7-96e5-73faef245a10-44",
  "name" : "Doc2-44",
  "text" : "Please remove Wesley Giddens from fleet policy #: UL58721 , car policy: 050-632-200, zip: 24629, VIN: JH4KA7560NC004288, License: 7063518, P#:(242) 704-2409 Appreciate it!",
  "status" : "SUBMITTED",
  "modifiedDate" : 1496172823703
}, {
  "id" : "52e8a6a0-456d-11e7-96e5-73faef245a10-45",
  "name" : "Doc2-45",
  "text" : "Please remove Waylen Crepin from fleet policy #: UL68220 , car policy: 050-632-200, zip: 55066, VIN: 1D7HU18D54S747050, License: 9907899, P#:(259) 247-8503 Appreciate it!",
  "status" : "SUBMITTED",
  "modifiedDate" : 1496172829639
}, {
  "id" : "52e8a6a0-456d-11e7-96e5-73faef245a10-46",
  "name" : "Doc2-46",
  "text" : "Please remove Raleigh Runacres from fleet policy #: UL68973 , car policy: 053-932-600, zip: 11676, VIN: KMHDU4AD4AU955646, License: 8179516, P#:(446) 492-6983 Appreciate it!",
  "status" : "SUBMITTED",
  "modifiedDate" : 1496172837040
}, {
  "id" : "52e8a6a0-456d-11e7-96e5-73faef245a10-47",
  "name" : "Doc2-47",
  "text" : "Please remove Nissie Janzen from fleet policy #: UL27460 , car policy: 050-634-300, zip: 86818, VIN: JTDAT1230Y5017131, License: 3101227, P#:(575) 807-4678 Appreciate it!",
  "status" : "SUBMITTED",
  "modifiedDate" : 1496172843141
}, {
  "id" : "52e8a6a0-456d-11e7-96e5-73faef245a10-48",
  "name" : "Doc2-48",
  "text" : "Please remove Homerus Jeff from fleet policy #: UL80332 , car policy: 050-672-200, zip: 11241, VIN: 2FMDK3KC7BBA78129, License: 1269906, P#:(610) 326-1691 Appreciate it!",
  "status" : "SUBMITTED",
  "modifiedDate" : 1496172850933
}, {
  "id" : "52e8a6a0-456d-11e7-96e5-73faef245a10-49",
  "name" : "Doc2-49",
  "text" : "Please remove Danyette Drane from fleet policy #: UL56263 , car policy: 051-532-110, zip: 19919, VIN: 1B3ES46C42D529439, License: 5748703, P#:(837) 762-4204 Appreciate it!",
  "status" : "SUBMITTED",
  "modifiedDate" : 1496172858279
}, {
  "id" : "52e8a6a0-456d-11e7-96e5-73faef245a10-5",
  "name" : "Doc2-5",
  "text" : "Delete Allen Adamczyk from fleet policy #: UL75181 , car policy: 051-532-110, zip: 67625, VIN: 1GTCS19W7RK583530, License: 2808242, P#:(304) 519-9420 Appreciate it.",
  "status" : "SUBMITTED",
  "modifiedDate" : 1496172864216
}, {
  "id" : "52e8a6a0-456d-11e7-96e5-73faef245a10-50",
  "name" : "Doc2-50",
  "text" : "Please remove Meridel Olivet from fleet policy #: UL43510 , car policy: 053-631-300, zip: 15942, VIN: JH4DA9360LS010859, License: 3195140, P#:(327) 281-6443 Appreciate it!",
  "status" : "SUBMITTED",
  "modifiedDate" : 1496172870785
}, {
  "id" : "52e8a6a0-456d-11e7-96e5-73faef245a10-6",
  "name" : "Doc2-6",
  "text" : "Delete Al Placide from fleet policy #: UL64721 , car policy: 053-631-300, zip: 86879, VIN: 4V4N19TG57N473975, License: 1861103, P#:(661) 660-7340 Appreciate it.",
  "status" : "SUBMITTED",
  "modifiedDate" : 1496172920601
}, {
  "id" : "52e8a6a0-456d-11e7-96e5-73faef245a10-7",
  "name" : "Doc2-7",
  "text" : "Delete Anett Vinter from fleet policy #: UL31512 , car policy: 051-634-200, zip: 95900, VIN: 1FDNX20P14EA23057, License: 5496243, P#:(359) 697-9011 Appreciate it.",
  "status" : "SUBMITTED",
  "modifiedDate" : 1496172927448
}, {
  "id" : "52e8a6a0-456d-11e7-96e5-73faef245a10-8",
  "name" : "Doc2-8",
  "text" : "Delete Trumaine Giddy from fleet policy #: UL35996 , car policy: 050-632-200, zip: 95089, VIN: WDBAB53A5FA150364, License: 6538363, P#:(446) 636-8468 Appreciate it.",
  "status" : "SUBMITTED",
  "modifiedDate" : 1496172936519
}, {
  "id" : "52e8a6a0-456d-11e7-96e5-73faef245a10-9",
  "name" : "Doc2-9",
  "text" : "Delete Glory Croxton from fleet policy #: UL66813 , car policy: 050-632-200, zip: 10260, VIN: 1GKFG15M511127298, License: 4082848, P#:(854) 895-1751 Appreciate it.",
  "status" : "SUBMITTED",
  "modifiedDate" : 1496172945924
}, {
  "id" : "c09dbd00-4551-11e7-96e5-73faef245a10-1",
  "name" : "Doc-1",
  "text" : "Add Irvine Brahams to fleet policy #: UL32953 , car policy: 050-632-200, zip: 32953, VIN: JHMZE2H73AS009608, License: 5523364, P#:(972) 499-1352 Thanks!!",
  "status" : "SUBMITTED",
  "modifiedDate" : 1496166645997
}, {
  "id" : "c09dbd00-4551-11e7-96e5-73faef245a10-10",
  "name" : "Doc-10",
  "text" : "Add Ruby Agius to fleet policy #: UL62085 , car policy: 050-632-200, zip: 62085, VIN: 5NPEB4AC8DH617686, License: 3303393, P#:(205) 248-8247 Thanks!!",
  "status" : "SUBMITTED",
  "modifiedDate" : 1496160900373
}, {
  "id" : "c09dbd00-4551-11e7-96e5-73faef245a10-11",
  "name" : "Doc-11",
  "text" : "Add Vick Geerdts to fleet policy #: UL37721 , car policy: 050-632-200, zip: 37721, VIN: JH4KA8160PC000949, License: 3738640, P#:(487) 332-5987 Thanks!!",
  "status" : "SUBMITTED",
  "modifiedDate" : 1496160955367
}, {
  "id" : "c09dbd00-4551-11e7-96e5-73faef245a10-12",
  "name" : "Doc-12",
  "text" : "Add Joel Upjohn to fleet policy #: UL68824 , car policy: 050-632-200, zip: 68824, VIN: 1B7HF16Y8TS510206, License: 6602837, P#:(245) 685-1078 Thanks!!",
  "status" : "SUBMITTED",
  "modifiedDate" : 1496160980720
}, {
  "id" : "c09dbd00-4551-11e7-96e5-73faef245a10-13",
  "name" : "Doc-13",
  "text" : "Add Marc Yashnov to fleet policy #: UL16509 , car policy: 053-932-600, zip: 16509, VIN: JF1GF4350XH802545, License: 3137598, P#:(238) 746-3936 Thanks!!",
  "status" : "SUBMITTED",
  "modifiedDate" : 1496161011074
}, {
  "id" : "c09dbd00-4551-11e7-96e5-73faef245a10-14",
  "name" : "Doc-14",
  "text" : "Add Eleni Barreau to fleet policy #: UL94693 , car policy: 050-634-300, zip: 94693, VIN: WBAVB13506PT22180, License: 2466320, P#:(455) 941-4814 Thanks!!",
  "status" : "SUBMITTED",
  "modifiedDate" : 1496161056026
}, {
  "id" : "c09dbd00-4551-11e7-96e5-73faef245a10-15",
  "name" : "Doc-15",
  "text" : "Add Obed Pietruschka to fleet policy #: UL36345 , car policy: 050-672-200, zip: 36345, VIN: 5XYZUDLB7DG006717, License: 5276618, P#:(825) 843-4382 Thanks!!",
  "status" : "SUBMITTED",
  "modifiedDate" : 1496161100669
}, {
  "id" : "c09dbd00-4551-11e7-96e5-73faef245a10-16",
  "name" : "Doc-16",
  "text" : "Add Padget Swenson to fleet policy #: UL80032 , car policy: 051-532-110, zip: 80032, VIN: 1B3BG26P3FX513068, License: 7123340, P#:(835) 959-9385 Thanks!!",
  "status" : "SUBMITTED",
  "modifiedDate" : 1496161168685
}, {
  "id" : "c09dbd00-4551-11e7-96e5-73faef245a10-17",
  "name" : "Doc-17",
  "text" : "Add Toinette Niezen to fleet policy #: UL86526 , car policy: 053-631-300, zip: 86526, VIN: 1N6AA06B74N530577, License: 6814413, P#:(747) 661-4406 Thanks!!",
  "status" : "SUBMITTED",
  "modifiedDate" : 1496165821849
}, {
  "id" : "c09dbd00-4551-11e7-96e5-73faef245a10-18",
  "name" : "Doc-18",
  "text" : "Add Valaree Greatex to fleet policy #: UL76000 , car policy: 051-634-200, zip: 76000, VIN: SCBCR63W55C024793, License: 6960443, P#:(255) 393-1859 Thanks!!",
  "status" : "SUBMITTED",
  "modifiedDate" : 1496165837843
}, {
  "id" : "c09dbd00-4551-11e7-96e5-73faef245a10-19",
  "name" : "Doc-19",
  "text" : "Add Beauregard Vosse to fleet policy #: UL45009 , car policy: 050-632-200, zip: 45009, VIN: WAUD2AFD7DN006931, License: 3036692, P#:(632) 813-7263 Thanks!!",
  "status" : "SUBMITTED",
  "modifiedDate" : 1496165855122
}, {
  "id" : "c09dbd00-4551-11e7-96e5-73faef245a10-2",
  "name" : "Doc-2",
  "text" : "Add Lindsy Luckcock to fleet policy #: UL52999 , car policy: 053-932-600, zip: 52999, VIN: 1G8ZH528X2Z310309, License: 5150394, P#:(962) 461-1035 Thanks!!",
  "status" : "SUBMITTED",
  "modifiedDate" : 1496165868881
}, {
  "id" : "c09dbd00-4551-11e7-96e5-73faef245a10-20",
  "name" : "Doc-20",
  "text" : "Add Dehlia Dolphin to fleet policy #: UL28863 , car policy: 050-632-200, zip: 28863, VIN: JA4MW31R12J026290, License: 1962344, P#:(801) 241-7193 Thanks!!",
  "status" : "SUBMITTED",
  "modifiedDate" : 1496165882467
}, {
  "id" : "c09dbd00-4551-11e7-96e5-73faef245a10-21",
  "name" : "Doc-21",
  "text" : "Add Matias Gaze to fleet policy #: UL65274 , car policy: 050-632-200, zip: 65274, VIN: 1N6AA06B74N530577, License: 2468355, P#:(342) 666-1039 Thanks!!",
  "status" : "SUBMITTED",
  "modifiedDate" : 1496165898438
}, {
  "id" : "c09dbd00-4551-11e7-96e5-73faef245a10-22",
  "name" : "Doc-22",
  "text" : "Add Josepha Clarke to fleet policy #: UL06112 , car policy: 050-632-200, zip: 06112, VIN: JH4DA9370MS016526, License: 3914964, P#:(410) 427-1283 Thanks!!",
  "status" : "SUBMITTED",
  "modifiedDate" : 1496165911411
}, {
  "id" : "c09dbd00-4551-11e7-96e5-73faef245a10-23",
  "name" : "Doc-23",
  "text" : "Add Sven Eake to fleet policy #: UL05669 , car policy: 050-632-200, zip: 05669, VIN: JH4DB1660MS010193, License: 6902671, P#:(543) 812-8723 Thanks!!",
  "status" : "SUBMITTED",
  "modifiedDate" : 1496165924535
}, {
  "id" : "c09dbd00-4551-11e7-96e5-73faef245a10-24",
  "name" : "Doc-24",
  "text" : "Add Jamey Seeks to fleet policy #: UL58305 , car policy: 053-932-600, zip: 58305, VIN: JH4KA7670PC005516, License: 7035234, P#:(241) 816-7865 Thanks!!",
  "status" : "SUBMITTED",
  "modifiedDate" : 1496165936338
}, {
  "id" : "c09dbd00-4551-11e7-96e5-73faef245a10-25",
  "name" : "Doc-25",
  "text" : "Add Meagan Pring to fleet policy #: UL05535 , car policy: 050-634-300, zip: 05535, VIN: JH4DB7540SS801338, License: 1568725, P#:(989) 854-9207 Thanks!!",
  "status" : "SUBMITTED",
  "modifiedDate" : 1496165950163
}, {
  "id" : "c09dbd00-4551-11e7-96e5-73faef245a10-26",
  "name" : "Doc-26",
  "text" : "Add Arron Mackieson to fleet policy #: UL59005 , car policy: 050-672-200, zip: 59005, VIN: JH4KA2640GC004861, License: 7426108, P#:(557) 707-8166 Thanks!!",
  "status" : "SUBMITTED",
  "modifiedDate" : 1496165970255
}, {
  "id" : "c09dbd00-4551-11e7-96e5-73faef245a10-27",
  "name" : "Doc-27",
  "text" : "Add Colleen Knoles to fleet policy #: UL01682 , car policy: 051-532-110, zip: 01682, VIN: 1FMCU14T6JU400773, License: 7442468, P#:(568) 654-6696 Thanks!!",
  "status" : "SUBMITTED",
  "modifiedDate" : 1496166020640
}, {
  "id" : "c09dbd00-4551-11e7-96e5-73faef245a10-28",
  "name" : "Doc-28",
  "text" : "Add Neall Schaffler to fleet policy #: UL51098 , car policy: 053-631-300, zip: 51098, VIN: SHSRD78875U336227, License: 1608666, P#:(639) 902-2555 Thanks!!",
  "status" : "SUBMITTED",
  "modifiedDate" : 1496166034467
}, {
  "id" : "c09dbd00-4551-11e7-96e5-73faef245a10-29",
  "name" : "Doc-29",
  "text" : "Add Risa McQuirter to fleet policy #: UL33363 , car policy: 051-634-200, zip: 33363, VIN: WAULF78K89N032914, License: 7549571, P#:(511) 357-1126 Thanks!!",
  "status" : "SUBMITTED",
  "modifiedDate" : 1496166060541
}, {
  "id" : "c09dbd00-4551-11e7-96e5-73faef245a10-3",
  "name" : "Doc-3",
  "text" : "Add Parnell Easton to fleet policy #: UL56829 , car policy: 050-634-300, zip: 56829, VIN: 3D73Y3CL6BG585460, License: 8920059, P#:(639) 936-3598 Thanks!!",
  "status" : "SUBMITTED",
  "modifiedDate" : 1496166077018
}, {
  "id" : "c09dbd00-4551-11e7-96e5-73faef245a10-30",
  "name" : "Doc-30",
  "text" : "Add Dee Elloy to fleet policy #: UL91493 , car policy: 050-632-200, zip: 91493, VIN: JH4CC2660PC002236, License: 5925684, P#:(950) 463-7905 Thanks!!",
  "status" : "SUBMITTED",
  "modifiedDate" : 1496166089274
}, {
  "id" : "c09dbd00-4551-11e7-96e5-73faef245a10-31",
  "name" : "Doc-31",
  "text" : "Add Dave Bernadot to fleet policy #: UL04806 , car policy: 050-632-200, zip: 04806, VIN: 1GCEC14W6TZ225573, License: 3993369, P#:(364) 324-4902 Thanks!!",
  "status" : "SUBMITTED",
  "modifiedDate" : 1496166110635
}, {
  "id" : "c09dbd00-4551-11e7-96e5-73faef245a10-32",
  "name" : "Doc-32",
  "text" : "Add Boy Denacamp to fleet policy #: UL15781 , car policy: 050-632-200, zip: 15781, VIN: JH4KA2550HC005889, License: 1901779, P#:(317) 662-8221 Thanks!!",
  "status" : "SUBMITTED",
  "modifiedDate" : 1496166124495
}, {
  "id" : "c09dbd00-4551-11e7-96e5-73faef245a10-33",
  "name" : "Doc-33",
  "text" : "Add Harcourt Bartusek to fleet policy #: UL08666 , car policy: 050-632-200, zip: 08666, VIN: 3VWRA69M74M033915, License: 6995437, P#:(776) 616-4270 Thanks!!",
  "status" : "SUBMITTED",
  "modifiedDate" : 1496166135434
}, {
  "id" : "c09dbd00-4551-11e7-96e5-73faef245a10-34",
  "name" : "Doc-34",
  "text" : "Hey, can you please add Abbott Rout to fleet policy #: UL60273 , car policy: 050-632-200, zip: 60273, VIN: JH4KA8170NC000665, License: 6091664, P#:(412) 816-1791 Thanks!!",
  "status" : "SUBMITTED",
  "modifiedDate" : 1496166147022
}, {
  "id" : "c09dbd00-4551-11e7-96e5-73faef245a10-35",
  "name" : "Doc-35",
  "text" : "Hey, can you please add Corliss Sayburn to fleet policy #: UL19123 , car policy: 053-932-600, zip: 19123, VIN: JH4DC4340RS000837, License: 6159472, P#:(982) 257-8893 Thanks!!",
  "status" : "SUBMITTED",
  "modifiedDate" : 1496166158356
}, {
  "id" : "c09dbd00-4551-11e7-96e5-73faef245a10-36",
  "name" : "Doc-36",
  "text" : "Hey, can you please add Selina Cail to fleet policy #: UL47943 , car policy: 050-634-300, zip: 47943, VIN: 1HGEM21292L047875, License: 2923944, P#:(517) 532-2177 Thanks!!",
  "status" : "SUBMITTED",
  "modifiedDate" : 1496166170485
}, {
  "id" : "c09dbd00-4551-11e7-96e5-73faef245a10-37",
  "name" : "Doc-37",
  "text" : "Hey, can you please add Lezley Ogborn to fleet policy #: UL18838 , car policy: 050-672-200, zip: 18838, VIN: 1G8AY12P84Z202013, License: 9110575, P#:(711) 473-9692 Thanks!!",
  "status" : "SUBMITTED",
  "modifiedDate" : 1496166184445
}, {
  "id" : "c09dbd00-4551-11e7-96e5-73faef245a10-38",
  "name" : "Doc-38",
  "text" : "Hey, can you please add Glenine Chidgey to fleet policy #: UL90667 , car policy: 051-532-110, zip: 90667, VIN: 1N6SD16S8NC343640, License: 6394631, P#:(814) 971-9202 Thanks!!",
  "status" : "SUBMITTED",
  "modifiedDate" : 1496166208171
}, {
  "id" : "c09dbd00-4551-11e7-96e5-73faef245a10-39",
  "name" : "Doc-39",
  "text" : "Hey, can you please add Lezley Leyre to fleet policy #: UL90527 , car policy: 053-631-300, zip: 90527, VIN: 5XYKT4A64CG224929, License: 4155803, P#:(466) 312-7990 Thanks!!",
  "status" : "SUBMITTED",
  "modifiedDate" : 1496166195899
}, {
  "id" : "c09dbd00-4551-11e7-96e5-73faef245a10-4",
  "name" : "Doc-4",
  "text" : "Add Wenda Castanie to fleet policy #: UL40742 , car policy: 050-672-200, zip: 40742, VIN: KM8JN72DX7U587496, License: 8062164, P#:(604) 677-8973 Thanks!!",
  "status" : "SUBMITTED",
  "modifiedDate" : 1496166218426
}, {
  "id" : "c09dbd00-4551-11e7-96e5-73faef245a10-40",
  "name" : "Doc-40",
  "text" : "Hey, can you please add George Mitchener to fleet policy #: UL52928 , car policy: 051-634-200, zip: 52928, VIN: 1GCHK23D07F136336, License: 4102364, P#:(821) 257-8292 Thanks!!",
  "status" : "SUBMITTED",
  "modifiedDate" : 1496166230197
}, {
  "id" : "c09dbd00-4551-11e7-96e5-73faef245a10-41",
  "name" : "Doc-41",
  "text" : "Hey, can you please add Sawyer Dymoke to fleet policy #: UL63243 , car policy: 050-632-200, zip: 63243, VIN: 5N1AA08A64N729252, License: 3788914, P#:(747) 656-7012 Thanks!!",
  "status" : "SUBMITTED",
  "modifiedDate" : 1496166350943
}, {
  "id" : "c09dbd00-4551-11e7-96e5-73faef245a10-42",
  "name" : "Doc-42",
  "text" : "Hey, can you please add Hillard Bigby to fleet policy #: UL20872 , car policy: 050-632-200, zip: 20872, VIN: 4A3AK24FX6E028812, License: 6454001, P#:(609) 365-3666 Thanks!!",
  "status" : "SUBMITTED",
  "modifiedDate" : 1496166365563
}, {
  "id" : "c09dbd00-4551-11e7-96e5-73faef245a10-43",
  "name" : "Doc-43",
  "text" : "Hey, can you please add Weston Roake to fleet policy #: UL27583 , car policy: 050-632-200, zip: 27583, VIN: 4S3BH665627630221, License: 5976294, P#:(703) 316-7668 Thanks!!",
  "status" : "SUBMITTED",
  "modifiedDate" : 1496166375819
}, {
  "id" : "c09dbd00-4551-11e7-96e5-73faef245a10-44",
  "name" : "Doc-44",
  "text" : "Please move Rube Mughal to fleet policy #: UL20124 , car policy: 050-632-200, zip: 20124, VIN: 1GCHK29U86E255778, License: 5819435, P#:(361) 562-2528 Thanks!!",
  "status" : "SUBMITTED",
  "modifiedDate" : 1496166390554
}, {
  "id" : "c09dbd00-4551-11e7-96e5-73faef245a10-45",
  "name" : "Doc-45",
  "text" : "Please move Janean Dealtry to fleet policy #: UL01870 , car policy: 050-632-200, zip: 01870, VIN: 1FAFP55U91A180689, License: 5429999, P#:(223) 843-6791 Thanks!!",
  "status" : "SUBMITTED",
  "modifiedDate" : 1496166402588
}, {
  "id" : "c09dbd00-4551-11e7-96e5-73faef245a10-46",
  "name" : "Doc-46",
  "text" : "Please move Dasha Morrott to fleet policy #: UL29185 , car policy: 053-932-600, zip: 29185, VIN: WAULF78K89N032914, License: 3321693, P#:(354) 282-8748 Thanks!!",
  "status" : "SUBMITTED",
  "modifiedDate" : 1496166413096
}, {
  "id" : "c09dbd00-4551-11e7-96e5-73faef245a10-47",
  "name" : "Doc-47",
  "text" : "Please move Gabrila Culverhouse to fleet policy #: UL35155 , car policy: 050-634-300, zip: 35155, VIN: 1G1ZT51806F128009, License: 9823309, P#:(815) 923-6678 Thanks!!",
  "status" : "SUBMITTED",
  "modifiedDate" : 1496166423297
}, {
  "id" : "c09dbd00-4551-11e7-96e5-73faef245a10-48",
  "name" : "Doc-48",
  "text" : "Please move Zelda Laimable to fleet policy #: UL41947 , car policy: 050-672-200, zip: 41947, VIN: 1N6AA06B74N530577, License: 6078258, P#:(464) 256-9757 Thanks!!",
  "status" : "SUBMITTED",
  "modifiedDate" : 1496166440772
}, {
  "id" : "c09dbd00-4551-11e7-96e5-73faef245a10-49",
  "name" : "Doc-49",
  "text" : "Please move Ruprecht Antosik to fleet policy #: UL27839 , car policy: 051-532-110, zip: 27839, VIN: 1G8ZF52801Z328015, License: 7115641, P#:(866) 933-4588 Thanks!!",
  "status" : "SUBMITTED",
  "modifiedDate" : 1496166461889
}, {
  "id" : "c09dbd00-4551-11e7-96e5-73faef245a10-5",
  "name" : "Doc-5",
  "text" : "Add Shane MacGibbon to fleet policy #: UL02650 , car policy: 051-532-110, zip: 02650, VIN: WBAWC73578E067076, License: 8325255, P#:(676) 348-6099 Thanks!!",
  "status" : "SUBMITTED",
  "modifiedDate" : 1496166507139
}, {
  "id" : "c09dbd00-4551-11e7-96e5-73faef245a10-50",
  "name" : "Doc-50",
  "text" : "Please move Rosaline Fancet to fleet policy #: UL79293 , car policy: 053-631-300, zip: 79293, VIN: JH4DB1550PS001359, License: 2592366, P#:(632) 872-8853 Thanks!!",
  "status" : "SUBMITTED",
  "modifiedDate" : 1496166518405
}, {
  "id" : "c09dbd00-4551-11e7-96e5-73faef245a10-6",
  "name" : "Doc-6",
  "text" : "Add Cedric Corley to fleet policy #: UL27494 , car policy: 053-631-300, zip: 27494, VIN: 1GCCS1442W8181753, License: 3954532, P#:(844) 887-7536 Thanks!!",
  "status" : "SUBMITTED",
  "modifiedDate" : 1496166552169
}, {
  "id" : "c09dbd00-4551-11e7-96e5-73faef245a10-7",
  "name" : "Doc-7",
  "text" : "Add Clayson Plett to fleet policy #: UL03504 , car policy: 051-634-200, zip: 03504, VIN: SCFEFBBC5AGD13386, License: 5627460, P#:(973) 932-2920 Thanks!!",
  "status" : "SUBMITTED",
  "modifiedDate" : 1496166561626
}, {
  "id" : "c09dbd00-4551-11e7-96e5-73faef245a10-8",
  "name" : "Doc-8",
  "text" : "Add Bastian Wadlow to fleet policy #: UL97984 , car policy: 050-632-200, zip: 97984, VIN: 2C3CCAET4CH256062, License: 3685676, P#:(461) 221-7887 Thanks!!",
  "status" : "SUBMITTED",
  "modifiedDate" : 1496166582970
}, {
  "id" : "c09dbd00-4551-11e7-96e5-73faef245a10-9",
  "name" : "Doc-9",
  "text" : "Add Denny Petrello to fleet policy #: UL15451 , car policy: 050-632-200, zip: 15451, VIN: JS1GR7JAX52104246, License: 9111506, P#:(857) 495-2497 Thanks!!",
  "status" : "SUBMITTED",
  "modifiedDate" : 1496166625129
} ]