"lemma","poscode","surface"
"alabama","3","alabama","al"
"alberta","3","alberta","ab"
"alaska","3","alaska","ak"
"arizona","3","arizona","az"
"arkansas","3","arkansas","ar"
"australian antarctic territory","3","australian antarctic territory","aat"
"australian capital territory","3","australian capital territory","act"
"british columbia","3","british columbia","bc"
"california","3","california","ca"
"colorado","3","colorado","co"
"connecticut","3","connecticut","ct"
"delaware","3","delaware","de"
"district of columbia","3","district of columbia","dc"
"florida","3","florida","fl"
"georgia","3","georgia","ga"
"hawaii","3","hawaii","hi"
"idaho","3","idaho","id"
"illinois","3","illinois","il"
"indiana","3","indiana","in"
"iowa","3","iowa","ia"
"jervis bay territory","3","jervis bay territory","jbt"
"kansas","3","kansas","ks"
"kentucky","3","kentucky","ky"
"louisiana","3","louisiana","la"
"maine","3","maine","me"
"manitoba","3","manitoba","mb"
"maryland","3","maryland","md"
"massachusetts","3","massachusetts","ma"
"michigan","3","michigan","mi"
"minnesota","3","minnesota","mn"
"mississippi","3","mississippi","ms"
"missouri","3","missouri","mo"
"montana","3","montana","mt"
"nebraska","3","nebraska","ne"
"nevada","3","nevada","nv"
"new brunswick","3","new brunswick","nb"
"new hampshire","3","new hampshire","nh"
"new jersey","3","new jersey","nj"
"new mexico","3","new mexico","nm"
"new south wales","3","new south wales","nsw"
"new york","3","new york","ny"
"newfoundland","3","newfoundland","nl"
"north carolina","3","north carolina","nc"
"north dakota","3","north dakota","nd"
"northern territory","3","northern territory","nt"
"nova scotia","3","nova scotia","ns"
"northwest territories","3","northwest territories","nt","nwt"
"nunavut","3","nunavut","nu"
"ohio","3","ohio","oh"
"oklahoma","3","oklahoma","ok"
"ontario","3","ontario","on"
"oregon","3","oregon","or"
"pennsylvania","3","pennsylvania","pa"
"prince edward island","3","prince edward island","pe","pei"
"quebec","3","quebec","qc"
"queensland","3","queensland","qld"
"rhode island","3","rhode island","ri"
"saskatchewan","3","saskatchewan","sk"
"south carolina","3","south carolina","sc"
"south dakota","3","south dakota","sd"
"southern australia","3","southern australia","sa"
"tasmania","3","tasmania","tas"
"tennessee","3","tennessee","tn"
"texas","3","texas","tx"
"utah","3","utah","ut"
"vermont","3","vermont","vt"
"victoria","3","victoria","vic"
"virginia","3","virginia","va"
"washington","3","washington","wa"
"west virginia","3","west virginia","wv"
"western australia","3","western australia","wa"
"wisconsin","3","wisconsin","wi"
"wyoming","3","wyoming","wy"
"yukon","3","yukon","yt","the yukon","yukon territory"
