"lemma","poscode","surface"
"ocoee ","3","ocoee "
"nacogdoches ","3","nacogdoches "
"greenacres ","3","greenacres "
"butte-silver bow","3","butte-silver bow"
"hopkinsville ","3","hopkinsville "
"oakley ","3","oakley "
"socorro ","3","socorro "
"naugatuck","3","naugatuck"
"upper arlington ","3","upper arlington "
"glendale heights","3","glendale heights"
"norristown","3","norristown"
"laguna hills ","3","laguna hills "
"olive branch ","3","olive branch "
"bangor ","3","bangor "
"kennesaw ","3","kennesaw "
"parkersburg ","3","parkersburg "
"bethel park","3","bethel park"
"spanish fork ","3","spanish fork "
"oswego","3","oswego"
"highland park ","3","highland park "
"oregon city ","3","oregon city "
"brighton ","3","brighton "
"lawndale ","3","lawndale "
"leawood ","3","leawood "
"north olmsted ","3","north olmsted "
"burien ","3","burien "
"north tonawanda ","3","north tonawanda "
"mcminnville ","3","mcminnville "
"galesburg ","3","galesburg "
"phenix city ","3","phenix city "
"douglasville ","3","douglasville "
"lauderdale lakes ","3","lauderdale lakes "
"juneau","3","juneau"
"wheat ridge ","3","wheat ridge "
"vestavia hills ","3","vestavia hills "
"deer park ","3","deer park "
"port huron ","3","port huron "
"west lafayette ","3","west lafayette "
"walnut ","3","walnut "
"san pablo ","3","san pablo "
"copperas cove ","3","copperas cove "
"granite city ","3","granite city "
"schertz ","3","schertz "
"walla walla ","3","walla walla "
"gurnee","3","gurnee"
"myrtle beach ","3","myrtle beach "
"chicago heights ","3","chicago heights "
"liberty ","3","liberty "
"oak park ","3","oak park "
"westlake ","3","westlake "
"fair lawn","3","fair lawn"
"jeffersonville ","3","jeffersonville "
"hobbs ","3","hobbs "
"newnan ","3","newnan "
"saratoga ","3","saratoga "
"andover ","3","andover "
"valparaiso ","3","valparaiso "
"kearney ","3","kearney "
"algonquin","3","algonquin"
"university place ","3","university place "
"royal palm beach","3","royal palm beach"
"gloucester ","3","gloucester "
"hinesville ","3","hinesville "
"tooele ","3","tooele "
"menlo park ","3","menlo park "
"la vergne ","3","la vergne "
"ballwin ","3","ballwin "
"east chicago ","3","east chicago "
"wenatchee ","3","wenatchee "
"west bend ","3","west bend "
"cleburne ","3","cleburne "
"burton ","3","burton "
"ithaca ","3","ithaca "
"lake in the hills","3","lake in the hills"
"mason ","3","mason "
"poughkeepsie ","3","poughkeepsie "
"morgantown ","3","morgantown "
"madison heights ","3","madison heights "
"jamestown ","3","jamestown "
"williamsport ","3","williamsport "
"benton ","3","benton "
"westfield","3","westfield"
"aiken ","3","aiken "
"cooper city ","3","cooper city "
"goleta ","3","goleta "
"alton ","3","alton "
"winter garden ","3","winter garden "
"alabaster ","3","alabaster "
"helena ","3","helena "
"gallatin ","3","gallatin "
"north royalton ","3","north royalton "
"los gatos","3","los gatos"
"elmira ","3","elmira "
"lawrenceville ","3","lawrenceville "
"aventura ","3","aventura "
"cookeville ","3","cookeville "
"foster city ","3","foster city "
"cutler bay","3","cutler bay"
"salisbury ","3","salisbury "
"garfield ","3","garfield "
"millville ","3","millville "
"banning ","3","banning "
"wheeling ","3","wheeling "
"schererville","3","schererville"
"saratoga springs ","3","saratoga springs "
"east st. louis ","3","east st. louis "
"paso robles","3","paso robles"
"waxahachie ","3","waxahachie "
"cedar city ","3","cedar city "
"niles","3","niles"
"rahway ","3","rahway "
"lindenhurst","3","lindenhurst"
"santa paula ","3","santa paula "
"new bern ","3","new bern "
"garden city ","3","garden city "
"adelanto ","3","adelanto "
"bessemer ","3","bessemer "
"springville ","3","springville "
"atascadero ","3","atascadero "
"lagrange ","3","lagrange "
"northampton ","3","northampton "
"los altos ","3","los altos "
"sun prairie ","3","sun prairie "
"gladstone ","3","gladstone "
"maywood ","3","maywood "
"raytown ","3","raytown "
"port chester","3","port chester"
"north ridgeville ","3","north ridgeville "
"midvale ","3","midvale "
"soledad ","3","soledad "
"newburgh ","3","newburgh "
"dania beach ","3","dania beach "
"agawam ","3","agawam "
"harvey ","3","harvey "
"rexburg ","3","rexburg "
"winter park ","3","winter park "
"hilliard ","3","hilliard "
"hobart ","3","hobart "
"round lake beach","3","round lake beach"
"clearfield ","3","clearfield "
"kingman ","3","kingman "
"monterey ","3","monterey "
"oak forest ","3","oak forest "
"southgate ","3","southgate "
"garfield heights ","3","garfield heights "
"burlingame ","3","burlingame "
"savage ","3","savage "
"oak ridge ","3","oak ridge "
"laramie ","3","laramie "
"prichard ","3","prichard "
"monroeville","3","monroeville"
"morristown ","3","morristown "
"russellville ","3","russellville "
"batavia ","3","batavia "
"owasso ","3","owasso "
"west springfield ","3","west springfield "
"lake jackson ","3","lake jackson "
"brooklyn center ","3","brooklyn center "
"xenia ","3","xenia "
"mason city ","3","mason city "
"frankfort ","3","frankfort "
"de land ","3","de land "
"san carlos ","3","san carlos "
"slidell ","3","slidell "
"statesboro ","3","statesboro "
"maryville ","3","maryville "
"glen ellyn","3","glen ellyn"
"garner","3","garner"
"west memphis ","3","west memphis "
"wake forest","3","wake forest"
"american fork ","3","american fork "
"oakdale ","3","oakdale "
"suisun city ","3","suisun city "
"college park ","3","college park "
"pullman ","3","pullman "
"matthews","3","matthews"
"glen cove ","3","glen cove "
"gillette ","3","gillette "
"mchenry ","3","mchenry "
"opelika ","3","opelika "
"winona ","3","winona "
"kirkwood ","3","kirkwood "
"kankakee ","3","kankakee "
"melrose ","3","melrose "
"weatherford ","3","weatherford "
"mount pleasant ","3","mount pleasant "
"lansing","3","lansing"
"eagle pass ","3","eagle pass "
"harrison","3","harrison"
"norco ","3","norco "
"inkster ","3","inkster "
"southlake ","3","southlake "
"barberton ","3","barberton "
"atwater ","3","atwater "
"imperial beach ","3","imperial beach "
"thomasville ","3","thomasville "
"tualatin ","3","tualatin "
"paradise","3","paradise"
"belvidere ","3","belvidere "
"post falls ","3","post falls "
"shaker heights ","3","shaker heights "
"corsicana ","3","corsicana "
"farmers branch ","3","farmers branch "
"west chicago ","3","west chicago "
"nicholasville ","3","nicholasville "
"wilmette","3","wilmette"
"statesville ","3","statesville "
"clinton ","3","clinton "
"seguin ","3","seguin "
"emporia ","3","emporia "
"spring valley","3","spring valley"
"carbondale ","3","carbondale "
"spring hill ","3","spring hill "
"jeffersontown ","3","jeffersontown "
"superior ","3","superior "
"wooster ","3","wooster "
"plum","3","plum"
"benicia ","3","benicia "
"paramus","3","paramus"
"homer glen","3","homer glen"
"kyle ","3","kyle "
"easton ","3","easton "
"paris ","3","paris "
"trotwood ","3","trotwood "
"allen park ","3","allen park "
"medina ","3","medina "
"collinsville ","3","collinsville "
"maryland heights ","3","maryland heights "
"winchester ","3","winchester "
"new london ","3","new london "
"fridley ","3","fridley "
"marshalltown ","3","marshalltown "
"seatac ","3","seatac "
"kaysville ","3","kaysville "
"dodge city ","3","dodge city "
"sandusky ","3","sandusky "
"holladay ","3","holladay "
"ridgecrest ","3","ridgecrest "
"bergenfield","3","bergenfield"
"paducah ","3","paducah "
"sanger ","3","sanger "
"leander ","3","leander "
"harker heights ","3","harker heights "
"hastings ","3","hastings "
"windsor","3","windsor"
"enterprise ","3","enterprise "
"hazelwood ","3","hazelwood "
"stevens point ","3","stevens point "
"eureka ","3","eureka "
"west linn ","3","west linn "
"fountain hills","3","fountain hills"
"fort dodge ","3","fort dodge "
"zion ","3","zion "
"corcoran ","3","corcoran "
"zanesville ","3","zanesville "
"shoreview ","3","shoreview "
"san benito ","3","san benito "
"neenah ","3","neenah "
"maywood","3","maywood"
"westmont","3","westmont"
"vicksburg ","3","vicksburg "
"little elm ","3","little elm "
"san luis ","3","san luis "
"owatonna ","3","owatonna "
"university park ","3","university park "
"lockport ","3","lockport "
"ardmore ","3","ardmore "
"paragould ","3","paragould "
"de pere ","3","de pere "
"belmont ","3","belmont "
"casselberry ","3","casselberry "
"el mirage ","3","el mirage "
"rockledge ","3","rockledge "
"bridgeton ","3","bridgeton "
"wyandotte ","3","wyandotte "
"kingsville ","3","kingsville "
"horn lake ","3","horn lake "
"lebanon ","3","lebanon "
"wasco ","3","wasco "
"freeport ","3","freeport "
"asheboro ","3","asheboro "
"barstow ","3","barstow "
"belton ","3","belton "
"edwardsville ","3","edwardsville "
"greer ","3","greer "
"sherwood ","3","sherwood "
"ponca city ","3","ponca city "
"east cleveland ","3","east cleveland "
"desert hot springs ","3","desert hot springs "
"cornelius","3","cornelius"
"hercules ","3","hercules "
"peekskill ","3","peekskill "
"vernon hills","3","vernon hills"
"aberdeen ","3","aberdeen "
"loves park ","3","loves park "
"south pasadena ","3","south pasadena "
"colleyville ","3","colleyville "
"rockville centre","3","rockville centre"
"pearl ","3","pearl "
"crown point ","3","crown point "
"queen creek","3","queen creek"
"ottumwa ","3","ottumwa "
"cudahy ","3","cudahy "
"geneva ","3","geneva "
"big spring ","3","big spring "
"caledonia","3","caledonia"
"new castle ","3","new castle "
"starkville ","3","starkville "
"mercer island ","3","mercer island "
"ridgewood","3","ridgewood"
"elizabethtown ","3","elizabethtown "
"new lenox","3","new lenox"
"seal beach ","3","seal beach "
"chaska ","3","chaska "
"north platte ","3","north platte "
"white bear lake ","3","white bear lake "
"lemon grove ","3","lemon grove "
"issaquah ","3","issaquah "
"elmwood park","3","elmwood park"
"grandview ","3","grandview "
"galt ","3","galt "
"parkland ","3","parkland "
"watauga ","3","watauga "
"denison ","3","denison "
"avon lake ","3","avon lake "
"laguna beach ","3","laguna beach "
"doral ","3","doral "
"staunton ","3","staunton "
"woodstock ","3","woodstock "
"dolton","3","dolton"
"lemoore ","3","lemoore "
"fairfax ","3","fairfax "
"homewood ","3","homewood "
"prior lake ","3","prior lake "
"san fernando ","3","san fernando "
"south portland ","3","south portland "
"marshall ","3","marshall "
"ossining","3","ossining"
"lodi","3","lodi"
"wentzville ","3","wentzville "
"papillion ","3","papillion "
"ramsey ","3","ramsey "
"walker ","3","walker "
"griffin ","3","griffin "
"athens ","3","athens "
"west fargo ","3","west fargo "
"maple heights ","3","maple heights "
"anniston ","3","anniston "
"cabot ","3","cabot "
"pascagoula ","3","pascagoula "
"mequon ","3","mequon "
"newport ","3","newport "
"champlin ","3","champlin "
"chanhassen ","3","chanhassen "
"rolling meadows ","3","rolling meadows "
"reedley ","3","reedley "
"green ","3","green "
"tarpon springs ","3","tarpon springs "
"carteret","3","carteret"
"south lake tahoe ","3","south lake tahoe "
"new smyrna beach ","3","new smyrna beach "
"norton shores ","3","norton shores "
"muskego ","3","muskego "
"opelousas ","3","opelousas "
"roselle","3","roselle"
"elk river ","3","elk river "
"hopewell ","3","hopewell "
"lisle","3","lisle"
"northport ","3","northport "
"hudson ","3","hudson "
"romulus ","3","romulus "
"benbrook ","3","benbrook "
"newberg ","3","newberg "
"huntley","3","huntley"
"sahuarita","3","sahuarita"
"centerville ","3","centerville "
"oxford ","3","oxford "
"cliffside park","3","cliffside park"
"alvin ","3","alvin "
"yukon ","3","yukon "
"kerrville ","3","kerrville "
"fredericksburg ","3","fredericksburg "
"machesney park","3","machesney park"
"selma ","3","selma "
"moscow ","3","moscow "
"east peoria ","3","east peoria "
"oak harbor ","3","oak harbor "
"woodburn ","3","woodburn "
"brawley ","3","brawley "
"palmetto bay","3","palmetto bay"
"highland","3","highland"
"coronado ","3","coronado "
"south plainfield","3","south plainfield"
"temple terrace ","3","temple terrace "
"duncan ","3","duncan "
"park forest","3","park forest"
"willoughby ","3","willoughby "
"van buren ","3","van buren "
"derby ","3","derby "
"muscatine ","3","muscatine "
"morton grove","3","morton grove"
"alliance ","3","alliance "
"kingston ","3","kingston "
"keene ","3","keene "
"kernersville","3","kernersville"
"darien ","3","darien "
"key west ","3","key west "
"kinston ","3","kinston "
"webster groves ","3","webster groves "
"laurel ","3","laurel "
"blue island ","3","blue island "
"eagle mountain ","3","eagle mountain "
"searcy ","3","searcy "
"chillicothe ","3","chillicothe "
"agoura hills ","3","agoura hills "
"garden city","3","garden city"
"el cerrito ","3","el cerrito "
"villa park","3","villa park"
"calabasas ","3","calabasas "
"brandon ","3","brandon "
"mckeesport ","3","mckeesport "
"leesburg ","3","leesburg "
"munster","3","munster"
"del city ","3","del city "
"herndon","3","herndon"
"radcliff ","3","radcliff "
"faribault ","3","faribault "
"lumberton ","3","lumberton "
"mooresville","3","mooresville"
"waynesboro ","3","waynesboro "
"bainbridge island ","3","bainbridge island "
"clarksville","3","clarksville"
"solon ","3","solon "
"melrose park","3","melrose park"
"ashland ","3","ashland "
"bloomingdale","3","bloomingdale"
"libertyville","3","libertyville"
"duarte ","3","duarte "
"kiryas joel","3","kiryas joel"
"mauldin ","3","mauldin "
"havelock ","3","havelock "
"grayslake","3","grayslake"
"hazleton ","3","hazleton "
"miami lakes","3","miami lakes"
"blythe ","3","blythe "
"forest park ","3","forest park "
"mount juliet ","3","mount juliet "
"crystal ","3","crystal "
"jacksonville beach ","3","jacksonville beach "
"johnstown ","3","johnstown "
"south salt lake ","3","south salt lake "
"loma linda ","3","loma linda "
"new brighton ","3","new brighton "
"naples ","3","naples "
"ridgeland ","3","ridgeland "
"prairie village ","3","prairie village "
"port hueneme ","3","port hueneme "
"ypsilanti ","3","ypsilanti "
"shelby ","3","shelby "
"biddeford ","3","biddeford "
"edgewater ","3","edgewater "
"south el monte ","3","south el monte "
"adrian ","3","adrian "
"plainview ","3","plainview "
"pottstown","3","pottstown"
"pelham ","3","pelham "
"south euclid ","3","south euclid "
"rosemount ","3","rosemount "
"kalispell ","3","kalispell "
"sapulpa ","3","sapulpa "
"north plainfield","3","north plainfield"
"south elgin","3","south elgin"
"south milwaukee ","3","south milwaukee "
"ruston ","3","ruston "
"ferndale ","3","ferndale "
"greenbelt ","3","greenbelt "
"south holland","3","south holland"
"mountain brook ","3","mountain brook "
"sedalia ","3","sedalia "
"forest grove ","3","forest grove "
"ferguson ","3","ferguson "
"venice ","3","venice "
"auburn hills ","3","auburn hills "
"marquette ","3","marquette "
"east moline ","3","east moline "
"holly springs","3","holly springs"
"millbrae ","3","millbrae "
"florence","3","florence"
"corinth ","3","corinth "
"mukilteo ","3","mukilteo "
"north augusta ","3","north augusta "
"milwaukie ","3","milwaukie "
"milledgeville ","3","milledgeville "
"wadsworth ","3","wadsworth "
"gardner ","3","gardner "
"roseburg ","3","roseburg "
"bixby ","3","bixby "
"la ca_ada flintridge ","3","la ca_ada flintridge "
"junction city ","3","junction city "
"west mifflin","3","west mifflin"
"lake zurich","3","lake zurich"
"riverbank ","3","riverbank "
"arnold ","3","arnold "
"piqua ","3","piqua "
"summit ","3","summit "
"hamtramck ","3","hamtramck "
"cumberland ","3","cumberland "
"crest hill ","3","crest hill "
"new hope ","3","new hope "
"lexington ","3","lexington "
"yucca valley","3","yucca valley"
"kenmore ","3","kenmore "
"mint hill","3","mint hill"
"hays ","3","hays "
"farragut","3","farragut"
"golden valley ","3","golden valley "
"norwood ","3","norwood "
"dinuba ","3","dinuba "
"easley ","3","easley "
"klamath falls ","3","klamath falls "
"sebastian ","3","sebastian "
"rock springs ","3","rock springs "
"lino lakes ","3","lino lakes "
"lomita ","3","lomita "
"point pleasant","3","point pleasant"
"bensenville","3","bensenville"
"snellville ","3","snellville "
"liberal ","3","liberal "
"elizabeth city ","3","elizabeth city "
"balch springs ","3","balch springs "
"brownsburg","3","brownsburg"
"gallup ","3","gallup "
"sidney ","3","sidney "
"maple valley ","3","maple valley "
"mountlake terrace ","3","mountlake terrace "
"el dorado ","3","el dorado "
"brookings ","3","brookings "
"lynbrook","3","lynbrook"
"pleasant prairie","3","pleasant prairie"
"alice ","3","alice "
"albertville ","3","albertville "
"miamisburg ","3","miamisburg "
"mcdonough ","3","mcdonough "
"parma heights ","3","parma heights "
"glassboro","3","glassboro"
"macomb ","3","macomb "
"bethany ","3","bethany "
"tinton falls","3","tinton falls"
"ashtabula ","3","ashtabula "
"fountain ","3","fountain "
"shelbyville ","3","shelbyville "
"deerfield","3","deerfield"
"east ridge ","3","east ridge "
"northfield ","3","northfield "
"hialeah gardens ","3","hialeah gardens "
"germantown","3","germantown"
"nogales ","3","nogales "
"south st. paul ","3","south st. paul "
"stafford ","3","stafford "
"terrell ","3","terrell "
"eastlake ","3","eastlake "
"ennis ","3","ennis "
"murrysville","3","murrysville"
"christiansburg","3","christiansburg"
"acworth ","3","acworth "
"eagle ","3","eagle "
"sulphur ","3","sulphur "
"crestview ","3","crestview "
"ottawa ","3","ottawa "
"plattsburgh ","3","plattsburgh "
"palisades park","3","palisades park"
"evergreen park","3","evergreen park"
"hermosa beach ","3","hermosa beach "
"niles ","3","niles "
"morristown","3","morristown"
"mokena","3","mokena"
"seymour ","3","seymour "
"brook park ","3","brook park "
"chowchilla ","3","chowchilla "
"sylvania ","3","sylvania "
"brownwood ","3","brownwood "
"louisville ","3","louisville "
"eustis ","3","eustis "
"mineola","3","mineola"
"madisonville ","3","madisonville "
"daphne ","3","daphne "
"haines city ","3","haines city "
"wilsonville ","3","wilsonville "
"patterson ","3","patterson "
"warrensburg ","3","warrensburg "
"bourbonnais","3","bourbonnais"
"fairmont ","3","fairmont "
"cartersville ","3","cartersville "
"seminole ","3","seminole "
"trussville ","3","trussville "
"port angeles ","3","port angeles "
"indian trail","3","indian trail"
"coalinga ","3","coalinga "
"bellwood","3","bellwood"
"west st. paul ","3","west st. paul "
"oregon ","3","oregon "
"altus ","3","altus "
"rocky river ","3","rocky river "
"fort walton beach ","3","fort walton beach "
"pleasantville ","3","pleasantville "
"evans ","3","evans "
"nixa ","3","nixa "
"steubenville ","3","steubenville "
"pinole ","3","pinole "
"moses lake ","3","moses lake "
"weirton ","3","weirton "
"brigham city ","3","brigham city "
"st. matthews ","3","st. matthews "
"alsip","3","alsip"
"sachse ","3","sachse "
"central falls ","3","central falls "
"logansport ","3","logansport "
"pinecrest","3","pinecrest"
"angleton ","3","angleton "
"tullahoma ","3","tullahoma "
"baldwin","3","baldwin"
"ansonia ","3","ansonia "
"sand springs ","3","sand springs "
"coralville ","3","coralville "
"homewood","3","homewood"
"painesville ","3","painesville "
"orinda ","3","orinda "
"hinsdale","3","hinsdale"
"rolla ","3","rolla "
"cortland ","3","cortland "
"mamaroneck","3","mamaroneck"
"palestine ","3","palestine "
"mcalester ","3","mcalester "
"carlisle","3","carlisle"
"universal city ","3","universal city "
"west chester","3","west chester"
"chambersburg","3","chambersburg"
"augusta ","3","augusta "
"marshfield ","3","marshfield "
"natchitoches ","3","natchitoches "
"columbia heights ","3","columbia heights "
"bellaire ","3","bellaire "
"whitehall ","3","whitehall "
"laguna woods ","3","laguna woods "
"carrboro","3","carrboro"
"saco ","3","saco "
"ozark ","3","ozark "
"mandan ","3","mandan "
"brookfield","3","brookfield"
"clarksdale ","3","clarksdale "
"hawthorne","3","hawthorne"
"montrose ","3","montrose "
"berea ","3","berea "
"frankfort","3","frankfort"
"vincennes ","3","vincennes "
"franklin park","3","franklin park"
"hazel park ","3","hazel park "
"camas ","3","camas "
"marina ","3","marina "
"lenoir ","3","lenoir "
"dickinson ","3","dickinson "
"dover","3","dover"
"willmar ","3","willmar "
"colonial heights ","3","colonial heights "
"mayfield heights ","3","mayfield heights "
"mustang ","3","mustang "
"raymore ","3","raymore "
"takoma park ","3","takoma park "
"scarsdale","3","scarsdale"
"herriman ","3","herriman "
"north ogden ","3","north ogden "
"sycamore ","3","sycamore "
"lackawanna ","3","lackawanna "
"new port richey ","3","new port richey "
"south burlington ","3","south burlington "
"springboro ","3","springboro "
"newburyport ","3","newburyport "
"amsterdam ","3","amsterdam "
"pickerington ","3","pickerington "
"godfrey","3","godfrey"
"wilkinsburg","3","wilkinsburg"
"douglas ","3","douglas "
"converse ","3","converse "
"lindenwold","3","lindenwold"
"claremore ","3","claremore "
"rutherford","3","rutherford"
"hannibal ","3","hannibal "
"payson ","3","payson "
"matteson","3","matteson"
"dixon ","3","dixon "
"twinsburg ","3","twinsburg "
"albert lea ","3","albert lea "
"massapequa park","3","massapequa park"
"pampa ","3","pampa "
"forest lake ","3","forest lake "
"kirksville ","3","kirksville "
"oswego ","3","oswego "
"tiffin ","3","tiffin "
"susanville ","3","susanville "
"golden ","3","golden "
"new philadelphia ","3","new philadelphia "
"tallmadge ","3","tallmadge "
"anoka ","3","anoka "
"tifton ","3","tifton "
"broadview heights ","3","broadview heights "
"ashwaubenon","3","ashwaubenon"
"clemmons","3","clemmons"
"sugar hill ","3","sugar hill "
"lathrop ","3","lathrop "
"sheridan ","3","sheridan "
"morganton ","3","morganton "
"erlanger ","3","erlanger "
"wayne ","3","wayne "
"arroyo grande ","3","arroyo grande "
"mattoon ","3","mattoon "
"wisconsin rapids ","3","wisconsin rapids "
"santa fe springs ","3","santa fe springs "
"elko ","3","elko "
"ocean springs ","3","ocean springs "
"avenal ","3","avenal "
"fairhope ","3","fairhope "
"simpsonville ","3","simpsonville "
"ellensburg ","3","ellensburg "
"dyersburg ","3","dyersburg "
"poplar bluff ","3","poplar bluff "
"donna ","3","donna "
"tukwila ","3","tukwila "
"safety harbor ","3","safety harbor "
"avon ","3","avon "
"goodlettsville ","3","goodlettsville "
"laconia ","3","laconia "
"chickasha ","3","chickasha "
"sikeston ","3","sikeston "
"moraga","3","moraga"
"perrysburg ","3","perrysburg "
"arcata ","3","arcata "
"martinsburg ","3","martinsburg "
"fuquay-varina","3","fuquay-varina"
"vero beach ","3","vero beach "
"dumont","3","dumont"
"hopkins ","3","hopkins "
"talladega ","3","talladega "
"north canton ","3","north canton "
"palos hills ","3","palos hills "
"stephenville ","3","stephenville "
"bartow ","3","bartow "
"mill creek ","3","mill creek "
"mineral wells ","3","mineral wells "
"creve coeur ","3","creve coeur "
"sevierville ","3","sevierville "
"beckley ","3","beckley "
"battle ground ","3","battle ground "
"bonney lake ","3","bonney lake "
"anacortes ","3","anacortes "
"mount clemens ","3","mount clemens "
"onalaska ","3","onalaska "
"st. marys ","3","st. marys "
"howard","3","howard"
"round lake","3","round lake"
"rutland ","3","rutland "
"highland village ","3","highland village "
"ada ","3","ada "
"country club hills ","3","country club hills "
"grandville ","3","grandville "
"rancho mirage ","3","rancho mirage "
"belle glade ","3","belle glade "
"fairview heights ","3","fairview heights "
"la vista ","3","la vista "
"shively ","3","shively "
"millbrook ","3","millbrook "
"menasha ","3","menasha "
"tahlequah ","3","tahlequah "
"alamo ","3","alamo "
"asbury park ","3","asbury park "
"el reno ","3","el reno "
"westbrook ","3","westbrook "
"americus ","3","americus "
"yorkville ","3","yorkville "
"central point ","3","central point "
"cocoa ","3","cocoa "
"midlothian ","3","midlothian "
"durant ","3","durant "
"palm springs","3","palm springs"
"clarksburg ","3","clarksburg "
"erie","3","erie"
"durango ","3","durango "
"natchez ","3","natchez "
"roanoke rapids ","3","roanoke rapids "
"gretna ","3","gretna "
"bella vista","3","bella vista"
"phoenixville","3","phoenixville"
"pendleton ","3","pendleton "
"south houston ","3","south houston "
"punta gorda ","3","punta gorda "
"hermitage ","3","hermitage "
"sunny isles beach ","3","sunny isles beach "
"american canyon ","3","american canyon "
"griffith","3","griffith"
"gautier ","3","gautier "
"debary ","3","debary "
"white settlement ","3","white settlement "
"suwanee ","3","suwanee "
"artesia ","3","artesia "
"middleton ","3","middleton "
"el segundo ","3","el segundo "
"hibbing ","3","hibbing "
"maumelle ","3","maumelle "
"easthampton ","3","easthampton "
"truckee","3","truckee"
"lemont","3","lemont"
"uvalde ","3","uvalde "
"radford ","3","radford "
"blytheville ","3","blytheville "
"nederland ","3","nederland "
"clayton ","3","clayton "
"hanahan ","3","hanahan "
"defiance ","3","defiance "
"prospect heights ","3","prospect heights "
"morton","3","morton"
"waterville ","3","waterville "
"madison","3","madison"
"new milford","3","new milford"
"dyer","3","dyer"
"south ogden ","3","south ogden "
"ca_on city ","3","ca_on city "
"stuart ","3","stuart "
"floral park","3","floral park"
"clayton","3","clayton"
"north myrtle beach ","3","north myrtle beach "
"north aurora","3","north aurora"
"shafter ","3","shafter "
"fairview park ","3","fairview park "
"hueytown ","3","hueytown "
"westchester","3","westchester"
"centralia ","3","centralia "
"johnston ","3","johnston "
"red wing ","3","red wing "
"south river","3","south river"
"coos bay ","3","coos bay "
"canby ","3","canby "
"marco island ","3","marco island "
"overland ","3","overland "
"powder springs ","3","powder springs "
"la palma ","3","la palma "
"jenks ","3","jenks "
"west university place ","3","west university place "
"menomonie ","3","menomonie "
"great bend ","3","great bend "
"laurinburg ","3","laurinburg "
"lansdale","3","lansdale"
"albemarle ","3","albemarle "
"shorewood","3","shorewood"
"hopatcong","3","hopatcong"
"payson","3","payson"
"deming ","3","deming "
"sulphur springs ","3","sulphur springs "
"eden ","3","eden "
"greeneville","3","greeneville"
"troutdale ","3","troutdale "
"kaukauna ","3","kaukauna "
"moultrie ","3","moultrie "
"center point ","3","center point "
"hyattsville ","3","hyattsville "
"secaucus","3","secaucus"
"west melbourne ","3","west melbourne "
"depew","3","depew"
"hermiston ","3","hermiston "
"cullman ","3","cullman "
"opa-locka ","3","opa-locka "
"riverdale ","3","riverdale "
"st. michael ","3","st. michael "
"brenham ","3","brenham "
"lynn haven ","3","lynn haven "
"gatesville ","3","gatesville "
"greensburg ","3","greensburg "
"la grange","3","la grange"
"clive ","3","clive "
"montgomery","3","montgomery"
"hawaiian gardens ","3","hawaiian gardens "
"forest park","3","forest park"
"forney ","3","forney "
"fort thomas ","3","fort thomas "
"milton ","3","milton "
"grosse pointe woods ","3","grosse pointe woods "
"lake mary ","3","lake mary "
"beaver dam ","3","beaver dam "
"mercedes ","3","mercedes "
"sterling ","3","sterling "
"cahokia","3","cahokia"
"alexander city ","3","alexander city "
"arvin ","3","arvin "
"westbury","3","westbury"
"rye ","3","rye "
"fillmore ","3","fillmore "
"crawfordsville ","3","crawfordsville "
"clearlake ","3","clearlake "
"bryant ","3","bryant "
"bellevue","3","bellevue"
"hanover","3","hanover"
"cohoes ","3","cohoes "
"ham lake ","3","ham lake "
"kenmore","3","kenmore"
"scottsboro ","3","scottsboro "
"bridgeview","3","bridgeview"
"paradise valley","3","paradise valley"
"gloversville ","3","gloversville "
"bradley","3","bradley"
"owosso ","3","owosso "
"ukiah ","3","ukiah "
"sunnyside ","3","sunnyside "
"lady lake","3","lady lake"
"new franklin ","3","new franklin "
"maitland ","3","maitland "
"middleburg heights ","3","middleburg heights "
"vienna","3","vienna"
"fraser ","3","fraser "
"humble ","3","humble "
"pooler ","3","pooler "
"reidsville ","3","reidsville "
"sharon ","3","sharon "
"elkton","3","elkton"
"siloam springs ","3","siloam springs "
"tonawanda ","3","tonawanda "
"calhoun ","3","calhoun "
"berkley ","3","berkley "
"scottsbluff ","3","scottsbluff "
"murphy ","3","murphy "
"pineville ","3","pineville "
"waycross ","3","waycross "
"ocean city ","3","ocean city "
"indiana","3","indiana"
"mitchell ","3","mitchell "
"johnson city","3","johnson city"
"boulder city ","3","boulder city "
"allouez","3","allouez"
"north arlington","3","north arlington"
"oroville ","3","oroville "
"easton","3","easton"
"grenada ","3","grenada "
"tenafly","3","tenafly"
"panama city beach ","3","panama city beach "
"jennings ","3","jennings "
"front royal","3","front royal"
"bay village ","3","bay village "
"canyon ","3","canyon "
"pacific grove ","3","pacific grove "
"ramsey","3","ramsey"
"beacon ","3","beacon "
"california city ","3","california city "
"cibolo ","3","cibolo "
"martinsville ","3","martinsville "
"graham ","3","graham "
"phillipsburg","3","phillipsburg"
"eufaula ","3","eufaula "
"hereford ","3","hereford "
"streetsboro ","3","streetsboro "
"lake wales ","3","lake wales "
"ripon ","3","ripon "
"sunland park ","3","sunland park "
"west park ","3","west park "
"pottsville ","3","pottsville "
"traverse city ","3","traverse city "
"groves ","3","groves "
"indianola ","3","indianola "
"stockbridge ","3","stockbridge "
"auburndale ","3","auburndale "
"river falls ","3","river falls "
"beech grove ","3","beech grove "
"glasgow ","3","glasgow "
"whitewater ","3","whitewater "
"palmetto ","3","palmetto "
"zachary ","3","zachary "
"highland park","3","highland park"
"la marque ","3","la marque "
"greenwood village ","3","greenwood village "
"moberly ","3","moberly "
"eatontown","3","eatontown"
"oconomowoc ","3","oconomowoc "
"riverdale","3","riverdale"
"lake st. louis ","3","lake st. louis "
"los lunas","3","los lunas"
"olean ","3","olean "
"jasper ","3","jasper "
"vandalia ","3","vandalia "
"tumwater ","3","tumwater "
"sault ste. marie ","3","sault ste. marie "
"hazel crest","3","hazel crest"
"winder ","3","winder "
"fort payne ","3","fort payne "
"thibodaux ","3","thibodaux "
"channahon","3","channahon"
"red bluff ","3","red bluff "
"greendale","3","greendale"
"dunmore","3","dunmore"
"culpeper","3","culpeper"
"dickson ","3","dickson "
"elizabethton ","3","elizabethton "
"norridge","3","norridge"
"moss point ","3","moss point "
