"lemma","poscode","surface"
"rio grande city ","3","rio grande city "
"boone","3","boone"
"butler ","3","butler "
"connersville ","3","connersville "
"crowley ","3","crowley "
"dumas ","3","dumas "
"carthage ","3","carthage "
"sartell ","3","sartell "
"west columbia ","3","west columbia "
"katy ","3","katy "
"callaway ","3","callaway "
"pierre ","3","pierre "
"antioch","3","antioch"
"hartselle ","3","hartselle "
"glens falls ","3","glens falls "
"otsego ","3","otsego "
"forest hill ","3","forest hill "
"maumee ","3","maumee "
"wood dale ","3","wood dale "
"lyndhurst ","3","lyndhurst "
"collingswood","3","collingswood"
"morris ","3","morris "
"foley ","3","foley "
"yankton ","3","yankton "
"streator ","3","streator "
"cusseta","3","cusseta"
"tavares ","3","tavares "
"willowick ","3","willowick "
"republic ","3","republic "
"north adams ","3","north adams "
"morrisville","3","morrisville"
"brainerd ","3","brainerd "
"mccomb ","3","mccomb "
"circleville ","3","circleville "
"new kensington ","3","new kensington "
"gardendale ","3","gardendale "
"south daytona ","3","south daytona "
"lockhart ","3","lockhart "
"kingsland ","3","kingsland "
"midlothian","3","midlothian"
"zionsville","3","zionsville"
"carpinteria ","3","carpinteria "
"washington court house ","3","washington court house "
"imperial ","3","imperial "
"ammon ","3","ammon "
"middlesex","3","middlesex"
"fergus falls ","3","fergus falls "
"warsaw ","3","warsaw "
"warrensville heights ","3","warrensville heights "
"lake stevens ","3","lake stevens "
"hutto ","3","hutto "
"palos verdes estates ","3","palos verdes estates "
"whitefish bay","3","whitefish bay"
"hewitt ","3","hewitt "
"conyers ","3","conyers "
"bemidji ","3","bemidji "
"fairview","3","fairview"
"robbinsdale ","3","robbinsdale "
"washougal ","3","washougal "
"longwood ","3","longwood "
"weston","3","weston"
"north salt lake ","3","north salt lake "
"commerce ","3","commerce "
"wixom ","3","wixom "
"hammonton","3","hammonton"
"oldsmar ","3","oldsmar "
"livingston ","3","livingston "
"moody ","3","moody "
"whitehall","3","whitehall"
"mcpherson ","3","mcpherson "
"princeton","3","princeton"
"sharonville ","3","sharonville "
"chicago ridge","3","chicago ridge"
"baker ","3","baker "
"kuna ","3","kuna "
"hickory hills ","3","hickory hills "
"hurricane ","3","hurricane "
"worthington ","3","worthington "
"oakland","3","oakland"
"brookhaven ","3","brookhaven "
"forrest city ","3","forrest city "
"parlier ","3","parlier "
"mill valley ","3","mill valley "
"hope mills","3","hope mills"
"lake station ","3","lake station "
"meadville ","3","meadville "
"orangeburg ","3","orangeburg "
"oneonta ","3","oneonta "
"harrison ","3","harrison "
"gaffney ","3","gaffney "
"holly hill ","3","holly hill "
"zephyrhills ","3","zephyrhills "
"atlantic beach ","3","atlantic beach "
"live oak ","3","live oak "
"hugo ","3","hugo "
"grover beach ","3","grover beach "
"beach park","3","beach park"
"clermont ","3","clermont "
"metuchen","3","metuchen"
"havre de grace ","3","havre de grace "
"ephrata","3","ephrata"
"sweetwater ","3","sweetwater "
"new ulm ","3","new ulm "
"horizon city ","3","horizon city "
"warrenville ","3","warrenville "
"muscle shoals ","3","muscle shoals "
"clemson ","3","clemson "
"malibu ","3","malibu "
"fostoria ","3","fostoria "
"st. john","3","st. john"
"perry ","3","perry "
"wickliffe ","3","wickliffe "
"stoughton ","3","stoughton "
"smithfield","3","smithfield"
"minden ","3","minden "
"saraland ","3","saraland "
"kingston","3","kingston"
"fernley ","3","fernley "
"chippewa falls ","3","chippewa falls "
"swansea","3","swansea"
"west monroe ","3","west monroe "
"lewisville","3","lewisville"
"hayden ","3","hayden "
"mount dora ","3","mount dora "
"brecksville ","3","brecksville "
"sylacauga ","3","sylacauga "
"richton park","3","richton park"
"pell city ","3","pell city "
"villa rica ","3","villa rica "
"solana beach ","3","solana beach "
"powell ","3","powell "
"san marino ","3","san marino "
"roselle park","3","roselle park"
"blue ash ","3","blue ash "
"bloomsburg","3","bloomsburg"
"beatrice ","3","beatrice "
"st. ann ","3","st. ann "
"west carrollton city ","3","west carrollton city "
"babylon","3","babylon"
"eloy ","3","eloy "
"kerman ","3","kerman "
"fulton ","3","fulton "
"chesterton","3","chesterton"
"western springs","3","western springs"
"pataskala ","3","pataskala "
"beeville ","3","beeville "
"la grande ","3","la grande "
"ringwood","3","ringwood"
"borger ","3","borger "
"southern pines","3","southern pines"
"bellefontaine ","3","bellefontaine "
"brigantine ","3","brigantine "
"cayce ","3","cayce "
"happy valley ","3","happy valley "
"williston ","3","williston "
"somerville","3","somerville"
"okmulgee ","3","okmulgee "
"woodhaven ","3","woodhaven "
"wilton manors ","3","wilton manors "
"boone ","3","boone "
"glen carbon","3","glen carbon"
"bogalusa ","3","bogalusa "
"port neches ","3","port neches "
"speedway","3","speedway"
"mountain home ","3","mountain home "
"ionia ","3","ionia "
"harper woods ","3","harper woods "
"destin ","3","destin "
"miami springs ","3","miami springs "
"north mankato ","3","north mankato "
"university heights ","3","university heights "
"soddy-daisy ","3","soddy-daisy "
"st. helens ","3","st. helens "
"bexley ","3","bexley "
"vadnais heights ","3","vadnais heights "
"pewaukee ","3","pewaukee "
"effingham ","3","effingham "
"williamsburg ","3","williamsburg "
"palos heights ","3","palos heights "
"new carrollton ","3","new carrollton "
"justice","3","justice"
"levelland ","3","levelland "
"half moon bay ","3","half moon bay "
"somerset ","3","somerset "
"lake forest park ","3","lake forest park "
"lake city ","3","lake city "
"south charleston ","3","south charleston "
"mandeville ","3","mandeville "
"endicott","3","endicott"
"la grange park","3","la grange park"
"st. augustine ","3","st. augustine "
"florham park","3","florham park"
"winnetka","3","winnetka"
"ridgefield park","3","ridgefield park"
"waukee ","3","waukee "
"conneaut ","3","conneaut "
"somerton ","3","somerton "
"herrin ","3","herrin "
"bainbridge ","3","bainbridge "
"pinehurst","3","pinehurst"
"show low ","3","show low "
"hernando ","3","hernando "
"niceville ","3","niceville "
"kewanee ","3","kewanee "
"peru ","3","peru "
"woodward ","3","woodward "
"east wenatchee ","3","east wenatchee "
"bucyrus ","3","bucyrus "
"markham ","3","markham "
"avon","3","avon"
"taylorville ","3","taylorville "
"grass valley ","3","grass valley "
"wauconda","3","wauconda"
"portales ","3","portales "
"escanaba ","3","escanaba "
"grand terrace ","3","grand terrace "
"wanaque","3","wanaque"
"patchogue","3","patchogue"
"helena-west helena ","3","helena-west helena "
"rantoul","3","rantoul"
"kelso ","3","kelso "
"ventnor city ","3","ventnor city "
"robstown ","3","robstown "
"clawson ","3","clawson "
"middletown","3","middletown"
"north palm beach","3","north palm beach"
"green river ","3","green river "
"abbeville ","3","abbeville "
"mcfarland ","3","mcfarland "
"lower burrell ","3","lower burrell "
"dunkirk ","3","dunkirk "
"elizabethtown","3","elizabethtown"
"west plains ","3","west plains "
"sauk rapids ","3","sauk rapids "
"kilgore ","3","kilgore "
"mounds view ","3","mounds view "
"excelsior springs ","3","excelsior springs "
"seagoville ","3","seagoville "
"east liverpool ","3","east liverpool "
"san anselmo","3","san anselmo"
"hidalgo ","3","hidalgo "
"mount washington ","3","mount washington "
"somersworth ","3","somersworth "
"south sioux city ","3","south sioux city "
"cocoa beach ","3","cocoa beach "
"west paterson","3","west paterson"
"new providence","3","new providence"
"the dalles ","3","the dalles "
"fort atkinson ","3","fort atkinson "
"east bethel ","3","east bethel "
"red bank","3","red bank"
"poquoson ","3","poquoson "
"chubbuck ","3","chubbuck "
"riverview ","3","riverview "
"bastrop ","3","bastrop "
"lincolnwood","3","lincolnwood"
"two rivers ","3","two rivers "
"picayune ","3","picayune "
"buford ","3","buford "
"monticello ","3","monticello "
"satellite beach ","3","satellite beach "
"beaufort ","3","beaufort "
"lynden ","3","lynden "
"tehachapi ","3","tehachapi "
"federal heights ","3","federal heights "
"amherst ","3","amherst "
"plover","3","plover"
"brown deer","3","brown deer"
"larkspur ","3","larkspur "
"irmo","3","irmo"
"uniontown ","3","uniontown "
"fenton ","3","fenton "
"los alamitos ","3","los alamitos "
"king city ","3","king city "
"coatesville ","3","coatesville "
"muskegon heights ","3","muskegon heights "
"franklin lakes","3","franklin lakes"
"seven hills ","3","seven hills "
"grafton","3","grafton"
"fernandina beach ","3","fernandina beach "
"morgan city ","3","morgan city "
"lilburn ","3","lilburn "
"sedona ","3","sedona "
"crossville ","3","crossville "
"mendota heights ","3","mendota heights "
"schiller park","3","schiller park"
"red bank ","3","red bank "
"north liberty ","3","north liberty "
"webb city ","3","webb city "
"seabrook ","3","seabrook "
"cordele ","3","cordele "
"gloucester city ","3","gloucester city "
"eunice ","3","eunice "
"winfield ","3","winfield "
"verona ","3","verona "
"norton ","3","norton "
"cornelius ","3","cornelius "
"northlake ","3","northlake "
"haddonfield","3","haddonfield"
"port lavaca ","3","port lavaca "
"freehold","3","freehold"
"yazoo city ","3","yazoo city "
"cottonwood ","3","cottonwood "
"hasbrouck heights","3","hasbrouck heights"
"crestwood ","3","crestwood "
"burr ridge","3","burr ridge"
"cloquet ","3","cloquet "
"ravenna ","3","ravenna "
"yeadon","3","yeadon"
"tuskegee ","3","tuskegee "
"vidalia ","3","vidalia "
"choctaw ","3","choctaw "
"coshocton ","3","coshocton "
"emmaus","3","emmaus"
"azle ","3","azle "
"new baltimore ","3","new baltimore "
"somers point ","3","somers point "
"fortuna ","3","fortuna "
"manassas park ","3","manassas park "
"neosho ","3","neosho "
"leeds ","3","leeds "
"elk city ","3","elk city "
"pine hill","3","pine hill"
"ironton ","3","ironton "
"wallington","3","wallington"
"west point ","3","west point "
"waunakee","3","waunakee"
"roma ","3","roma "
"north st. paul ","3","north st. paul "
"festus ","3","festus "
"baraboo ","3","baraboo "
"canyon lake ","3","canyon lake "
"bardstown ","3","bardstown "
"lyndon ","3","lyndon "
"woodinville ","3","woodinville "
"chamblee ","3","chamblee "
"munhall","3","munhall"
"lakeway ","3","lakeway "
"river forest","3","river forest"
"bellmawr","3","bellmawr"
"kings mountain ","3","kings mountain "
"port washington ","3","port washington "
"shiloh","3","shiloh"
"falls church ","3","falls church "
"canandaigua ","3","canandaigua "
"dobbs ferry","3","dobbs ferry"
"glen rock","3","glen rock"
"arkadelphia ","3","arkadelphia "
"scotts valley ","3","scotts valley "
"little chute","3","little chute"
"ogdensburg ","3","ogdensburg "
"lighthouse point ","3","lighthouse point "
"beachwood ","3","beachwood "
"lancaster","3","lancaster"
"cedarburg ","3","cedarburg "
"bluefield ","3","bluefield "
"suffern","3","suffern"
"fox lake","3","fox lake"
"magnolia ","3","magnolia "
"chino valley","3","chino valley"
"glenn heights ","3","glenn heights "
"mexico ","3","mexico "
"arkansas city ","3","arkansas city "
"oskaloosa ","3","oskaloosa "
"parsons ","3","parsons "
"kingsburg ","3","kingsburg "
"port royal","3","port royal"
"fredonia","3","fredonia"
"vidor ","3","vidor "
"crestwood","3","crestwood"
"guthrie ","3","guthrie "
"huron ","3","huron "
"campton hills","3","campton hills"
"tarrytown","3","tarrytown"
"pompton lakes","3","pompton lakes"
"haverstraw","3","haverstraw"
"fairburn ","3","fairburn "
"bolivar ","3","bolivar "
"blackfoot ","3","blackfoot "
"campbellsville ","3","campbellsville "
"lewisburg ","3","lewisburg "
"st. albans ","3","st. albans "
"spencer ","3","spencer "
"cedar lake","3","cedar lake"
"wood river ","3","wood river "
"healdsburg ","3","healdsburg "
"st. peter ","3","st. peter "
"south lyon ","3","south lyon "
"grosse pointe park ","3","grosse pointe park "
"lake grove","3","lake grove"
"vernon ","3","vernon "
"sturgis ","3","sturgis "
"newberry ","3","newberry "
"fort madison ","3","fort madison "
"signal hill ","3","signal hill "
"suamico","3","suamico"
"sedro-woolley ","3","sedro-woolley "
"lincolnton ","3","lincolnton "
"west richland ","3","west richland "
"ridgefield","3","ridgefield"
"camp verde","3","camp verde"
"hillsborough","3","hillsborough"
"beachwood","3","beachwood"
"sierra madre ","3","sierra madre "
"wabash ","3","wabash "
"benton harbor ","3","benton harbor "
"merriam ","3","merriam "
"palatka ","3","palatka "
"marinette ","3","marinette "
"manville","3","manville"
"lawrenceburg ","3","lawrenceburg "
"el campo ","3","el campo "
"clute ","3","clute "
"vermilion ","3","vermilion "
"calera ","3","calera "
"norcross ","3","norcross "
"galion ","3","galion "
"struthers ","3","struthers "
"oneida ","3","oneida "
"sebring ","3","sebring "
"town and country ","3","town and country "
"south miami ","3","south miami "
"kennett ","3","kennett "
"guymon ","3","guymon "
"westwood","3","westwood"
"enumclaw ","3","enumclaw "
"chatham","3","chatham"
"river edge","3","river edge"
"webster ","3","webster "
"bonham ","3","bonham "
"orange cove ","3","orange cove "
"lansdowne","3","lansdowne"
"lincoln park","3","lincoln park"
"aliquippa ","3","aliquippa "
"mebane ","3","mebane "
"totowa","3","totowa"
"grand haven ","3","grand haven "
"oil city ","3","oil city "
"petal ","3","petal "
"richmond hill ","3","richmond hill "
"lindsay ","3","lindsay "
"loganville ","3","loganville "
"keansburg","3","keansburg"
"superior","3","superior"
"fort morgan ","3","fort morgan "
"massena","3","massena"
"vienna ","3","vienna "
"guttenberg","3","guttenberg"
"minooka","3","minooka"
"coldwater ","3","coldwater "
"vermillion ","3","vermillion "
"bedford heights ","3","bedford heights "
"piedmont ","3","piedmont "
"little ferry","3","little ferry"
"waupun ","3","waupun "
"east grand rapids ","3","east grand rapids "
"lindon ","3","lindon "
"alpena ","3","alpena "
"jesup ","3","jesup "
"kendallville ","3","kendallville "
"east rockaway","3","east rockaway"
"macedonia ","3","macedonia "
"worth","3","worth"
"steger","3","steger"
"burkburnett ","3","burkburnett "
"north branch ","3","north branch "
"brooklyn ","3","brooklyn "
"snyder ","3","snyder "
"atchison ","3","atchison "
"wyomissing","3","wyomissing"
"mount kisco","3","mount kisco"
"east stroudsburg","3","east stroudsburg"
"keokuk ","3","keokuk "
"cheney ","3","cheney "
"hope ","3","hope "
"barrington","3","barrington"
"bound brook","3","bound brook"
"haysville ","3","haysville "
"grain valley ","3","grain valley "
"mendota ","3","mendota "
"morro bay ","3","morro bay "
"silver city","3","silver city"
"robinson ","3","robinson "
"coffeyville ","3","coffeyville "
"denham springs ","3","denham springs "
"davidson","3","davidson"
"platteville ","3","platteville "
"boerne ","3","boerne "
"corning ","3","corning "
"leon valley ","3","leon valley "
"doraville ","3","doraville "
"coolidge ","3","coolidge "
"tarboro","3","tarboro"
"big rapids ","3","big rapids "
"wasilla ","3","wasilla "
"celina ","3","celina "
"sauk village","3","sauk village"
"west haverstraw","3","west haverstraw"
"lyons","3","lyons"
"gulf shores ","3","gulf shores "
"cadillac ","3","cadillac "
"bellefontaine neighbors ","3","bellefontaine neighbors "
"tomball ","3","tomball "
"newman ","3","newman "
"summit","3","summit"
"berwick","3","berwick"
"sleepy hollow","3","sleepy hollow"
"van wert ","3","van wert "
"martin ","3","martin "
"pella ","3","pella "
"galena park ","3","galena park "
"nanticoke ","3","nanticoke "
"shasta lake ","3","shasta lake "
"mayfield ","3","mayfield "
"richmond heights ","3","richmond heights "
"millington ","3","millington "
"cape canaveral ","3","cape canaveral "
"greencastle ","3","greencastle "
"andrews ","3","andrews "
"cedartown ","3","cedartown "
"westwego ","3","westwego "
"prineville ","3","prineville "
"mount holly ","3","mount holly "
"east rutherford","3","east rutherford"
"lantana","3","lantana"
"girard ","3","girard "
"farmersville ","3","farmersville "
"sussex","3","sussex"
"white house ","3","white house "
"columbia","3","columbia"
"fort mill","3","fort mill"
"dunn ","3","dunn "
"spearfish ","3","spearfish "
"deridder ","3","deridder "
"placerville ","3","placerville "
"river grove","3","river grove"
"carroll ","3","carroll "
"winfield","3","winfield"
"lovington ","3","lovington "
"exeter ","3","exeter "
"valley ","3","valley "
"waynesboro","3","waynesboro"
"florida city ","3","florida city "
"waconia ","3","waconia "
"bethalto","3","bethalto"
"middlesborough ","3","middlesborough "
"st. pete beach ","3","st. pete beach "
"forest acres ","3","forest acres "
"jacinto city ","3","jacinto city "
"great neck","3","great neck"
"amityville","3","amityville"
"glenpool ","3","glenpool "
"darby","3","darby"
"sonoma ","3","sonoma "
"newcastle ","3","newcastle "
"alpine ","3","alpine "
"weddington","3","weddington"
"waynesville","3","waynesville"
"winslow ","3","winslow "
"beverly hills","3","beverly hills"
"jeannette ","3","jeannette "
"ecorse ","3","ecorse "
"harvard ","3","harvard "
"astoria ","3","astoria "
"hillsdale","3","hillsdale"
"rochelle ","3","rochelle "
"northampton","3","northampton"
"potsdam","3","potsdam"
"heber ","3","heber "
"bel air","3","bel air"
"safford ","3","safford "
"sunbury ","3","sunbury "
"melvindale ","3","melvindale "
"rockport ","3","rockport "
"cairo ","3","cairo "
"jackson","3","jackson"
"fairview ","3","fairview "
"orange city ","3","orange city "
"big lake ","3","big lake "
"the village ","3","the village "
"watervliet ","3","watervliet "
"harrisonville ","3","harrisonville "
"key biscayne","3","key biscayne"
"st. francis ","3","st. francis "
"edgewood ","3","edgewood "
"sumner ","3","sumner "
"howell ","3","howell "
"espanola ","3","espanola "
"union ","3","union "
"irondale ","3","irondale "
"merrill ","3","merrill "
"fort oglethorpe ","3","fort oglethorpe "
"jefferson hills","3","jefferson hills"
"silverton ","3","silverton "
"sugar grove","3","sugar grove"
"north bend ","3","north bend "
"bristol","3","bristol"
"edgewater","3","edgewater"
"capitola ","3","capitola "
"arden hills ","3","arden hills "
"monmouth ","3","monmouth "
"laurens ","3","laurens "
"new hyde park","3","new hyde park"
"steamboat springs ","3","steamboat springs "
"storm lake ","3","storm lake "
"london ","3","london "
"emeryville ","3","emeryville "
"kinnelon","3","kinnelon"
"bellmead ","3","bellmead "
"havre ","3","havre "
"little canada ","3","little canada "
"rye brook","3","rye brook"
"berlin ","3","berlin "
"miami shores","3","miami shores"
"cedar hills ","3","cedar hills "
"north college hill ","3","north college hill "
"mound ","3","mound "
"palm beach","3","palm beach"
"smithfield ","3","smithfield "
"marathon ","3","marathon "
"raymondville ","3","raymondville "
"brentwood","3","brentwood"
"waldwick","3","waldwick"
"lasalle ","3","lasalle "
"morehead city","3","morehead city"
"batesville ","3","batesville "
"hackettstown","3","hackettstown"
"mount airy ","3","mount airy "
"wapakoneta ","3","wapakoneta "
"waseca ","3","waseca "
"warr acres ","3","warr acres "
"baker city ","3","baker city "
"hamburg","3","hamburg"
"gonzales ","3","gonzales "
"oregon","3","oregon"
"hermantown ","3","hermantown "
"lone tree ","3","lone tree "
"archdale ","3","archdale "
"rainbow city ","3","rainbow city "
"bluffton ","3","bluffton "
"groton ","3","groton "
"flossmoor","3","flossmoor"
"johnstown","3","johnstown"
"cody ","3","cody "
"rock falls ","3","rock falls "
"alachua ","3","alachua "
"harahan ","3","harahan "
"waverly ","3","waverly "
"pryor creek ","3","pryor creek "
"cameron ","3","cameron "
"red oak ","3","red oak "
"tipp city ","3","tipp city "
"maysville ","3","maysville "
"corte madera","3","corte madera"
"elkhorn ","3","elkhorn "
"craig ","3","craig "
"bernalillo","3","bernalillo"
"damascus ","3","damascus "
"grovetown ","3","grovetown "
"alma ","3","alma "
"ellisville ","3","ellisville "
"pitman","3","pitman"
"oak grove ","3","oak grove "
"shepherdsville ","3","shepherdsville "
"rifle ","3","rifle "
"thomaston ","3","thomaston "
"fitzgerald ","3","fitzgerald "
"grinnell ","3","grinnell "
"toppenish ","3","toppenish "
"humboldt ","3","humboldt "
"jerome ","3","jerome "
"toccoa ","3","toccoa "
"wharton ","3","wharton "
"taft ","3","taft "
"economy","3","economy"
"port townsend ","3","port townsend "
"sheffield ","3","sheffield "
"le mars ","3","le mars "
"trinidad ","3","trinidad "
"port jervis ","3","port jervis "
"moundsville ","3","moundsville "
"burley ","3","burley "
"albion ","3","albion "
"royse city ","3","royse city "
"coweta ","3","coweta "
"newark","3","newark"
"ruidoso","3","ruidoso"
"essex junction","3","essex junction"
"beaver falls ","3","beaver falls "
"glenwood springs ","3","glenwood springs "
"grantsville ","3","grantsville "
"presque isle ","3","presque isle "
"orange park","3","orange park"
"crete","3","crete"
"ingleside ","3","ingleside "
"glencoe","3","glencoe"
"brewer ","3","brewer "
"lititz","3","lititz"
"avon park ","3","avon park "
"elwood ","3","elwood "
"delta ","3","delta "
"lapeer ","3","lapeer "
"bennettsville ","3","bennettsville "
"scott ","3","scott "
"minneola ","3","minneola "
"hondo ","3","hondo "
"pulaski","3","pulaski"
"andalusia ","3","andalusia "
"college place ","3","college place "
"stuttgart ","3","stuttgart "
"stallings","3","stallings"
"malvern ","3","malvern "
"warrenton","3","warrenton"
"brownfield ","3","brownfield "
"monett ","3","monett "
"sweet home ","3","sweet home "
"park ridge","3","park ridge"
"sheffield lake ","3","sheffield lake "
"woodbury","3","woodbury"
"north haledon","3","north haledon"
"heath ","3","heath "
"sitka  and","3","sitka  and"
"bath ","3","bath "
"audubon","3","audubon"
"saline ","3","saline "
"lamesa ","3","lamesa "
"rockingham ","3","rockingham "
"malverne","3","malverne"
"la plata","3","la plata"
"waterford ","3","waterford "
"grants ","3","grants "
"farmingdale","3","farmingdale"
"park hills ","3","park hills "
"hoquiam ","3","hoquiam "
"anaconda","3","anaconda"
"chanute ","3","chanute "
"barre ","3","barre "
"clanton ","3","clanton "
"deforest","3","deforest"
"sparta ","3","sparta "
"holly springs ","3","holly springs "
"napoleon ","3","napoleon "
"woodway ","3","woodway "
"aransas pass ","3","aransas pass "
"roscoe","3","roscoe"
"oak brook","3","oak brook"
"pewaukee","3","pewaukee"
"snohomish ","3","snohomish "
"kaufman ","3","kaufman "
"sturgeon bay ","3","sturgeon bay "
"flat rock ","3","flat rock "
"boonville ","3","boonville "
"cushing ","3","cushing "
"swissvale","3","swissvale"
"mount airy","3","mount airy"
"matawan","3","matawan"
"booneville ","3","booneville "
"alamosa ","3","alamosa "
"sallisaw ","3","sallisaw "
"rawlins ","3","rawlins "
"willowbrook","3","willowbrook"
"mechanicsburg","3","mechanicsburg"
"canonsburg","3","canonsburg"
"lake villa","3","lake villa"
"woods cross ","3","woods cross "
"vernal ","3","vernal "
"hartland","3","hartland"
"tiburon","3","tiburon"
"lake park","3","lake park"
"roxboro ","3","roxboro "
"reedsburg ","3","reedsburg "
"shawano ","3","shawano "
"tomah ","3","tomah "
"closter","3","closter"
"quakertown","3","quakertown"
"perkasie","3","perkasie"
"granbury ","3","granbury "
"itasca","3","itasca"
"cresskill","3","cresskill"
"grosse pointe farms ","3","grosse pointe farms "
"tecumseh ","3","tecumseh "
"cortez ","3","cortez "
"kirby ","3","kirby "
"alcoa ","3","alcoa "
"des peres ","3","des peres "
"rayne ","3","rayne "
"leonia","3","leonia"
"centerton ","3","centerton "
"bridge city ","3","bridge city "
"los altos hills","3","los altos hills"
"colonie","3","colonie"
"island lake","3","island lake"
"clarendon hills","3","clarendon hills"
"pismo beach ","3","pismo beach "
"siler city","3","siler city"
"manteno","3","manteno"
"madeira ","3","madeira "
"lock haven ","3","lock haven "
"willoughby hills ","3","willoughby hills "
"highland heights ","3","highland heights "
"lewistown","3","lewistown"
"fallon ","3","fallon "
"old forge","3","old forge"
"yorktown","3","yorktown"
"lynwood","3","lynwood"
"haledon","3","haledon"
"washington terrace ","3","washington terrace "
"hornell ","3","hornell "
"delavan ","3","delavan "
"margate city ","3","margate city "
"glenwood","3","glenwood"
"holmen","3","holmen"
"virginia ","3","virginia "
"thief river falls ","3","thief river falls "
"westlake village ","3","westlake village "
"boonton","3","boonton"
"connellsville ","3","connellsville "
"north logan ","3","north logan "
"upper saddle river","3","upper saddle river"
"river rouge ","3","river rouge "
"princeton ","3","princeton "
"oakwood ","3","oakwood "
"wynne ","3","wynne "
"guntersville ","3","guntersville "
"dormont","3","dormont"
"grimes ","3","grimes "
"runnemede","3","runnemede"
"conshohocken","3","conshohocken"
"olney ","3","olney "
"southside ","3","southside "
"lowell","3","lowell"
"santaquin ","3","santaquin "
"bradford ","3","bradford "
"absecon ","3","absecon "
"orrville ","3","orrville "
"cheviot ","3","cheviot "
"oberlin ","3","oberlin "
"jerseyville ","3","jerseyville "
"lake geneva ","3","lake geneva "
"collingdale","3","collingdale"
"boaz ","3","boaz "
"latrobe ","3","latrobe "
"brockport","3","brockport"
"hillside","3","hillside"
"st. anthony ","3","st. anthony "
"airmont","3","airmont"
"west long branch","3","west long branch"
"sandpoint ","3","sandpoint "
"nevada ","3","nevada "
"ludington ","3","ludington "
"menominee ","3","menominee "
"corbin ","3","corbin "
"mount rainier ","3","mount rainier "
"indian harbour beach ","3","indian harbour beach "
"clay ","3","clay "
"tuscumbia ","3","tuscumbia "
"perryton ","3","perryton "
"eagle point ","3","eagle point "
"brooksville ","3","brooksville "
"mentor-on-the-lake ","3","mentor-on-the-lake "
"columbia city ","3","columbia city "
"wytheville","3","wytheville"
"whitefish ","3","whitefish "
"brazil ","3","brazil "
"riverside","3","riverside"
"baxter ","3","baxter "
"new richmond ","3","new richmond "
"poteau ","3","poteau "
"rice lake ","3","rice lake "
"palmer ","3","palmer "
"fort valley ","3","fort valley "
"dardenne prairie ","3","dardenne prairie "
"la follette ","3","la follette "
"ladue ","3","ladue "
"harrodsburg ","3","harrodsburg "
"west frankfort ","3","west frankfort "
"sunset hills ","3","sunset hills "
"ville platte ","3","ville platte "
"belgrade ","3","belgrade "
"murphysboro ","3","murphysboro "
"oak island","3","oak island"
"knightdale","3","knightdale"
"perryville ","3","perryville "
"university park","3","university park"
"olmsted falls ","3","olmsted falls "
"monroe","3","monroe"
"snoqualmie ","3","snoqualmie "
"cloverdale ","3","cloverdale "
"poulsbo ","3","poulsbo "
"spotswood","3","spotswood"
"detroit lakes ","3","detroit lakes "
"center line ","3","center line "
"spring lake","3","spring lake"
"frederick","3","frederick"
"little falls ","3","little falls "
"butler","3","butler"
"firestone","3","firestone"
"fife ","3","fife "
"doylestown","3","doylestown"
"miles city ","3","miles city "
"long grove","3","long grove"
"newton","3","newton"
"richland hills ","3","richland hills "
"caribou ","3","caribou "
"winnemucca ","3","winnemucca "
"wagoner ","3","wagoner "
"smithville ","3","smithville "
"trophy club","3","trophy club"
"hawthorn woods","3","hawthorn woods"
"lincoln city ","3","lincoln city "
"harwood heights","3","harwood heights"
"kenton ","3","kenton "
"bay st. louis ","3","bay st. louis "
"breaux bridge ","3","breaux bridge "
"bay minette ","3","bay minette "
"gettysburg","3","gettysburg"
"price ","3","price "
"seneca ","3","seneca "
"scotia","3","scotia"
"castle shannon","3","castle shannon"
"mahtomedi ","3","mahtomedi "
"monessen ","3","monessen "
"bluffdale ","3","bluffdale "
"ilion","3","ilion"
"port jefferson","3","port jefferson"
"lenoir city ","3","lenoir city "
"abingdon","3","abingdon"
"eaton ","3","eaton "
"white oak","3","white oak"
"briarcliff manor","3","briarcliff manor"
"calumet park","3","calumet park"
"park city ","3","park city "
"west dundee","3","west dundee"
"lampasas ","3","lampasas "
"ellwood city","3","ellwood city"
"lincolnshire","3","lincolnshire"
"mapleton ","3","mapleton "
"lamar ","3","lamar "
"port orchard ","3","port orchard "
"collegedale ","3","collegedale "
"croton-on-hudson","3","croton-on-hudson"
"fort scott ","3","fort scott "
"downingtown","3","downingtown"
"milan ","3","milan "
"elsmere ","3","elsmere "
"d'iberville ","3","d'iberville "
"arab ","3","arab "
"berlin","3","berlin"
"carnegie","3","carnegie"
"hastings-on-hudson","3","hastings-on-hudson"
"antigo ","3","antigo "
"bogota","3","bogota"
"osceola ","3","osceola "
"jefferson ","3","jefferson "
"rensselaer ","3","rensselaer "
"decorah ","3","decorah "
"rincon","3","rincon"
"unionville","3","unionville"
"sheboygan falls ","3","sheboygan falls "
"angola ","3","angola "
"brookhaven","3","brookhaven"
"south boston","3","south boston"
"hailey ","3","hailey "
"north bay village ","3","north bay village "
"black mountain","3","black mountain"
"chestnut ridge","3","chestnut ridge"
"ivins ","3","ivins "
"vinton","3","vinton"
"rolling hills estates ","3","rolling hills estates "
"crescent city ","3","crescent city "
"pulaski ","3","pulaski "
"monona ","3","monona "
"clarkston ","3","clarkston "
"clairton ","3","clairton "
"helotes ","3","helotes "
"versailles ","3","versailles "
"hartsville","3","hartsville"
"clear lake ","3","clear lake "
"flushing ","3","flushing "
"east grand forks ","3","east grand forks "
"lake dallas ","3","lake dallas "
"rio vista ","3","rio vista "
"pecos ","3","pecos "
"crookston ","3","crookston "
"blair ","3","blair "
"corrales","3","corrales"
"oradell","3","oradell"
"south amboy ","3","south amboy "
"ojai ","3","ojai "
"silvis ","3","silvis "
"mcfarland","3","mcfarland"
"broussard ","3","broussard "
"iron mountain ","3","iron mountain "
"hillsdale ","3","hillsdale "
"montpelier ","3","montpelier "
"fountain inn ","3","fountain inn "
"pleasant hills","3","pleasant hills"
"bernardsville","3","bernardsville"
