[ {
  "id" : "7cc66b71-4a35-11e7-b42d-43ac8eaf2a81",
  "name" : "Cities1",
  "workspace" : "313a5cc0-4a35-11e7-b399-3b8bd8e6a612",
  "properties" : {
    "language" : "EN"
  },
  "posCodes" : [ {
    "id" : "1",
    "name" : "Pronoun"
  }, {
    "id" : "2",
    "name" : "Verb"
  }, {
    "id" : "3",
    "name" : "Noun"
  }, {
    "id" : "4",
    "name" : "Adjective"
  }, {
    "id" : "5",
    "name" : "Adverb"
  }, {
    "id" : "6",
    "name" : "Adposition"
  }, {
    "id" : "7",
    "name" : "Interjection"
  }, {
    "id" : "8",
    "name" : "Conjunction"
  }, {
    "id" : "9",
    "name" : "Determiner"
  }, {
    "id" : "10",
    "name" : "Quantifier"
  }, {
    "id" : "0",
    "name" : "Unknown"
  } ],
  "numItems" : 999
}, {
  "id" : "86c096a1-4a35-11e7-b9f0-451ae61d8e97",
  "name" : "Cities2",
  "workspace" : "313a5cc0-4a35-11e7-b399-3b8bd8e6a612",
  "properties" : {
    "language" : "EN"
  },
  "posCodes" : [ {
    "id" : "1",
    "name" : "Pronoun"
  }, {
    "id" : "2",
    "name" : "Verb"
  }, {
    "id" : "3",
    "name" : "Noun"
  }, {
    "id" : "4",
    "name" : "Adjective"
  }, {
    "id" : "5",
    "name" : "Adverb"
  }, {
    "id" : "6",
    "name" : "Adposition"
  }, {
    "id" : "7",
    "name" : "Interjection"
  }, {
    "id" : "8",
    "name" : "Conjunction"
  }, {
    "id" : "9",
    "name" : "Determiner"
  }, {
    "id" : "10",
    "name" : "Quantifier"
  }, {
    "id" : "0",
    "name" : "Unknown"
  } ],
  "numItems" : 998
}, {
  "id" : "08d9cb71-4a36-11e7-a743-139d668436d2",
  "name" : "States",
  "workspace" : "313a5cc0-4a35-11e7-b399-3b8bd8e6a612",
  "properties" : {
    "language" : "EN"
  },
  "posCodes" : [ {
    "id" : "1",
    "name" : "Pronoun"
  }, {
    "id" : "2",
    "name" : "Verb"
  }, {
    "id" : "3",
    "name" : "Noun"
  }, {
    "id" : "4",
    "name" : "Adjective"
  }, {
    "id" : "5",
    "name" : "Adverb"
  }, {
    "id" : "6",
    "name" : "Adposition"
  }, {
    "id" : "7",
    "name" : "Interjection"
  }, {
    "id" : "8",
    "name" : "Conjunction"
  }, {
    "id" : "9",
    "name" : "Determiner"
  }, {
    "id" : "10",
    "name" : "Quantifier"
  }, {
    "id" : "0",
    "name" : "Unknown"
  } ],
  "numItems" : 74
} ]