[ {
  "id" : "efc198c0-4af3-11e7-a8dd-3d5287441970-1",
  "name" : "2-Doc1",
  "text" : "I need to replace my MacBook Pro with the Serial number 4O4HS75IX31395961. My name is Robin Hayes and my mailing address is 99503 Anhalt Junction Palo Alto, CA 94302",
  "status" : "SUBMITTED",
  "modifiedDate" : 1496780484084
}, {
  "id" : "efc198c0-4af3-11e7-a8dd-3d5287441970-10",
  "name" : "2-Doc10",
  "text" : "I need to replace my MacBook Pro with the Serial number 9A5WA35PC48863264. My name is Edna West and my mailing address is 03 Sauthoff Avenue Chesapeake, VA 23324",
  "status" : "SUBMITTED",
  "modifiedDate" : 1496780495382
}, {
  "id" : "efc198c0-4af3-11e7-a8dd-3d5287441970-100",
  "name" : "2-Doc100",
  "text" : "I need to replace my iPad with the Serial number 6S5SK63EN34636018. My name is Steve Franklin. Appreciate it!",
  "status" : "SUBMITTED",
  "modifiedDate" : 1496780514864
}, {
  "id" : "efc198c0-4af3-11e7-a8dd-3d5287441970-11",
  "name" : "2-Doc11",
  "text" : "I need to replace my MacBook Pro with the Serial number 6A6NT91QL39522762. My name is Tiffany Jordan and my mailing address is 90 Upham Park Brooklyn, NY 11205",
  "status" : "SUBMITTED",
  "modifiedDate" : 1496780530135
}, {
  "id" : "efc198c0-4af3-11e7-a8dd-3d5287441970-12",
  "name" : "2-Doc12",
  "text" : "I need to replace my MacBook Pro with the Serial number 8N9OM92PE513421. My name is Carmen Owens and my mailing address is 7 Forster Terrace Charlotte, NC 28278",
  "status" : "SUBMITTED",
  "modifiedDate" : 1496780542058
}, {
  "id" : "efc198c0-4af3-11e7-a8dd-3d5287441970-13",
  "name" : "2-Doc13",
  "text" : "I need to replace my MacBook Pro with the Serial number 5Z0KK57DO13767353. My name is Rosa Reynolds and my mailing address is 08346 Lakewood Center San Antonio, TX 78215",
  "status" : "SUBMITTED",
  "modifiedDate" : 1496780573326
}, {
  "id" : "efc198c0-4af3-11e7-a8dd-3d5287441970-14",
  "name" : "2-Doc14",
  "text" : "I need to replace my MacBook Pro with the Serial number 0B6LA53MD79962577. My name is Cindy Fisher and my mailing address is 3 Saint Paul Lane Kansas City, KS 66112",
  "status" : "SUBMITTED",
  "modifiedDate" : 1496780564262
}, {
  "id" : "efc198c0-4af3-11e7-a8dd-3d5287441970-15",
  "name" : "2-Doc15",
  "text" : "I need to replace my MacBook Pro with the Serial number 2A1ZN20NS25546353. My name is Grace Ellis and my mailing address is 7 Morrow Street Fort Wayne, IN 46805",
  "status" : "SUBMITTED",
  "modifiedDate" : 1496780581185
}, {
  "id" : "efc198c0-4af3-11e7-a8dd-3d5287441970-16",
  "name" : "2-Doc16",
  "text" : "I need to replace my MacBook Pro with the Serial number 3Q9SX24CH90795798. My name is Wendy Harrison and my mailing address is 2402 Grayhawk Lane Los Angeles, CA 90076",
  "status" : "SUBMITTED",
  "modifiedDate" : 1496780588514
}, {
  "id" : "efc198c0-4af3-11e7-a8dd-3d5287441970-17",
  "name" : "2-Doc17",
  "text" : "I need to replace my MacBook Pro with the Serial number 0L0YG19BM56987889. My name is Victoria Gibson and my mailing address is 6404 Cordelia Road Tacoma, WA 98464",
  "status" : "SUBMITTED",
  "modifiedDate" : 1496780597820
}, {
  "id" : "efc198c0-4af3-11e7-a8dd-3d5287441970-18",
  "name" : "2-Doc18",
  "text" : "I need to replace my MacBook Pro with the Serial number 4G3VO70VC45076134. My name is Edith Mcdonald and my mailing address is 60 Sherman Drive Clearwater, FL 33758",
  "status" : "SUBMITTED",
  "modifiedDate" : 1496780607513
}, {
  "id" : "efc198c0-4af3-11e7-a8dd-3d5287441970-19",
  "name" : "2-Doc19",
  "text" : "I need to replace my MacBook Pro with the Serial number 4W0YJ90TB5934506. My name is Kim Cruz and my mailing address is 565 Morningstar Avenue Charlotte, NC 28272",
  "status" : "SUBMITTED",
  "modifiedDate" : 1496780615491
}, {
  "id" : "efc198c0-4af3-11e7-a8dd-3d5287441970-2",
  "name" : "2-Doc2",
  "text" : "I need to replace my MacBook Pro with the Serial number 9P4WU29VA15476871. My name is Peggy Myers and my mailing address is 1369 8th Alley Memphis, TN 38181",
  "status" : "SUBMITTED",
  "modifiedDate" : 1496780623067
}, {
  "id" : "efc198c0-4af3-11e7-a8dd-3d5287441970-20",
  "name" : "2-Doc20",
  "text" : "I need to replace my MacBook Pro with the Serial number 4K5TQ45RS87474065. My name is Sherry Marshall and my mailing address is 9 American Junction New York City, NY 10270",
  "status" : "SUBMITTED",
  "modifiedDate" : 1496780641807
}, {
  "id" : "efc198c0-4af3-11e7-a8dd-3d5287441970-21",
  "name" : "2-Doc21",
  "text" : "I need to replace my MacBook Pro with the Serial number 3X8OA31MQ52927916. My name is Sylvia Ortiz and my mailing address is 55654 Corry Trail Salem, OR 97306",
  "status" : "SUBMITTED",
  "modifiedDate" : 1496780650285
}, {
  "id" : "efc198c0-4af3-11e7-a8dd-3d5287441970-22",
  "name" : "2-Doc22",
  "text" : "I need to replace my MacBook Pro with the Serial number 0H0JD8RH71254751. My name is Josephine Gomez and my mailing address is 24 Gale Plaza Bradenton, FL 34205",
  "status" : "SUBMITTED",
  "modifiedDate" : 1496780662780
}, {
  "id" : "efc198c0-4af3-11e7-a8dd-3d5287441970-23",
  "name" : "2-Doc23",
  "text" : "I need to replace my MacBook Pro with the Serial number 1W2XO21SG5834887. My name is Thelma Murray and my mailing address is 20 Bartillon Center Irving, TX 75062",
  "status" : "SUBMITTED",
  "modifiedDate" : 1496780670560
}, {
  "id" : "efc198c0-4af3-11e7-a8dd-3d5287441970-24",
  "name" : "2-Doc24",
  "text" : "I need to replace my MacBook Pro with the Serial number 1O5LO12DX41695674. My name is Shannon Freeman and my mailing address is 28 Cascade Court Hollywood, FL 33023",
  "status" : "SUBMITTED",
  "modifiedDate" : 1496780679943
}, {
  "id" : "efc198c0-4af3-11e7-a8dd-3d5287441970-25",
  "name" : "2-Doc25",
  "text" : "I need to replace my iPad with the Serial number 9T3UZ62DA2893484. My name is Sheila Wells and my mailing address is 466 Michigan Court Columbia, MO 65218",
  "status" : "SUBMITTED",
  "modifiedDate" : 1496780687143
}, {
  "id" : "efc198c0-4af3-11e7-a8dd-3d5287441970-26",
  "name" : "2-Doc26",
  "text" : "I need to replace my iPad with the Serial number 6O7YW13HX45525503. My name is Ethel Webb and my mailing address is 552 Sachtjen Lane Washington, DC 20099",
  "status" : "SUBMITTED",
  "modifiedDate" : 1496780695822
}, {
  "id" : "efc198c0-4af3-11e7-a8dd-3d5287441970-27",
  "name" : "2-Doc27",
  "text" : "I need to replace my iPad with the Serial number 9Z1HT70KS5760216. My name is James Simpson and my mailing address is 64105 Iowa Terrace Stamford, CT 6912",
  "status" : "SUBMITTED",
  "modifiedDate" : 1496780703948
}, {
  "id" : "efc198c0-4af3-11e7-a8dd-3d5287441970-28",
  "name" : "2-Doc28",
  "text" : "I need to replace my iPad with the Serial number 7B0EE37CD57337104. My name is John Stevens and my mailing address is 9 Westend Road Portland, OR 97211",
  "status" : "SUBMITTED",
  "modifiedDate" : 1496780710614
}, {
  "id" : "efc198c0-4af3-11e7-a8dd-3d5287441970-29",
  "name" : "2-Doc29",
  "text" : "I need to replace my iPad with the Serial number 7B7SI23OS87172746. My name is Robert Tucker and my mailing address is 067 Luster Court Saint Louis, MO 63104",
  "status" : "SUBMITTED",
  "modifiedDate" : 1496780720560
}, {
  "id" : "efc198c0-4af3-11e7-a8dd-3d5287441970-3",
  "name" : "2-Doc3",
  "text" : "I need to replace my MacBook Pro with the Serial number 8A4NU98LB23119741. My name is Crystal Ford and my mailing address is 16 Valley Edge Alley Albany, NY 12255",
  "status" : "SUBMITTED",
  "modifiedDate" : 1496780735018
}, {
  "id" : "efc198c0-4af3-11e7-a8dd-3d5287441970-30",
  "name" : "2-Doc30",
  "text" : "I need to replace my iPad with the Serial number 3P6IW17AK98198863. My name is Michael Porter and my mailing address is 37709 Ruskin Crossing Baton Rouge, LA 70894",
  "status" : "SUBMITTED",
  "modifiedDate" : 1496780743769
}, {
  "id" : "efc198c0-4af3-11e7-a8dd-3d5287441970-31",
  "name" : "2-Doc31",
  "text" : "I need to replace my iPad with the Serial number 5R5QR71GJ70522491. My name is William Hunter and my mailing address is 2891 Hallows Terrace Columbus, OH 43204",
  "status" : "SUBMITTED",
  "modifiedDate" : 1496780751422
}, {
  "id" : "efc198c0-4af3-11e7-a8dd-3d5287441970-32",
  "name" : "2-Doc32",
  "text" : "I need to replace my iPad with the Serial number 1N1OH38JO9098112. My name is David Hicks and my mailing address is 2224 Graceland Street Irvine, CA 92612",
  "status" : "SUBMITTED",
  "modifiedDate" : 1496780758879
}, {
  "id" : "efc198c0-4af3-11e7-a8dd-3d5287441970-33",
  "name" : "2-Doc33",
  "text" : "I need to replace my iPad with the Serial number 7A6PG21YR5521501. My name is Richard Crawford and my mailing address is 8917 Kennedy Circle Louisville, KY 40215",
  "status" : "SUBMITTED",
  "modifiedDate" : 1496780773098
}, {
  "id" : "efc198c0-4af3-11e7-a8dd-3d5287441970-34",
  "name" : "2-Doc34",
  "text" : "I need to replace my iPad with the Serial number 2T5VE59WK51230471. My name is Charles Henry and my mailing address is 5705 Reinke Alley Fort Pierce, FL 34981",
  "status" : "SUBMITTED",
  "modifiedDate" : 1496780766129
}, {
  "id" : "efc198c0-4af3-11e7-a8dd-3d5287441970-35",
  "name" : "2-Doc35",
  "text" : "I need to replace my iPad with the Serial number 1Z4JN54MM18730347. My name is Joseph Boyd and my mailing address is 93472 Debs Trail Evansville, IN 47732",
  "status" : "SUBMITTED",
  "modifiedDate" : 1496780780472
}, {
  "id" : "efc198c0-4af3-11e7-a8dd-3d5287441970-36",
  "name" : "2-Doc36",
  "text" : "I need to replace my iPad with the Serial number 6R7RZ22TR86661939. My name is Thomas Mason and my mailing address is 79270 Hayes Lane Los Angeles, CA 90087",
  "status" : "SUBMITTED",
  "modifiedDate" : 1496780789946
}, {
  "id" : "efc198c0-4af3-11e7-a8dd-3d5287441970-37",
  "name" : "2-Doc37",
  "text" : "I need to replace my iPad with the Serial number 8G8JY37BY1148697. My name is Christopher Morales and my mailing address is 30 Hauk Junction Reno, NV 89519",
  "status" : "SUBMITTED",
  "modifiedDate" : 1496780808451
}, {
  "id" : "efc198c0-4af3-11e7-a8dd-3d5287441970-38",
  "name" : "2-Doc38",
  "text" : "I need to replace my iPad. My name is Daniel Kennedy and my mailing address is 8853 Tony Drive Memphis, TN 38131.",
  "status" : "SUBMITTED",
  "modifiedDate" : 1496780816391
}, {
  "id" : "efc198c0-4af3-11e7-a8dd-3d5287441970-39",
  "name" : "2-Doc39",
  "text" : "I need to replace my iPad. My name is Paul Warren and my mailing address is 2 Lighthouse Bay Junction San Francisco, CA 94142.",
  "status" : "SUBMITTED",
  "modifiedDate" : 1496780825768
}, {
  "id" : "efc198c0-4af3-11e7-a8dd-3d5287441970-4",
  "name" : "2-Doc4",
  "text" : "I need to replace my MacBook Pro with the Serial number 8D8ZX20IS76974767. My name is Gladys Hamilton and my mailing address is 37364 Redwing Park Seattle, WA 98115",
  "status" : "SUBMITTED",
  "modifiedDate" : 1496780832134
}, {
  "id" : "efc198c0-4af3-11e7-a8dd-3d5287441970-40",
  "name" : "2-Doc40",
  "text" : "I need to replace my iPad. My name is Mark Dixon and my mailing address is 2008 Sauthoff Drive Honolulu, HI 96820.",
  "status" : "SUBMITTED",
  "modifiedDate" : 1496780840141
}, {
  "id" : "efc198c0-4af3-11e7-a8dd-3d5287441970-41",
  "name" : "2-Doc41",
  "text" : "I need to replace my iPad. My name is Donald Ramos and my mailing address is 56793 Fremont Lane Atlanta, GA 30380.",
  "status" : "SUBMITTED",
  "modifiedDate" : 1496780849164
}, {
  "id" : "efc198c0-4af3-11e7-a8dd-3d5287441970-42",
  "name" : "2-Doc42",
  "text" : "I need to replace my iPad. My name is George Reyes and my mailing address is 590 Ryan Lane Brooklyn, NY 11215.",
  "status" : "SUBMITTED",
  "modifiedDate" : 1496780857507
}, {
  "id" : "efc198c0-4af3-11e7-a8dd-3d5287441970-43",
  "name" : "2-Doc43",
  "text" : "I need to replace my iPad. My name is Kenneth Burns and my mailing address is 4 Donald Way Boise, ID 83732.",
  "status" : "SUBMITTED",
  "modifiedDate" : 1496780886116
}, {
  "id" : "efc198c0-4af3-11e7-a8dd-3d5287441970-44",
  "name" : "2-Doc44",
  "text" : "I need to replace my iPad. My name is Steven Gordon and my mailing address is 8 Washington Point Frederick, MD 21705.",
  "status" : "SUBMITTED",
  "modifiedDate" : 1496780938996
}, {
  "id" : "efc198c0-4af3-11e7-a8dd-3d5287441970-45",
  "name" : "2-Doc45",
  "text" : "I need to replace my iPad. My name is Edward Shaw and my mailing address is 18 Grim Center New Brunswick, NJ 8922.",
  "status" : "SUBMITTED",
  "modifiedDate" : 1496780949032
}, {
  "id" : "efc198c0-4af3-11e7-a8dd-3d5287441970-46",
  "name" : "2-Doc46",
  "text" : "I need to replace my iPad. My name is Brian Holmes and my mailing address is 51 Glacier Hill Center Pittsburgh, PA 15261.",
  "status" : "SUBMITTED",
  "modifiedDate" : 1496780958448
}, {
  "id" : "efc198c0-4af3-11e7-a8dd-3d5287441970-47",
  "name" : "2-Doc47",
  "text" : "I need to replace my iPad. My name is Ronald Rice and my mailing address is 01999 Fulton Pass Bowie, MD 20719.",
  "status" : "SUBMITTED",
  "modifiedDate" : 1496780979034
}, {
  "id" : "efc198c0-4af3-11e7-a8dd-3d5287441970-48",
  "name" : "2-Doc48",
  "text" : "I need to replace my iPad. My name is Anthony Robertson and my mailing address is 57642 Prentice Lane Orlando, FL 32830.",
  "status" : "SUBMITTED",
  "modifiedDate" : 1496780986659
}, {
  "id" : "efc198c0-4af3-11e7-a8dd-3d5287441970-49",
  "name" : "2-Doc49",
  "text" : "I need to replace my iPad. My name is Kevin Hunt and my mailing address is 5682 Brown Lane Fort Worth, TX 76162.",
  "status" : "SUBMITTED",
  "modifiedDate" : 1496781004555
}, {
  "id" : "efc198c0-4af3-11e7-a8dd-3d5287441970-5",
  "name" : "2-Doc5",
  "text" : "I need to replace my MacBook Pro with the Serial number 6N7KZ87EM34945848. My name is Rita Graham and my mailing address is 4685 Manitowish Road Charleston, WV 25336",
  "status" : "SUBMITTED",
  "modifiedDate" : 1496780894251
}, {
  "id" : "efc198c0-4af3-11e7-a8dd-3d5287441970-50",
  "name" : "2-Doc50",
  "text" : "I need to replace my iPad. My name is Jason Black and my mailing address is 6 Stoughton Street Trenton, NJ 8638.",
  "status" : "SUBMITTED",
  "modifiedDate" : 1496780996969
}, {
  "id" : "efc198c0-4af3-11e7-a8dd-3d5287441970-51",
  "name" : "2-Doc51",
  "text" : "I need to replace my iPad. My name is Matthew Daniels and my mailing address is 3837 Swallow Trail Billings, MT 59112.",
  "status" : "SUBMITTED",
  "modifiedDate" : 1496781015874
}, {
  "id" : "efc198c0-4af3-11e7-a8dd-3d5287441970-52",
  "name" : "2-Doc52",
  "text" : "I need to replace my iPad. My name is Gary Palmer and my mailing address is 43110 Eastlawn Court Clearwater, FL 34620.",
  "status" : "SUBMITTED",
  "modifiedDate" : 1496781026245
}, {
  "id" : "efc198c0-4af3-11e7-a8dd-3d5287441970-53",
  "name" : "2-Doc53",
  "text" : "I need to replace my iPad. My name is Timothy Mills and my mailing address is 44436 Sullivan Way Saint Louis, MO 63131.",
  "status" : "SUBMITTED",
  "modifiedDate" : 1496781035767
}, {
  "id" : "efc198c0-4af3-11e7-a8dd-3d5287441970-54",
  "name" : "2-Doc54",
  "text" : "I need to replace my iPad. My name is Jose Nichols and my mailing address is 688 American Ash Pass Memphis, TN 38131.",
  "status" : "SUBMITTED",
  "modifiedDate" : 1496781060558
}, {
  "id" : "efc198c0-4af3-11e7-a8dd-3d5287441970-55",
  "name" : "2-Doc55",
  "text" : "I need to replace my iPad. My name is Larry Grant and my mailing address is 13683 Harper Alley Corpus Christi, TX 78426.",
  "status" : "SUBMITTED",
  "modifiedDate" : 1496781067703
}, {
  "id" : "efc198c0-4af3-11e7-a8dd-3d5287441970-56",
  "name" : "2-Doc56",
  "text" : "I need to replace my iPad. My name is Jeffrey Knight and my mailing address is 498 Cardinal Center Santa Barbara, CA 93150.",
  "status" : "SUBMITTED",
  "modifiedDate" : 1496781076239
}, {
  "id" : "efc198c0-4af3-11e7-a8dd-3d5287441970-57",
  "name" : "2-Doc57",
  "text" : "I need to replace my iPad. My name is Frank Ferguson and my mailing address is 1880 Hanover Crossing Columbia, SC 29215.",
  "status" : "SUBMITTED",
  "modifiedDate" : 1496781757202
}, {
  "id" : "efc198c0-4af3-11e7-a8dd-3d5287441970-58",
  "name" : "2-Doc58",
  "text" : "I need to replace my iPad. My name is Scott Rose and my mailing address is 867 Hooker Pass San Antonio, TX 78285.",
  "status" : "SUBMITTED",
  "modifiedDate" : 1496781781886
}, {
  "id" : "efc198c0-4af3-11e7-a8dd-3d5287441970-59",
  "name" : "2-Doc59",
  "text" : "I need to replace my iPad. My name is Eric Stone and my mailing address is 4428 Drewry Park New York City, NY 10175.",
  "status" : "SUBMITTED",
  "modifiedDate" : 1496781793140
}, {
  "id" : "efc198c0-4af3-11e7-a8dd-3d5287441970-6",
  "name" : "2-Doc6",
  "text" : "I need to replace my MacBook Pro with the Serial number 3J2NG21TP79597439. My name is Dawn Sullivan and my mailing address is 95042 Oak Alley Oklahoma City, OK 73129",
  "status" : "SUBMITTED",
  "modifiedDate" : 1496780902061
}, {
  "id" : "efc198c0-4af3-11e7-a8dd-3d5287441970-60",
  "name" : "2-Doc60",
  "text" : "I need to replace my iPad. My name is Stephen Hawkins and my mailing address is 50233 Oak Alley San Francisco, CA 94105.",
  "status" : "SUBMITTED",
  "modifiedDate" : 1496781801852
}, {
  "id" : "efc198c0-4af3-11e7-a8dd-3d5287441970-61",
  "name" : "2-Doc61",
  "text" : "I need to replace my iPad. My name is Andrew Dunn and my mailing address is 197 Drewry Junction Nashville, TN 37250.",
  "status" : "SUBMITTED",
  "modifiedDate" : 1496781811116
}, {
  "id" : "efc198c0-4af3-11e7-a8dd-3d5287441970-62",
  "name" : "2-Doc62",
  "text" : "I need to replace my iPad with the Serial number 5F7RV4XI20062723. My name is Raymond Perkins. Thanks!",
  "status" : "SUBMITTED",
  "modifiedDate" : 1496781820529
}, {
  "id" : "efc198c0-4af3-11e7-a8dd-3d5287441970-63",
  "name" : "2-Doc63",
  "text" : "I need to replace my iPad with the Serial number 6M4FN84NV5390027. My name is Gregory Hudson. Thanks!",
  "status" : "SUBMITTED",
  "modifiedDate" : 1496781828153
}, {
  "id" : "efc198c0-4af3-11e7-a8dd-3d5287441970-64",
  "name" : "2-Doc64",
  "text" : "I need to replace my iPad with the Serial number 7J4QR47PE10740059. My name is Joshua Spencer. Thanks!",
  "status" : "SUBMITTED",
  "modifiedDate" : 1496781836122
}, {
  "id" : "efc198c0-4af3-11e7-a8dd-3d5287441970-65",
  "name" : "2-Doc65",
  "text" : "I need to replace my iPad with the Serial number 9O3AJ96KO13728047. My name is Jerry Gardner. Thanks!",
  "status" : "SUBMITTED",
  "modifiedDate" : 1496781844012
}, {
  "id" : "efc198c0-4af3-11e7-a8dd-3d5287441970-66",
  "name" : "2-Doc66",
  "text" : "I need to replace my iPad with the Serial number 0P7TU84YZ66023411. My name is Dennis Stephens. Thanks!",
  "status" : "SUBMITTED",
  "modifiedDate" : 1496781850102
}, {
  "id" : "efc198c0-4af3-11e7-a8dd-3d5287441970-67",
  "name" : "2-Doc67",
  "text" : "I need to replace my iPad with the Serial number 7F7RD75DC81277135. My name is Walter Payne. Thanks!",
  "status" : "SUBMITTED",
  "modifiedDate" : 1496781856438
}, {
  "id" : "efc198c0-4af3-11e7-a8dd-3d5287441970-68",
  "name" : "2-Doc68",
  "text" : "I need to replace my iPad with the Serial number 1I6ST11HW12992193. My name is Patrick Pierce. Thanks!",
  "status" : "SUBMITTED",
  "modifiedDate" : 1496781863135
}, {
  "id" : "efc198c0-4af3-11e7-a8dd-3d5287441970-69",
  "name" : "2-Doc69",
  "text" : "I need to replace my iPad with the Serial number 4U4KH52CE90717305. My name is Peter Berry. Thanks!",
  "status" : "SUBMITTED",
  "modifiedDate" : 1496781870680
}, {
  "id" : "efc198c0-4af3-11e7-a8dd-3d5287441970-7",
  "name" : "2-Doc7",
  "text" : "I need to replace my MacBook Pro with the Serial number 4A2FX5XE2940451. My name is Connie Wallace and my mailing address is 6 Bartelt Trail Bronx, NY 10454",
  "status" : "SUBMITTED",
  "modifiedDate" : 1496780910407
}, {
  "id" : "efc198c0-4af3-11e7-a8dd-3d5287441970-70",
  "name" : "2-Doc70",
  "text" : "I need to replace my iPad with the Serial number 6G8UP78ZI25775069. My name is Harold Matthews. Thanks!",
  "status" : "SUBMITTED",
  "modifiedDate" : 1496781876531
}, {
  "id" : "efc198c0-4af3-11e7-a8dd-3d5287441970-71",
  "name" : "2-Doc71",
  "text" : "I need to replace my iPad with the Serial number 2H2HL76GR51879765. My name is Douglas Arnold. Thanks!",
  "status" : "SUBMITTED",
  "modifiedDate" : 1496781883054
}, {
  "id" : "efc198c0-4af3-11e7-a8dd-3d5287441970-72",
  "name" : "2-Doc72",
  "text" : "I need to replace my iPad with the Serial number 2A3WJ59GZ84746745. My name is Henry Wagner. Thanks!",
  "status" : "SUBMITTED",
  "modifiedDate" : 1496781888790
}, {
  "id" : "efc198c0-4af3-11e7-a8dd-3d5287441970-73",
  "name" : "2-Doc73",
  "text" : "I need to replace my iPad with the Serial number 7J2QJ41VA22311512. My name is Carl Willis. Thanks!",
  "status" : "SUBMITTED",
  "modifiedDate" : 1496781893845
}, {
  "id" : "efc198c0-4af3-11e7-a8dd-3d5287441970-74",
  "name" : "2-Doc74",
  "text" : "I need to replace my iPad with the Serial number 1I5GF80OL76064637. My name is Arthur Ray. Thanks!",
  "status" : "SUBMITTED",
  "modifiedDate" : 1496781900737
}, {
  "id" : "efc198c0-4af3-11e7-a8dd-3d5287441970-75",
  "name" : "2-Doc75",
  "text" : "I need to replace my iPad with the Serial number 2M3SF10OK31869312. My name is Ryan Watkins. Thanks!",
  "status" : "SUBMITTED",
  "modifiedDate" : 1496781908408
}, {
  "id" : "efc198c0-4af3-11e7-a8dd-3d5287441970-76",
  "name" : "2-Doc76",
  "text" : "I need to replace my iPad with the Serial number 7K3PF11YL93596290. My name is Roger Olson. Thanks!",
  "status" : "SUBMITTED",
  "modifiedDate" : 1496781914475
}, {
  "id" : "efc198c0-4af3-11e7-a8dd-3d5287441970-77",
  "name" : "2-Doc77",
  "text" : "I need to replace my iPad with the Serial number 8W3ZU59JG51409094. My name is Joe Carroll. Thanks!",
  "status" : "SUBMITTED",
  "modifiedDate" : 1496781940093
}, {
  "id" : "efc198c0-4af3-11e7-a8dd-3d5287441970-78",
  "name" : "2-Doc78",
  "text" : "I need to replace my iPad with the Serial number 2O8KH11WI56326830. My name is Juan Duncan. Thanks!",
  "status" : "SUBMITTED",
  "modifiedDate" : 1496781928869
}, {
  "id" : "efc198c0-4af3-11e7-a8dd-3d5287441970-79",
  "name" : "2-Doc79",
  "text" : "I need to replace my iPad with the Serial number 0J3TC85ST29853184. My name is Jack Snyder. Thanks!",
  "status" : "SUBMITTED",
  "modifiedDate" : 1496781949959
}, {
  "id" : "efc198c0-4af3-11e7-a8dd-3d5287441970-8",
  "name" : "2-Doc8",
  "text" : "I need to replace my MacBook Pro with the Serial number 4F5CG85LF23999263. My name is Florence Woods and my mailing address is 54810 Vahlen Drive Vienna, VA 22184",
  "status" : "SUBMITTED",
  "modifiedDate" : 1496780919690
}, {
  "id" : "efc198c0-4af3-11e7-a8dd-3d5287441970-80",
  "name" : "2-Doc80",
  "text" : "I need to replace my iPad with the Serial number 7O1OA42AF2575897. My name is Albert Hart. Thanks!",
  "status" : "SUBMITTED",
  "modifiedDate" : 1496781957322
}, {
  "id" : "efc198c0-4af3-11e7-a8dd-3d5287441970-81",
  "name" : "2-Doc81",
  "text" : "I need to replace my iPad with the Serial number 1H2PH16SF17142925. My name is Jonathan Cunningham. Thanks!",
  "status" : "SUBMITTED",
  "modifiedDate" : 1496781974928
}, {
  "id" : "efc198c0-4af3-11e7-a8dd-3d5287441970-82",
  "name" : "2-Doc82",
  "text" : "I need to replace my iPad with the Serial number 1Y4ST17IW67403833. My name is Justin Bradley. Thanks!",
  "status" : "SUBMITTED",
  "modifiedDate" : 1496781985842
}, {
  "id" : "efc198c0-4af3-11e7-a8dd-3d5287441970-83",
  "name" : "2-Doc83",
  "text" : "I need to replace my iPad with the Serial number 0H4NJ75DT26455563. My name is Terry Lane. Thanks!",
  "status" : "SUBMITTED",
  "modifiedDate" : 1496781992026
}, {
  "id" : "efc198c0-4af3-11e7-a8dd-3d5287441970-84",
  "name" : "2-Doc84",
  "text" : "I need to replace my iPad with the Serial number 7X2YD67GX62050084. My name is Gerald Andrews. Thanks!",
  "status" : "SUBMITTED",
  "modifiedDate" : 1496781998522
}, {
  "id" : "efc198c0-4af3-11e7-a8dd-3d5287441970-85",
  "name" : "2-Doc85",
  "text" : "I need to replace my iPad with the Serial number 8T7WV31FA28814369. My name is Keith Ruiz. Thanks!",
  "status" : "SUBMITTED",
  "modifiedDate" : 1496782012085
}, {
  "id" : "efc198c0-4af3-11e7-a8dd-3d5287441970-86",
  "name" : "2-Doc86",
  "text" : "I need to replace my iPad with the Serial number 8E1WN0QZ20468514. My name is Samuel Harper. Thanks!",
  "status" : "SUBMITTED",
  "modifiedDate" : 1496782023240
}, {
  "id" : "efc198c0-4af3-11e7-a8dd-3d5287441970-87",
  "name" : "2-Doc87",
  "text" : "I need to replace my iPad with the Serial number 9K6DT25TZ26659190. My name is Willie Fox. Thanks!",
  "status" : "SUBMITTED",
  "modifiedDate" : 1496781745131
}, {
  "id" : "efc198c0-4af3-11e7-a8dd-3d5287441970-88",
  "name" : "2-Doc88",
  "text" : "I need to replace my iPad with the Serial number 6I3SP25AS66361190. My name is Ralph Riley. Thanks!",
  "status" : "SUBMITTED",
  "modifiedDate" : 1496782049041
}, {
  "id" : "efc198c0-4af3-11e7-a8dd-3d5287441970-89",
  "name" : "2-Doc89",
  "text" : "I need to replace my iPad with the Serial number 7H2UG55DM25048353. My name is Lawrence Armstrong. Thanks!",
  "status" : "SUBMITTED",
  "modifiedDate" : 1496782056232
}, {
  "id" : "efc198c0-4af3-11e7-a8dd-3d5287441970-9",
  "name" : "2-Doc9",
  "text" : "I need to replace my MacBook Pro with the Serial number 4H9MR88GN77854653. My name is Tracy Cole and my mailing address is 73289 Grim Circle Pittsburgh, PA 15215",
  "status" : "SUBMITTED",
  "modifiedDate" : 1496780930843
}, {
  "id" : "efc198c0-4af3-11e7-a8dd-3d5287441970-90",
  "name" : "2-Doc90",
  "text" : "I need to replace my iPad with the Serial number 5T9FP11TL5669410. My name is Nicholas Carpenter. Thanks!",
  "status" : "SUBMITTED",
  "modifiedDate" : 1496782062545
}, {
  "id" : "efc198c0-4af3-11e7-a8dd-3d5287441970-91",
  "name" : "2-Doc91",
  "text" : "I need to replace my iPad with the Serial number 5A9WS98PQ86429336. My name is Roy Weaver. Appreciate it!",
  "status" : "SUBMITTED",
  "modifiedDate" : 1496782070746
}, {
  "id" : "efc198c0-4af3-11e7-a8dd-3d5287441970-92",
  "name" : "2-Doc92",
  "text" : "I need to replace my iPad with the Serial number 7C0LR3FM97958432. My name is Benjamin Greene. Appreciate it!",
  "status" : "SUBMITTED",
  "modifiedDate" : 1496782080478
}, {
  "id" : "efc198c0-4af3-11e7-a8dd-3d5287441970-93",
  "name" : "2-Doc93",
  "text" : "I need to replace my iPad with the Serial number 8J8BW87EP55712329. My name is Bruce Lawrence. Appreciate it!",
  "status" : "SUBMITTED",
  "modifiedDate" : 1496782093945
}, {
  "id" : "efc198c0-4af3-11e7-a8dd-3d5287441970-94",
  "name" : "2-Doc94",
  "text" : "I need to replace my iPad with the Serial number 0R1CB33NW69676596. My name is Brandon Elliott. Appreciate it!",
  "status" : "SUBMITTED",
  "modifiedDate" : 1496782088403
}, {
  "id" : "efc198c0-4af3-11e7-a8dd-3d5287441970-95",
  "name" : "2-Doc95",
  "text" : "I need to replace my iPad with the Serial number 0C9RO93IU60215647. My name is Adam Chavez. Appreciate it!",
  "status" : "SUBMITTED",
  "modifiedDate" : 1496782111432
}, {
  "id" : "efc198c0-4af3-11e7-a8dd-3d5287441970-96",
  "name" : "2-Doc96",
  "text" : "I need to replace my iPad with the Serial number 5Q4JB7RY76230787. My name is Harry Sims. Appreciate it!",
  "status" : "SUBMITTED",
  "modifiedDate" : 1496782100279
}, {
  "id" : "efc198c0-4af3-11e7-a8dd-3d5287441970-97",
  "name" : "2-Doc97",
  "text" : "I need to replace my iPad with the Serial number 6T6XO23GO76945272. My name is Fred Austin. Appreciate it!",
  "status" : "SUBMITTED",
  "modifiedDate" : 1496782117230
}, {
  "id" : "efc198c0-4af3-11e7-a8dd-3d5287441970-98",
  "name" : "2-Doc98",
  "text" : "I need to replace my iPad with the Serial number 0Y1QV83DE77752066. My name is Wayne Peters. Appreciate it!",
  "status" : "SUBMITTED",
  "modifiedDate" : 1496782123461
}, {
  "id" : "efc198c0-4af3-11e7-a8dd-3d5287441970-99",
  "name" : "2-Doc99",
  "text" : "I need to replace my iPad with the Serial number 5K9AR41ZU26661050. My name is Billy Kelley. Appreciate it!",
  "status" : "SUBMITTED",
  "modifiedDate" : 1496782132344
}, {
  "id" : "f17e4de0-4a38-11e7-be36-c36c7834f0c7-1",
  "name" : "Doc1",
  "text" : "I need to return a device for Mary Smith. The device serial number is X65Z83QMG7NR. The return address is 98 Roxbury Plaza Florence, SC 29505.",
  "status" : "SUBMITTED",
  "modifiedDate" : 1496699814338
}, {
  "id" : "f17e4de0-4a38-11e7-be36-c36c7834f0c7-10",
  "name" : "Doc10",
  "text" : "I need to return a device for Dorothy Taylor. The device serial number is H82S98OJO9XB. The return address is 2605 Loeprich Avenue Sarasota, FL 34233.",
  "status" : "SUBMITTED",
  "modifiedDate" : 1496699843041
}, {
  "id" : "f17e4de0-4a38-11e7-be36-c36c7834f0c7-100",
  "name" : "Doc100",
  "text" : "I need to return a device for Melissa King. The device serial number is Y76T60MJV0MC. The return address is 49 Kipling Street Chicago, IL 60614.",
  "status" : "SUBMITTED",
  "modifiedDate" : 1496699864050
}, {
  "id" : "f17e4de0-4a38-11e7-be36-c36c7834f0c7-11",
  "name" : "Doc11",
  "text" : "I need to return a device for Lisa Anderson. The device serial number is S4J52ZHF0NB. The return address is 794 Porter Junction San Diego, CA 92145.",
  "status" : "SUBMITTED",
  "modifiedDate" : 1496699886789
}, {
  "id" : "f17e4de0-4a38-11e7-be36-c36c7834f0c7-12",
  "name" : "Doc12",
  "text" : "I need to return a device for Nancy Thomas. The device serial number is Y4E38USR3NF. The return address is 1825 Riverside Road Washington, DC 20016.",
  "status" : "SUBMITTED",
  "modifiedDate" : 1496699922685
}, {
  "id" : "f17e4de0-4a38-11e7-be36-c36c7834f0c7-13",
  "name" : "Doc13",
  "text" : "I need to return a device for Karen Jackson. The device serial number is L79D72XTC2OU. The return address is 3 Summerview Hill Kansas City, MO 64149.",
  "status" : "SUBMITTED",
  "modifiedDate" : 1496699951682
}, {
  "id" : "f17e4de0-4a38-11e7-be36-c36c7834f0c7-14",
  "name" : "Doc14",
  "text" : "I need to return a device for Betty White. The device serial number is J6N69DHP9OS. The return address is 711 Talisman Court Waterbury, CT 60705.",
  "status" : "SUBMITTED",
  "modifiedDate" : 1496699968450
}, {
  "id" : "f17e4de0-4a38-11e7-be36-c36c7834f0c7-15",
  "name" : "Doc15",
  "text" : "I need to return a device for Helen Harris. The device serial number is B46V84XIW4AB. The return address is 754 Fisk Pass Roanoke, VA 24004.",
  "status" : "SUBMITTED",
  "modifiedDate" : 1496699985798
}, {
  "id" : "f17e4de0-4a38-11e7-be36-c36c7834f0c7-16",
  "name" : "Doc16",
  "text" : "I need to return a device for Sandra Martin. The device serial number is A70O30BQC5WX. The return address is 95740 Hoard Court Houston, TX 77223.",
  "status" : "SUBMITTED",
  "modifiedDate" : 1496700009703
}, {
  "id" : "f17e4de0-4a38-11e7-be36-c36c7834f0c7-17",
  "name" : "Doc17",
  "text" : "I need to return a device for Donna Thompson. The device serial number is Y90G50KEF6UQ. The return address is 31421 Vahlen Crossing San Antonio, TX 78220.",
  "status" : "SUBMITTED",
  "modifiedDate" : 1496700037516
}, {
  "id" : "f17e4de0-4a38-11e7-be36-c36c7834f0c7-18",
  "name" : "Doc18",
  "text" : "I need to return a device for Carol Garcia. The device serial number is E48B31CES2IV. The return address is 1249 Lawn Alley Denver, CO 80235.",
  "status" : "SUBMITTED",
  "modifiedDate" : 1496700048728
}, {
  "id" : "f17e4de0-4a38-11e7-be36-c36c7834f0c7-19",
  "name" : "Doc19",
  "text" : "I need to return a device for Ruth Martinez. The device serial number is M91G82QVF2DV. The return address is 185 Maple Road Dallas, TX 75353.",
  "status" : "SUBMITTED",
  "modifiedDate" : 1496700070668
}, {
  "id" : "f17e4de0-4a38-11e7-be36-c36c7834f0c7-2",
  "name" : "Doc2",
  "text" : "I need to return a device for Patricia Johnson. The device serial number is H25T96RDR5UN. The return address is 1080 Heffernan Road Palo Alto, CA 94302.",
  "status" : "SUBMITTED",
  "modifiedDate" : 1496700118111
}, {
  "id" : "f17e4de0-4a38-11e7-be36-c36c7834f0c7-20",
  "name" : "Doc20",
  "text" : "I'm returning a computer with the serial number J68A87DUT6GF for Sharon Robinson. The return address is 06 Forest Dale Terrace Fort Worth, TX 76110.",
  "status" : "SUBMITTED",
  "modifiedDate" : 1496700148194
}, {
  "id" : "f17e4de0-4a38-11e7-be36-c36c7834f0c7-21",
  "name" : "Doc21",
  "text" : "I'm returning a computer with the serial number T24R94CRX9UU for Michelle Clark. The return address is 86166 Forest Run Crossing Honolulu, HI 96805.",
  "status" : "SUBMITTED",
  "modifiedDate" : 1496700183746
}, {
  "id" : "f17e4de0-4a38-11e7-be36-c36c7834f0c7-22",
  "name" : "Doc22",
  "text" : "I'm returning a computer with the serial number H56D71LNY5CC for Laura Rodriguez. The return address is 6065 Gina Plaza Pasadena, CA 91125.",
  "status" : "SUBMITTED",
  "modifiedDate" : 1496700214796
}, {
  "id" : "f17e4de0-4a38-11e7-be36-c36c7834f0c7-23",
  "name" : "Doc23",
  "text" : "I'm returning a computer with the serial number D1N92CSE6ER for Sarah Lewis. The return address is 236 Hudson Lane Stockton, CA 95298.",
  "status" : "SUBMITTED",
  "modifiedDate" : 1496700249207
}, {
  "id" : "f17e4de0-4a38-11e7-be36-c36c7834f0c7-24",
  "name" : "Doc24",
  "text" : "I'm returning a computer with the serial number J0M60FZZ5LT for Kimberly Lee. The return address is 049 Carberry Hill Evanston, IL 60208.",
  "status" : "SUBMITTED",
  "modifiedDate" : 1496700267959
}, {
  "id" : "f17e4de0-4a38-11e7-be36-c36c7834f0c7-25",
  "name" : "Doc25",
  "text" : "I'm returning a computer with the serial number D48W23LMF0OP for Deborah Walker. The return address is 3046 Forster Drive Whittier, CA 90610.",
  "status" : "SUBMITTED",
  "modifiedDate" : 1496700287655
}, {
  "id" : "f17e4de0-4a38-11e7-be36-c36c7834f0c7-26",
  "name" : "Doc26",
  "text" : "I'm returning a computer with the serial number Q41C4GWE8HG for Jessica Hall. The return address is 87754 Coleman Court Johnstown, PA 15906.",
  "status" : "SUBMITTED",
  "modifiedDate" : 1496700303556
}, {
  "id" : "f17e4de0-4a38-11e7-be36-c36c7834f0c7-27",
  "name" : "Doc27",
  "text" : "I'm returning a computer with the serial number B28B63WOG3JS for Shirley Allen. The return address is 05 Emmet Center Rockford, IL 61105.",
  "status" : "SUBMITTED",
  "modifiedDate" : 1496700320331
}, {
  "id" : "f17e4de0-4a38-11e7-be36-c36c7834f0c7-28",
  "name" : "Doc28",
  "text" : "I'm returning a computer with the serial number C89N89VEV4IF for Cynthia Young. The return address is 5 Arapahoe Road Phoenix, AZ 85020.",
  "status" : "SUBMITTED",
  "modifiedDate" : 1496700336350
}, {
  "id" : "f17e4de0-4a38-11e7-be36-c36c7834f0c7-29",
  "name" : "Doc29",
  "text" : "I'm returning a computer with the serial number E0K5RBL7IC for Angela Hernandez. The return address is 46 Ilene Plaza Meridian, MS 39305.",
  "status" : "SUBMITTED",
  "modifiedDate" : 1496700353824
}, {
  "id" : "f17e4de0-4a38-11e7-be36-c36c7834f0c7-3",
  "name" : "Doc3",
  "text" : "I need to return a device for Linda Williams. The device serial number is X58O47HKT3SY. The return address is 14501 Barnett Center Saint Louis, MO 63121.",
  "status" : "SUBMITTED",
  "modifiedDate" : 1496700367654
}, {
  "id" : "f17e4de0-4a38-11e7-be36-c36c7834f0c7-30",
  "name" : "Doc30",
  "text" : "I'm returning a computer with the serial number Y76T60MJV0MC for Melissa King. The return address is 49 Kipling Street Chicago, IL 60614.",
  "status" : "SUBMITTED",
  "modifiedDate" : 1496700379707
}, {
  "id" : "f17e4de0-4a38-11e7-be36-c36c7834f0c7-31",
  "name" : "Doc31",
  "text" : "I'm returning a computer with the serial number O30L39SNG3DQ for Brenda Wright. The return address is 20 Grayhawk Hill Fort Worth, TX 76115.",
  "status" : "SUBMITTED",
  "modifiedDate" : 1496700393878
}, {
  "id" : "f17e4de0-4a38-11e7-be36-c36c7834f0c7-32",
  "name" : "Doc32",
  "text" : "I'm returning a computer with the serial number Z11N95DPG4FK for Amy Lopez. The return address is 1 Memorial Drive Lafayette, LA 70505.",
  "status" : "SUBMITTED",
  "modifiedDate" : 1496700414508
}, {
  "id" : "f17e4de0-4a38-11e7-be36-c36c7834f0c7-33",
  "name" : "Doc33",
  "text" : "I'm returning a computer with the serial number C20L37VET4ZS for Anna Hill. The return address is 6091 Brickson Park Center Arlington, VA 22205.",
  "status" : "SUBMITTED",
  "modifiedDate" : 1496700428374
}, {
  "id" : "f17e4de0-4a38-11e7-be36-c36c7834f0c7-34",
  "name" : "Doc34",
  "text" : "I'm returning a computer with the serial number P40W20UTT6QX for Rebecca Scott. The return address is 77599 Lien Park Jamaica, NY 11436.",
  "status" : "SUBMITTED",
  "modifiedDate" : 1496700441464
}, {
  "id" : "f17e4de0-4a38-11e7-be36-c36c7834f0c7-35",
  "name" : "Doc35",
  "text" : "I'm returning a computer with the serial number E68D73MSN4TG for Virginia Green. The return address is 920 Gateway Court Tucson, AZ 85705.",
  "status" : "SUBMITTED",
  "modifiedDate" : 1496700462139
}, {
  "id" : "f17e4de0-4a38-11e7-be36-c36c7834f0c7-36",
  "name" : "Doc36",
  "text" : "I'm returning a computer with the serial number A97M44IWP8TX for Kathleen Adams. The return address is 31529 Lindbergh Way Fort Worth, TX 76134.",
  "status" : "SUBMITTED",
  "modifiedDate" : 1496700479769
}, {
  "id" : "f17e4de0-4a38-11e7-be36-c36c7834f0c7-37",
  "name" : "Doc37",
  "text" : "I'm returning a computer with the serial number W75L89UQS4LP for Pamela Baker. The return address is 1 Lighthouse Bay Circle Topeka, KS 66606.",
  "status" : "SUBMITTED",
  "modifiedDate" : 1496700495417
}, {
  "id" : "f17e4de0-4a38-11e7-be36-c36c7834f0c7-38",
  "name" : "Doc38",
  "text" : "I'm returning a computer with the serial number K25O84ZST2RZ for Martha Gonzalez. The return address is 52 Anniversary Avenue Salt Lake City, UT 84120.",
  "status" : "SUBMITTED",
  "modifiedDate" : 1496700514711
}, {
  "id" : "f17e4de0-4a38-11e7-be36-c36c7834f0c7-39",
  "name" : "Doc39",
  "text" : "I'm returning a computer with the serial number W28X8TLY2PY for Debra Nelson. The return address is 73341 Meadow Valley Point Washington, DC 20231.",
  "status" : "SUBMITTED",
  "modifiedDate" : 1496700631766
}, {
  "id" : "f17e4de0-4a38-11e7-be36-c36c7834f0c7-4",
  "name" : "Doc4",
  "text" : "I need to return a device for Barbara Jones. The device serial number is K91T92YFY6TU. The return address is 3 Kedzie Alley Saint Paul, MN 55172.",
  "status" : "SUBMITTED",
  "modifiedDate" : 1496700647072
}, {
  "id" : "f17e4de0-4a38-11e7-be36-c36c7834f0c7-40",
  "name" : "Doc40",
  "text" : "I'm returning a computer with the serial number J98X80DEH1OZ for Amanda Carter. The return address is 65 Meadow Ridge Road Tucson, AZ 85732.",
  "status" : "SUBMITTED",
  "modifiedDate" : 1496700667608
}, {
  "id" : "f17e4de0-4a38-11e7-be36-c36c7834f0c7-41",
  "name" : "Doc41",
  "text" : "I'm returning a computer with the serial number N68X82CYU3XV for Stephanie Mitchell. The return address is 41 Charing Cross Court Bradenton, FL 34205.",
  "status" : "SUBMITTED",
  "modifiedDate" : 1496700679211
}, {
  "id" : "f17e4de0-4a38-11e7-be36-c36c7834f0c7-42",
  "name" : "Doc42",
  "text" : "I'm returning a computer with the serial number T49E52WSN0DC for Carolyn Perez. The return address is 4179 Vidon Junction Houston, TX 77245.",
  "status" : "SUBMITTED",
  "modifiedDate" : 1496700689178
}, {
  "id" : "f17e4de0-4a38-11e7-be36-c36c7834f0c7-43",
  "name" : "Doc43",
  "text" : "Sending back a computer with SN# T5E91TED9BJ for Christine Roberts. The address is 418 Messerschmidt Plaza Lancaster, PA 17605.",
  "status" : "SUBMITTED",
  "modifiedDate" : 1496700703632
}, {
  "id" : "f17e4de0-4a38-11e7-be36-c36c7834f0c7-44",
  "name" : "Doc44",
  "text" : "Sending back a computer with SN# F27D60QJK9VG for Marie Turner. The address is 90 Jenna Alley Dallas, TX 75323.",
  "status" : "SUBMITTED",
  "modifiedDate" : 1496700715077
}, {
  "id" : "f17e4de0-4a38-11e7-be36-c36c7834f0c7-45",
  "name" : "Doc45",
  "text" : "Sending back a computer with SN# M13X49PDX4QX for Janet Phillips. The address is 386 Green Ridge Hill Miami, FL 33169.",
  "status" : "SUBMITTED",
  "modifiedDate" : 1496700729103
}, {
  "id" : "f17e4de0-4a38-11e7-be36-c36c7834f0c7-46",
  "name" : "Doc46",
  "text" : "Sending back a computer with SN# N43A80ZIM4PV for Catherine Campbell. The address is 19598 Melody Street Cincinnati, OH 45233.",
  "status" : "SUBMITTED",
  "modifiedDate" : 1496700740849
}, {
  "id" : "f17e4de0-4a38-11e7-be36-c36c7834f0c7-47",
  "name" : "Doc47",
  "text" : "Sending back a computer with SN# X15V88CII6DT for Frances Parker. The address is 6780 Washington Parkway Dayton, OH 45408.",
  "status" : "SUBMITTED",
  "modifiedDate" : 1496700754514
}, {
  "id" : "f17e4de0-4a38-11e7-be36-c36c7834f0c7-48",
  "name" : "Doc48",
  "text" : "Sending back a computer with SN# V17Y67XPQ9XR for Ann Evans. The address is 9 Iowa Drive Milwaukee, WI 53225.",
  "status" : "SUBMITTED",
  "modifiedDate" : 1496700770671
}, {
  "id" : "f17e4de0-4a38-11e7-be36-c36c7834f0c7-49",
  "name" : "Doc49",
  "text" : "Sending back a computer with SN# M73I33UYE1NW for Joyce Edwards. The address is 28 Brown Drive Cincinnati, OH 45233.",
  "status" : "SUBMITTED",
  "modifiedDate" : 1496701358014
}, {
  "id" : "f17e4de0-4a38-11e7-be36-c36c7834f0c7-5",
  "name" : "Doc5",
  "text" : "I need to return a device for Elizabeth Brown. The device serial number is G6F35RBY5KH. The return address is 90096 Buell Drive Morgantown, WV 26505.",
  "status" : "SUBMITTED",
  "modifiedDate" : 1496701377242
}, {
  "id" : "f17e4de0-4a38-11e7-be36-c36c7834f0c7-50",
  "name" : "Doc50",
  "text" : "Sending back a computer with SN# J80C89ATT1FT for Diane Collins. The address is 3165 Sachs Lane Richmond, VA 23242.",
  "status" : "SUBMITTED",
  "modifiedDate" : 1496701436232
}, {
  "id" : "f17e4de0-4a38-11e7-be36-c36c7834f0c7-51",
  "name" : "Doc51",
  "text" : "Sending back a computer with SN# E55M38YOR3CB for Alice Stewart. The address is 892 Orin Park Stockton, CA 95298.",
  "status" : "SUBMITTED",
  "modifiedDate" : 1496701450492
}, {
  "id" : "f17e4de0-4a38-11e7-be36-c36c7834f0c7-52",
  "name" : "Doc52",
  "text" : "Sending back a computer with SN# E49K90ZJW9AW for Julie Sanchez. The address is 33685 Carioca Avenue Harrisburg, PA 17126.",
  "status" : "SUBMITTED",
  "modifiedDate" : 1496701462538
}, {
  "id" : "f17e4de0-4a38-11e7-be36-c36c7834f0c7-53",
  "name" : "Doc53",
  "text" : "Sending back a computer with SN# Z10T65OXH6YR for Heather Morris. The address is 09398 Raven Point Akron, OH 44305.",
  "status" : "SUBMITTED",
  "modifiedDate" : 1496701473709
}, {
  "id" : "f17e4de0-4a38-11e7-be36-c36c7834f0c7-54",
  "name" : "Doc54",
  "text" : "Sending back a computer with SN# M66W46FZE6QB for Teresa Rogers. The address is 30 West Terrace Austin, TX 78778.",
  "status" : "SUBMITTED",
  "modifiedDate" : 1496701487832
}, {
  "id" : "f17e4de0-4a38-11e7-be36-c36c7834f0c7-55",
  "name" : "Doc55",
  "text" : "Sending back a computer with SN# B69B22BGZ5JY for Doris Reed. The address is 55891 Fieldstone Trail Champaign, IL 61825.",
  "status" : "SUBMITTED",
  "modifiedDate" : 1496701505525
}, {
  "id" : "f17e4de0-4a38-11e7-be36-c36c7834f0c7-56",
  "name" : "Doc56",
  "text" : "Sending back a computer with SN# N20I37AIG6OG for Gloria Cook. The address is 11885 Sloan Junction Charlotte, NC 28284.",
  "status" : "SUBMITTED",
  "modifiedDate" : 1496701529494
}, {
  "id" : "f17e4de0-4a38-11e7-be36-c36c7834f0c7-57",
  "name" : "Doc57",
  "text" : "Sending back a computer with SN# I91O63TAO4KR for Evelyn Morgan. The address is 04 Del Mar Parkway Arlington, TX 76096.",
  "status" : "SUBMITTED",
  "modifiedDate" : 1496701551649
}, {
  "id" : "f17e4de0-4a38-11e7-be36-c36c7834f0c7-58",
  "name" : "Doc58",
  "text" : "Sending back a computer with SN# D54J2BGF4NP for Jean Bell. The address is 0792 Glendale Point Tampa, FL 33673.",
  "status" : "SUBMITTED",
  "modifiedDate" : 1496701561937
}, {
  "id" : "f17e4de0-4a38-11e7-be36-c36c7834f0c7-59",
  "name" : "Doc59",
  "text" : "Sending back a computer with SN# M93I39YDP4TS for Cheryl Murphy. The address is 1 Bunting Road Springfield, MO 65810.",
  "status" : "SUBMITTED",
  "modifiedDate" : 1496701571621
}, {
  "id" : "f17e4de0-4a38-11e7-be36-c36c7834f0c7-6",
  "name" : "Doc6",
  "text" : "I need to return a device for Jennifer Davis. The device serial number is B16C16EWR7QN. The return address is 4 Stang Drive Memphis, TN 38136.",
  "status" : "SUBMITTED",
  "modifiedDate" : 1496701585325
}, {
  "id" : "f17e4de0-4a38-11e7-be36-c36c7834f0c7-60",
  "name" : "Doc60",
  "text" : "Sending back a computer with SN# S72T78ROV3DP for Mildred Bailey. The address is 80 Leroy Lane Trenton, NJ 80695.",
  "status" : "SUBMITTED",
  "modifiedDate" : 1496701597580
}, {
  "id" : "f17e4de0-4a38-11e7-be36-c36c7834f0c7-61",
  "name" : "Doc61",
  "text" : "Sending back a computer with SN# A47Z87OBE7WU for Katherine Rivera. The address is 43 4th Crossing Jacksonville, FL 32244.",
  "status" : "SUBMITTED",
  "modifiedDate" : 1496701607738
}, {
  "id" : "f17e4de0-4a38-11e7-be36-c36c7834f0c7-62",
  "name" : "Doc62",
  "text" : "Sending back a computer with SN# B14T11DKY4GO for Joan Cooper. The address is 48248 Marcy Road Pompano Beach, FL 33064.",
  "status" : "SUBMITTED",
  "modifiedDate" : 1496701618583
}, {
  "id" : "f17e4de0-4a38-11e7-be36-c36c7834f0c7-63",
  "name" : "Doc63",
  "text" : "Sending back a computer with SN# I59C23BYG9LW for Ashley Richardson. The address is 0289 Stang Street Montpelier, VT 56209.",
  "status" : "SUBMITTED",
  "modifiedDate" : 1496701633640
}, {
  "id" : "f17e4de0-4a38-11e7-be36-c36c7834f0c7-64",
  "name" : "Doc64",
  "text" : "Sending back a computer with SN# G28J61ZBV2XN for Judith Cox. The address is 664 Orin Alley Chattanooga, TN 37416.",
  "status" : "SUBMITTED",
  "modifiedDate" : 1496701642554
}, {
  "id" : "f17e4de0-4a38-11e7-be36-c36c7834f0c7-65",
  "name" : "Doc65",
  "text" : "Sending back a computer with SN# Q12Y31NOR8IB for Rose Howard. The address is 41434 Pond Park Santa Monica, CA 90405.",
  "status" : "SUBMITTED",
  "modifiedDate" : 1496701663522
}, {
  "id" : "f17e4de0-4a38-11e7-be36-c36c7834f0c7-66",
  "name" : "Doc66",
  "text" : "Sending back a computer with SN# G97U89XBB2RB for Janice Ward. The address is 14236 Sachs Place Glendale, CA 91205.",
  "status" : "SUBMITTED",
  "modifiedDate" : 1496701675190
}, {
  "id" : "f17e4de0-4a38-11e7-be36-c36c7834f0c7-67",
  "name" : "Doc67",
  "text" : "Sending back a computer with SN# V83X99PVH3WV for Kelly Torres. The address is 92 Mendota Avenue Fresno, CA 93715.",
  "status" : "SUBMITTED",
  "modifiedDate" : 1496701686285
}, {
  "id" : "f17e4de0-4a38-11e7-be36-c36c7834f0c7-68",
  "name" : "Doc68",
  "text" : "Sending back a computer with SN# E87Q84IPR7HN for Nicole Peterson. The address is 6 Aberg Way Sioux Falls, SD 57110.",
  "status" : "SUBMITTED",
  "modifiedDate" : 1496701700506
}, {
  "id" : "f17e4de0-4a38-11e7-be36-c36c7834f0c7-69",
  "name" : "Doc69",
  "text" : "Sending back a computer with Serial# X80P10LLN2FB for Judy Gray. The address is 7 Milwaukee Junction Milwaukee, WI 53234.",
  "status" : "SUBMITTED",
  "modifiedDate" : 1496701720369
}, {
  "id" : "f17e4de0-4a38-11e7-be36-c36c7834f0c7-7",
  "name" : "Doc7",
  "text" : "I need to return a device for Maria Miller. The device serial number is K72Y66OVW2VS. The return address is 5496 Warbler Terrace Portland, OR 97229.",
  "status" : "SUBMITTED",
  "modifiedDate" : 1496701730669
}, {
  "id" : "f17e4de0-4a38-11e7-be36-c36c7834f0c7-70",
  "name" : "Doc70",
  "text" : "Sending back a computer with Serial# F32A81TZR4XA for Christina Ramirez. The address is 093 Goodland Court Atlanta, GA 30356.",
  "status" : "SUBMITTED",
  "modifiedDate" : 1496701739995
}, {
  "id" : "f17e4de0-4a38-11e7-be36-c36c7834f0c7-71",
  "name" : "Doc71",
  "text" : "Sending back a computer with Serial# H84T97VIH6EQ for Kathy James. The address is 97 Weeping Birch Court Longview, TX 75605.",
  "status" : "SUBMITTED",
  "modifiedDate" : 1496701749642
}, {
  "id" : "f17e4de0-4a38-11e7-be36-c36c7834f0c7-72",
  "name" : "Doc72",
  "text" : "Sending back a computer with Serial# Z19Y73ZBC2DQ for Theresa Watson. The address is 576 Corscot Court Young America, MN 55557.",
  "status" : "SUBMITTED",
  "modifiedDate" : 1496701766720
}, {
  "id" : "f17e4de0-4a38-11e7-be36-c36c7834f0c7-73",
  "name" : "Doc73",
  "text" : "Sending back a computer with Serial# P83Z4QKH1TG for Beverly Brooks. The address is 45072 Ruskin Road Houston, TX 77299.",
  "status" : "SUBMITTED",
  "modifiedDate" : 1496701778469
}, {
  "id" : "f17e4de0-4a38-11e7-be36-c36c7834f0c7-74",
  "name" : "Doc74",
  "text" : "Sending back a computer with Serial# T73I52UFV3MV for Denise Kelly. The address is 30 Sutteridge Point Erie, PA 16505.",
  "status" : "SUBMITTED",
  "modifiedDate" : 1496701789437
}, {
  "id" : "f17e4de0-4a38-11e7-be36-c36c7834f0c7-75",
  "name" : "Doc75",
  "text" : "Sending back a computer with Serial# P19V74ITO4XK for Tammy Sanders. The address is 89886 Ruskin Road Baltimore, MD 21239.",
  "status" : "SUBMITTED",
  "modifiedDate" : 1496701798314
}, {
  "id" : "f17e4de0-4a38-11e7-be36-c36c7834f0c7-76",
  "name" : "Doc76",
  "text" : "Sending back a computer with Serial# S75C98QEE2LO for Irene Price. The address is 75605 Hayes Drive Sparks, NV 89436.",
  "status" : "SUBMITTED",
  "modifiedDate" : 1496701816268
}, {
  "id" : "f17e4de0-4a38-11e7-be36-c36c7834f0c7-77",
  "name" : "Doc77",
  "text" : "Sending back a computer with Serial# A70N1XTF5XO for Jane Bennett. The address is 38102 Express Plaza Migrate, KY 41905.",
  "status" : "SUBMITTED",
  "modifiedDate" : 1496701839335
}, {
  "id" : "f17e4de0-4a38-11e7-be36-c36c7834f0c7-78",
  "name" : "Doc78",
  "text" : "Sending back a computer with Serial# M33G16HYI3VF for Lori Wood. The address is 376 Leroy Way San Diego, CA 92160.",
  "status" : "SUBMITTED",
  "modifiedDate" : 1496701849242
}, {
  "id" : "f17e4de0-4a38-11e7-be36-c36c7834f0c7-79",
  "name" : "Doc79",
  "text" : "Sending back a computer with Serial# P77T26GGX2KF for Rachel Barnes. The address is 2 Dapin Hill Los Angeles, CA 90081.",
  "status" : "SUBMITTED",
  "modifiedDate" : 1496701859070
}, {
  "id" : "f17e4de0-4a38-11e7-be36-c36c7834f0c7-8",
  "name" : "Doc8",
  "text" : "I need to return a device for Susan Wilson. The device serial number is Q2Z88OOC7XA. The return address is 36117 School Center New Haven, CT 65038.",
  "status" : "SUBMITTED",
  "modifiedDate" : 1496701876442
}, {
  "id" : "f17e4de0-4a38-11e7-be36-c36c7834f0c7-80",
  "name" : "Doc80",
  "text" : "Sending back a computer with Serial# D33T77VTY0ZM for Marilyn Ross. The address is 7 Fremont Terrace Sacramento, CA 95813.",
  "status" : "SUBMITTED",
  "modifiedDate" : 1496701888069
}, {
  "id" : "f17e4de0-4a38-11e7-be36-c36c7834f0c7-81",
  "name" : "Doc81",
  "text" : "Sending back a computer with Serial# Z18C99OLN2TT for Andrea Henderson. The address is 1976 Mandrake Street Honolulu, HI 96845.",
  "status" : "SUBMITTED",
  "modifiedDate" : 1496701898447
}, {
  "id" : "f17e4de0-4a38-11e7-be36-c36c7834f0c7-82",
  "name" : "Doc82",
  "text" : "Sending back a computer with Serial# C30W66EOR8PA for Kathryn Coleman. The address is 4 Novick Place Fort Wayne, IN 46857.",
  "status" : "SUBMITTED",
  "modifiedDate" : 1496701911052
}, {
  "id" : "f17e4de0-4a38-11e7-be36-c36c7834f0c7-83",
  "name" : "Doc83",
  "text" : "Sending back a computer with Serial# V25P38QCS5CM for Louise Jenkins. The address is 6464 Spaight Parkway Chicago, IL 60646.",
  "status" : "SUBMITTED",
  "modifiedDate" : 1496701922530
}, {
  "id" : "f17e4de0-4a38-11e7-be36-c36c7834f0c7-84",
  "name" : "Doc84",
  "text" : "Sending back a computer with Serial# B23X98DJG3AG for Sara Perry. The address is 10116 Gerald Court New Orleans, LA 70165.",
  "status" : "SUBMITTED",
  "modifiedDate" : 1496701938279
}, {
  "id" : "f17e4de0-4a38-11e7-be36-c36c7834f0c7-85",
  "name" : "Doc85",
  "text" : "Sending back a computer with Serial# N93Y18ZDB7WO for Anne Powell. The address is 96 Dakota Park Homestead, FL 33034.",
  "status" : "SUBMITTED",
  "modifiedDate" : 1496701950526
}, {
  "id" : "f17e4de0-4a38-11e7-be36-c36c7834f0c7-86",
  "name" : "Doc86",
  "text" : "Sending back a computer with Serial# E81D4YWK4MP for Jacqueline Long. The address is 085 Linden Circle Garden Grove, CA 92645.",
  "status" : "SUBMITTED",
  "modifiedDate" : 1496701962561
}, {
  "id" : "f17e4de0-4a38-11e7-be36-c36c7834f0c7-87",
  "name" : "Doc87",
  "text" : "Sending back a computer with Serial# C43K30DGP4LL for Wanda Patterson. The address is 82 Kinsman Center Austin, TX 78789.",
  "status" : "SUBMITTED",
  "modifiedDate" : 1496701978887
}, {
  "id" : "f17e4de0-4a38-11e7-be36-c36c7834f0c7-88",
  "name" : "Doc88",
  "text" : "Sending back a computer with Serial# S55N31VCO0FS for Bonnie Hughes. The address is 38838 Jenifer Park Oakland, CA 94605.",
  "status" : "SUBMITTED",
  "modifiedDate" : 1496702002855
}, {
  "id" : "f17e4de0-4a38-11e7-be36-c36c7834f0c7-89",
  "name" : "Doc89",
  "text" : "I need to return a device for Ruth Martinez. The device serial number is M91G82QVF2DV. The return address is 185 Maple Road Dallas, TX 75353.",
  "status" : "SUBMITTED",
  "modifiedDate" : 1496702014690
}, {
  "id" : "f17e4de0-4a38-11e7-be36-c36c7834f0c7-9",
  "name" : "Doc9",
  "text" : "I need to return a device for Margaret Moore. The device serial number is H28U87DNB7DT. The return address is 5 American Ash Crossing Bakersfield, CA 93386.",
  "status" : "SUBMITTED",
  "modifiedDate" : 1496702026185
}, {
  "id" : "f17e4de0-4a38-11e7-be36-c36c7834f0c7-90",
  "name" : "Doc90",
  "text" : "I need to return a device for Sharon Robinson. The device serial number is J68A87DUT6GF. The return address is 06 Forest Dale Terrace Fort Worth, TX 76110.",
  "status" : "SUBMITTED",
  "modifiedDate" : 1496702040071
}, {
  "id" : "f17e4de0-4a38-11e7-be36-c36c7834f0c7-91",
  "name" : "Doc91",
  "text" : "I need to return a device for Michelle Clark. The device serial number is T24R94CRX9UU. The return address is 86166 Forest Run Crossing Honolulu, HI 96805.",
  "status" : "SUBMITTED",
  "modifiedDate" : 1496701421431
}, {
  "id" : "f17e4de0-4a38-11e7-be36-c36c7834f0c7-92",
  "name" : "Doc92",
  "text" : "I need to return a device for Laura Rodriguez. The device serial number is H56D71LNY5CC. The return address is 6065 Gina Plaza Pasadena, CA 91125.",
  "status" : "SUBMITTED",
  "modifiedDate" : 1496702048805
}, {
  "id" : "f17e4de0-4a38-11e7-be36-c36c7834f0c7-93",
  "name" : "Doc93",
  "text" : "I need to return a device for Sarah Lewis. The device serial number is D1N92CSE6ER. The return address is 236 Hudson Lane Stockton, CA 95298.",
  "status" : "SUBMITTED",
  "modifiedDate" : 1496702072842
}, {
  "id" : "f17e4de0-4a38-11e7-be36-c36c7834f0c7-94",
  "name" : "Doc94",
  "text" : "I need to return a device for Kimberly Lee. The device serial number is J0M60FZZ5LT. The return address is 049 Carberry Hill Evanston, IL 60208.",
  "status" : "SUBMITTED",
  "modifiedDate" : 1496702083282
}, {
  "id" : "f17e4de0-4a38-11e7-be36-c36c7834f0c7-95",
  "name" : "Doc95",
  "text" : "I need to return a device for Deborah Walker. The device serial number is D48W23LMF0OP. The return address is 3046 Forster Drive Whittier, CA 90610.",
  "status" : "SUBMITTED",
  "modifiedDate" : 1496702093132
}, {
  "id" : "f17e4de0-4a38-11e7-be36-c36c7834f0c7-96",
  "name" : "Doc96",
  "text" : "I need to return a device for Jessica Hall. The device serial number is Q41C4GWE8HG. The return address is 87754 Coleman Court Johnstown, PA 15906.",
  "status" : "SUBMITTED",
  "modifiedDate" : 1496702103635
}, {
  "id" : "f17e4de0-4a38-11e7-be36-c36c7834f0c7-97",
  "name" : "Doc97",
  "text" : "I need to return a device for Shirley Allen. The device serial number is B28B63WOG3JS. The return address is 05 Emmet Center Rockford, IL 61105.",
  "status" : "SUBMITTED",
  "modifiedDate" : 1496702113090
}, {
  "id" : "f17e4de0-4a38-11e7-be36-c36c7834f0c7-98",
  "name" : "Doc98",
  "text" : "I need to return a device for Cynthia Young. The device serial number is C89N89VEV4IF. The return address is 5 Arapahoe Road Phoenix, AZ 85020.",
  "status" : "SUBMITTED",
  "modifiedDate" : 1496702122415
}, {
  "id" : "f17e4de0-4a38-11e7-be36-c36c7834f0c7-99",
  "name" : "Doc99",
  "text" : "I need to return a device for Angela Hernandez. The device serial number is E0K5RBL7IC. The return address is 46 Ilene Plaza Meridian, MS 39305.",
  "status" : "SUBMITTED",
  "modifiedDate" : 1496702133270
} ]