{
  "id" : "efc198c0-4af3-11e7-a8dd-3d5287441970-32",
  "name" : "2-Doc32",
  "version" : 3,
  "text" : "I need to replace my iPad with the Serial number 1N1OH38JO9098112. My name is David Hicks and my mailing address is 2224 Graceland Street Irvine, CA 92612",
  "docLength" : 0,
  "language" : "EN",
  "status" : "SUBMITTED",
  "modifiedDate" : 1496780758879,
  "documentSet" : [ ],
  "preannotation" : [ "PRE_SIRE" ],
  "sentences" : [ {
    "id" : "s0",
    "begin" : 0,
    "end" : 66,
    "text" : "I need to replace my iPad with the Serial number 1N1OH38JO9098112.",
    "tokens" : [ {
      "id" : "s0-t0",
      "begin" : 0,
      "end" : 1,
      "text" : "I",
      "whiteSpace" : false
    }, {
      "id" : "s0-t1",
      "begin" : 2,
      "end" : 6,
      "text" : "need",
      "whiteSpace" : false
    }, {
      "id" : "s0-t2",
      "begin" : 7,
      "end" : 9,
      "text" : "to",
      "whiteSpace" : false
    }, {
      "id" : "s0-t3",
      "begin" : 10,
      "end" : 17,
      "text" : "replace",
      "whiteSpace" : false
    }, {
      "id" : "s0-t4",
      "begin" : 18,
      "end" : 20,
      "text" : "my",
      "whiteSpace" : false
    }, {
      "id" : "s0-t5",
      "begin" : 21,
      "end" : 25,
      "text" : "iPad",
      "whiteSpace" : false
    }, {
      "id" : "s0-t6",
      "begin" : 26,
      "end" : 30,
      "text" : "with",
      "whiteSpace" : false
    }, {
      "id" : "s0-t7",
      "begin" : 31,
      "end" : 34,
      "text" : "the",
      "whiteSpace" : false
    }, {
      "id" : "s0-t8",
      "begin" : 35,
      "end" : 41,
      "text" : "Serial",
      "whiteSpace" : false
    }, {
      "id" : "s0-t9",
      "begin" : 42,
      "end" : 48,
      "text" : "number",
      "whiteSpace" : false
    }, {
      "id" : "s0-t10",
      "begin" : 49,
      "end" : 65,
      "text" : "1N1OH38JO9098112",
      "whiteSpace" : false
    }, {
      "id" : "s0-t11",
      "begin" : 65,
      "end" : 66,
      "text" : ".",
      "whiteSpace" : false
    } ]
  }, {
    "id" : "s1",
    "begin" : 67,
    "end" : 154,
    "text" : "My name is David Hicks and my mailing address is 2224 Graceland Street Irvine, CA 92612",
    "tokens" : [ {
      "id" : "s1-t0",
      "begin" : 67,
      "end" : 69,
      "text" : "My",
      "whiteSpace" : false
    }, {
      "id" : "s1-t1",
      "begin" : 70,
      "end" : 74,
      "text" : "name",
      "whiteSpace" : false
    }, {
      "id" : "s1-t2",
      "begin" : 75,
      "end" : 77,
      "text" : "is",
      "whiteSpace" : false
    }, {
      "id" : "s1-t3",
      "begin" : 78,
      "end" : 83,
      "text" : "David",
      "whiteSpace" : false
    }, {
      "id" : "s1-t4",
      "begin" : 84,
      "end" : 89,
      "text" : "Hicks",
      "whiteSpace" : false
    }, {
      "id" : "s1-t5",
      "begin" : 90,
      "end" : 93,
      "text" : "and",
      "whiteSpace" : false
    }, {
      "id" : "s1-t6",
      "begin" : 94,
      "end" : 96,
      "text" : "my",
      "whiteSpace" : false
    }, {
      "id" : "s1-t7",
      "begin" : 97,
      "end" : 104,
      "text" : "mailing",
      "whiteSpace" : false
    }, {
      "id" : "s1-t8",
      "begin" : 105,
      "end" : 112,
      "text" : "address",
      "whiteSpace" : false
    }, {
      "id" : "s1-t9",
      "begin" : 113,
      "end" : 115,
      "text" : "is",
      "whiteSpace" : false
    }, {
      "id" : "s1-t10",
      "begin" : 116,
      "end" : 120,
      "text" : "2224",
      "whiteSpace" : false
    }, {
      "id" : "s1-t11",
      "begin" : 121,
      "end" : 130,
      "text" : "Graceland",
      "whiteSpace" : false
    }, {
      "id" : "s1-t12",
      "begin" : 131,
      "end" : 137,
      "text" : "Street",
      "whiteSpace" : false
    }, {
      "id" : "s1-t13",
      "begin" : 138,
      "end" : 144,
      "text" : "Irvine",
      "whiteSpace" : false
    }, {
      "id" : "s1-t14",
      "begin" : 144,
      "end" : 145,
      "text" : ",",
      "whiteSpace" : false
    }, {
      "id" : "s1-t15",
      "begin" : 146,
      "end" : 148,
      "text" : "CA",
      "whiteSpace" : false
    }, {
      "id" : "s1-t16",
      "begin" : 149,
      "end" : 154,
      "text" : "92612",
      "whiteSpace" : false
    } ]
  } ],
  "mentions" : [ {
    "id" : "-M0",
    "properties" : {
      "SIRE_MENTION_TYPE" : "NONE",
      "SIRE_ENTITY_CLASS" : "SPC",
      "SIRE_MENTION_ROLE" : "Serial_Number",
      "SIRE_ENTITY_SUBTYPE" : "NONE",
      "SIRE_MENTION_CLASS" : "SPC",
      "SIRE_ENTITY_LEVEL" : "NONE"
    },
    "type" : "Serial_Number",
    "begin" : 49,
    "end" : 65,
    "inCoref" : false
  }, {
    "id" : "s1-m7",
    "properties" : {
      "SIRE_MENTION_ROLE" : "First_Name",
      "SIRE_ENTITY_SUBTYPE" : "NONE",
      "SIRE_MENTION_TYPE" : "NONE",
      "SIRE_MENTION_CLASS" : "SPC"
    },
    "type" : "First_Name",
    "begin" : 78,
    "end" : 83,
    "inCoref" : false
  }, {
    "id" : "s1-m8",
    "properties" : {
      "SIRE_MENTION_ROLE" : "Last_Name",
      "SIRE_ENTITY_SUBTYPE" : "NONE",
      "SIRE_MENTION_TYPE" : "NONE",
      "SIRE_MENTION_CLASS" : "SPC"
    },
    "type" : "Last_Name",
    "begin" : 84,
    "end" : 89,
    "inCoref" : false
  }, {
    "id" : "-M3",
    "properties" : {
      "SIRE_MENTION_TYPE" : "NONE",
      "SIRE_ENTITY_CLASS" : "SPC",
      "SIRE_MENTION_ROLE" : "Street_Number",
      "SIRE_ENTITY_SUBTYPE" : "NONE",
      "SIRE_MENTION_CLASS" : "SPC",
      "SIRE_ENTITY_LEVEL" : "NONE"
    },
    "type" : "Street_Number",
    "begin" : 116,
    "end" : 137,
    "inCoref" : false
  }, {
    "id" : "-M4",
    "properties" : {
      "SIRE_MENTION_TYPE" : "NONE",
      "SIRE_ENTITY_CLASS" : "SPC",
      "SIRE_MENTION_ROLE" : "City",
      "SIRE_ENTITY_SUBTYPE" : "NONE",
      "SIRE_MENTION_CLASS" : "SPC",
      "SIRE_ENTITY_LEVEL" : "NONE"
    },
    "type" : "City",
    "begin" : 138,
    "end" : 144,
    "inCoref" : false
  }, {
    "id" : "-M5",
    "properties" : {
      "SIRE_MENTION_TYPE" : "NONE",
      "SIRE_ENTITY_CLASS" : "SPC",
      "SIRE_MENTION_ROLE" : "State",
      "SIRE_ENTITY_SUBTYPE" : "NONE",
      "SIRE_MENTION_CLASS" : "SPC",
      "SIRE_ENTITY_LEVEL" : "NONE"
    },
    "type" : "State",
    "begin" : 146,
    "end" : 148,
    "inCoref" : false
  }, {
    "id" : "-M6",
    "properties" : {
      "SIRE_MENTION_TYPE" : "NONE",
      "SIRE_ENTITY_CLASS" : "SPC",
      "SIRE_MENTION_ROLE" : "Zip",
      "SIRE_ENTITY_SUBTYPE" : "NONE",
      "SIRE_MENTION_CLASS" : "SPC",
      "SIRE_ENTITY_LEVEL" : "NONE"
    },
    "type" : "Zip",
    "begin" : 149,
    "end" : 154,
    "inCoref" : false
  } ],
  "relations" : [ ],
  "corefs" : [ ],
  "typeResolved" : true,
  "userResolved" : false
}