{
  "id" : "efc198c0-4af3-11e7-a8dd-3d5287441970-44",
  "name" : "2-Doc44",
  "version" : 3,
  "text" : "I need to replace my iPad. My name is Steven Gordon and my mailing address is 8 Washington Point Frederick, MD 21705.",
  "docLength" : 0,
  "language" : "EN",
  "status" : "SUBMITTED",
  "modifiedDate" : 1496780938996,
  "documentSet" : [ ],
  "preannotation" : [ "PRE_SIRE" ],
  "sentences" : [ {
    "id" : "s0",
    "begin" : 0,
    "end" : 26,
    "text" : "I need to replace my iPad.",
    "tokens" : [ {
      "id" : "s0-t0",
      "begin" : 0,
      "end" : 1,
      "text" : "I",
      "whiteSpace" : false
    }, {
      "id" : "s0-t1",
      "begin" : 2,
      "end" : 6,
      "text" : "need",
      "whiteSpace" : false
    }, {
      "id" : "s0-t2",
      "begin" : 7,
      "end" : 9,
      "text" : "to",
      "whiteSpace" : false
    }, {
      "id" : "s0-t3",
      "begin" : 10,
      "end" : 17,
      "text" : "replace",
      "whiteSpace" : false
    }, {
      "id" : "s0-t4",
      "begin" : 18,
      "end" : 20,
      "text" : "my",
      "whiteSpace" : false
    }, {
      "id" : "s0-t5",
      "begin" : 21,
      "end" : 25,
      "text" : "iPad",
      "whiteSpace" : false
    }, {
      "id" : "s0-t6",
      "begin" : 25,
      "end" : 26,
      "text" : ".",
      "whiteSpace" : false
    } ]
  }, {
    "id" : "s1",
    "begin" : 27,
    "end" : 117,
    "text" : "My name is Steven Gordon and my mailing address is 8 Washington Point Frederick, MD 21705.",
    "tokens" : [ {
      "id" : "s1-t0",
      "begin" : 27,
      "end" : 29,
      "text" : "My",
      "whiteSpace" : false
    }, {
      "id" : "s1-t1",
      "begin" : 30,
      "end" : 34,
      "text" : "name",
      "whiteSpace" : false
    }, {
      "id" : "s1-t2",
      "begin" : 35,
      "end" : 37,
      "text" : "is",
      "whiteSpace" : false
    }, {
      "id" : "s1-t3",
      "begin" : 38,
      "end" : 44,
      "text" : "Steven",
      "whiteSpace" : false
    }, {
      "id" : "s1-t4",
      "begin" : 45,
      "end" : 51,
      "text" : "Gordon",
      "whiteSpace" : false
    }, {
      "id" : "s1-t5",
      "begin" : 52,
      "end" : 55,
      "text" : "and",
      "whiteSpace" : false
    }, {
      "id" : "s1-t6",
      "begin" : 56,
      "end" : 58,
      "text" : "my",
      "whiteSpace" : false
    }, {
      "id" : "s1-t7",
      "begin" : 59,
      "end" : 66,
      "text" : "mailing",
      "whiteSpace" : false
    }, {
      "id" : "s1-t8",
      "begin" : 67,
      "end" : 74,
      "text" : "address",
      "whiteSpace" : false
    }, {
      "id" : "s1-t9",
      "begin" : 75,
      "end" : 77,
      "text" : "is",
      "whiteSpace" : false
    }, {
      "id" : "s1-t10",
      "begin" : 78,
      "end" : 79,
      "text" : "8",
      "whiteSpace" : false
    }, {
      "id" : "s1-t11",
      "begin" : 80,
      "end" : 90,
      "text" : "Washington",
      "whiteSpace" : false
    }, {
      "id" : "s1-t12",
      "begin" : 91,
      "end" : 96,
      "text" : "Point",
      "whiteSpace" : false
    }, {
      "id" : "s1-t13",
      "begin" : 97,
      "end" : 106,
      "text" : "Frederick",
      "whiteSpace" : false
    }, {
      "id" : "s1-t14",
      "begin" : 106,
      "end" : 107,
      "text" : ",",
      "whiteSpace" : false
    }, {
      "id" : "s1-t15",
      "begin" : 108,
      "end" : 110,
      "text" : "MD",
      "whiteSpace" : false
    }, {
      "id" : "s1-t16",
      "begin" : 111,
      "end" : 116,
      "text" : "21705",
      "whiteSpace" : false
    }, {
      "id" : "s1-t17",
      "begin" : 116,
      "end" : 117,
      "text" : ".",
      "whiteSpace" : false
    } ]
  } ],
  "mentions" : [ {
    "id" : "s1-m7",
    "properties" : {
      "SIRE_MENTION_ROLE" : "First_Name",
      "SIRE_ENTITY_SUBTYPE" : "NONE",
      "SIRE_MENTION_TYPE" : "NONE",
      "SIRE_MENTION_CLASS" : "SPC"
    },
    "type" : "First_Name",
    "begin" : 38,
    "end" : 44,
    "inCoref" : false
  }, {
    "id" : "s1-m8",
    "properties" : {
      "SIRE_MENTION_ROLE" : "Last_Name",
      "SIRE_ENTITY_SUBTYPE" : "NONE",
      "SIRE_MENTION_TYPE" : "NONE",
      "SIRE_MENTION_CLASS" : "SPC"
    },
    "type" : "Last_Name",
    "begin" : 45,
    "end" : 51,
    "inCoref" : false
  }, {
    "id" : "-M3",
    "properties" : {
      "SIRE_MENTION_TYPE" : "NONE",
      "SIRE_ENTITY_CLASS" : "SPC",
      "SIRE_MENTION_ROLE" : "Street_Number",
      "SIRE_ENTITY_SUBTYPE" : "NONE",
      "SIRE_MENTION_CLASS" : "SPC",
      "SIRE_ENTITY_LEVEL" : "NONE"
    },
    "type" : "Street_Number",
    "begin" : 78,
    "end" : 96,
    "inCoref" : false
  }, {
    "id" : "-M4",
    "properties" : {
      "SIRE_MENTION_TYPE" : "NONE",
      "SIRE_ENTITY_CLASS" : "SPC",
      "SIRE_MENTION_ROLE" : "City",
      "SIRE_ENTITY_SUBTYPE" : "NONE",
      "SIRE_MENTION_CLASS" : "SPC",
      "SIRE_ENTITY_LEVEL" : "NONE"
    },
    "type" : "City",
    "begin" : 97,
    "end" : 106,
    "inCoref" : false
  }, {
    "id" : "-M5",
    "properties" : {
      "SIRE_MENTION_TYPE" : "NONE",
      "SIRE_ENTITY_CLASS" : "SPC",
      "SIRE_MENTION_ROLE" : "State",
      "SIRE_ENTITY_SUBTYPE" : "NONE",
      "SIRE_MENTION_CLASS" : "SPC",
      "SIRE_ENTITY_LEVEL" : "NONE"
    },
    "type" : "State",
    "begin" : 108,
    "end" : 110,
    "inCoref" : false
  }, {
    "id" : "-M6",
    "properties" : {
      "SIRE_MENTION_TYPE" : "NONE",
      "SIRE_ENTITY_CLASS" : "SPC",
      "SIRE_MENTION_ROLE" : "Zip",
      "SIRE_ENTITY_SUBTYPE" : "NONE",
      "SIRE_MENTION_CLASS" : "SPC",
      "SIRE_ENTITY_LEVEL" : "NONE"
    },
    "type" : "Zip",
    "begin" : 111,
    "end" : 116,
    "inCoref" : false
  } ],
  "relations" : [ ],
  "corefs" : [ ],
  "typeResolved" : true,
  "userResolved" : false
}