{
  "id" : "efc198c0-4af3-11e7-a8dd-3d5287441970-1",
  "name" : "2-Doc1",
  "version" : 3,
  "text" : "I need to replace my MacBook Pro with the Serial number 4O4HS75IX31395961. My name is Robin Hayes and my mailing address is 99503 Anhalt Junction Palo Alto, CA 94302",
  "docLength" : 0,
  "language" : "EN",
  "status" : "SUBMITTED",
  "modifiedDate" : 1496780484084,
  "documentSet" : [ ],
  "preannotation" : [ "PRE_SIRE" ],
  "sentences" : [ {
    "id" : "s0",
    "begin" : 0,
    "end" : 74,
    "text" : "I need to replace my MacBook Pro with the Serial number 4O4HS75IX31395961.",
    "tokens" : [ {
      "id" : "s0-t0",
      "begin" : 0,
      "end" : 1,
      "text" : "I",
      "whiteSpace" : false
    }, {
      "id" : "s0-t1",
      "begin" : 2,
      "end" : 6,
      "text" : "need",
      "whiteSpace" : false
    }, {
      "id" : "s0-t2",
      "begin" : 7,
      "end" : 9,
      "text" : "to",
      "whiteSpace" : false
    }, {
      "id" : "s0-t3",
      "begin" : 10,
      "end" : 17,
      "text" : "replace",
      "whiteSpace" : false
    }, {
      "id" : "s0-t4",
      "begin" : 18,
      "end" : 20,
      "text" : "my",
      "whiteSpace" : false
    }, {
      "id" : "s0-t5",
      "begin" : 21,
      "end" : 28,
      "text" : "MacBook",
      "whiteSpace" : false
    }, {
      "id" : "s0-t6",
      "begin" : 29,
      "end" : 32,
      "text" : "Pro",
      "whiteSpace" : false
    }, {
      "id" : "s0-t7",
      "begin" : 33,
      "end" : 37,
      "text" : "with",
      "whiteSpace" : false
    }, {
      "id" : "s0-t8",
      "begin" : 38,
      "end" : 41,
      "text" : "the",
      "whiteSpace" : false
    }, {
      "id" : "s0-t9",
      "begin" : 42,
      "end" : 48,
      "text" : "Serial",
      "whiteSpace" : false
    }, {
      "id" : "s0-t10",
      "begin" : 49,
      "end" : 55,
      "text" : "number",
      "whiteSpace" : false
    }, {
      "id" : "s0-t11",
      "begin" : 56,
      "end" : 73,
      "text" : "4O4HS75IX31395961",
      "whiteSpace" : false
    }, {
      "id" : "s0-t12",
      "begin" : 73,
      "end" : 74,
      "text" : ".",
      "whiteSpace" : false
    } ]
  }, {
    "id" : "s1",
    "begin" : 75,
    "end" : 165,
    "text" : "My name is Robin Hayes and my mailing address is 99503 Anhalt Junction Palo Alto, CA 94302",
    "tokens" : [ {
      "id" : "s1-t0",
      "begin" : 75,
      "end" : 77,
      "text" : "My",
      "whiteSpace" : false
    }, {
      "id" : "s1-t1",
      "begin" : 78,
      "end" : 82,
      "text" : "name",
      "whiteSpace" : false
    }, {
      "id" : "s1-t2",
      "begin" : 83,
      "end" : 85,
      "text" : "is",
      "whiteSpace" : false
    }, {
      "id" : "s1-t3",
      "begin" : 86,
      "end" : 91,
      "text" : "Robin",
      "whiteSpace" : false
    }, {
      "id" : "s1-t4",
      "begin" : 92,
      "end" : 97,
      "text" : "Hayes",
      "whiteSpace" : false
    }, {
      "id" : "s1-t5",
      "begin" : 98,
      "end" : 101,
      "text" : "and",
      "whiteSpace" : false
    }, {
      "id" : "s1-t6",
      "begin" : 102,
      "end" : 104,
      "text" : "my",
      "whiteSpace" : false
    }, {
      "id" : "s1-t7",
      "begin" : 105,
      "end" : 112,
      "text" : "mailing",
      "whiteSpace" : false
    }, {
      "id" : "s1-t8",
      "begin" : 113,
      "end" : 120,
      "text" : "address",
      "whiteSpace" : false
    }, {
      "id" : "s1-t9",
      "begin" : 121,
      "end" : 123,
      "text" : "is",
      "whiteSpace" : false
    }, {
      "id" : "s1-t10",
      "begin" : 124,
      "end" : 129,
      "text" : "99503",
      "whiteSpace" : false
    }, {
      "id" : "s1-t11",
      "begin" : 130,
      "end" : 136,
      "text" : "Anhalt",
      "whiteSpace" : false
    }, {
      "id" : "s1-t12",
      "begin" : 137,
      "end" : 145,
      "text" : "Junction",
      "whiteSpace" : false
    }, {
      "id" : "s1-t13",
      "begin" : 146,
      "end" : 150,
      "text" : "Palo",
      "whiteSpace" : false
    }, {
      "id" : "s1-t14",
      "begin" : 151,
      "end" : 155,
      "text" : "Alto",
      "whiteSpace" : false
    }, {
      "id" : "s1-t15",
      "begin" : 155,
      "end" : 156,
      "text" : ",",
      "whiteSpace" : false
    }, {
      "id" : "s1-t16",
      "begin" : 157,
      "end" : 159,
      "text" : "CA",
      "whiteSpace" : false
    }, {
      "id" : "s1-t17",
      "begin" : 160,
      "end" : 165,
      "text" : "94302",
      "whiteSpace" : false
    } ]
  } ],
  "mentions" : [ {
    "id" : "-M0",
    "properties" : {
      "SIRE_MENTION_TYPE" : "NONE",
      "SIRE_ENTITY_CLASS" : "SPC",
      "SIRE_MENTION_ROLE" : "Serial_Number",
      "SIRE_ENTITY_SUBTYPE" : "NONE",
      "SIRE_MENTION_CLASS" : "SPC",
      "SIRE_ENTITY_LEVEL" : "NONE"
    },
    "type" : "Serial_Number",
    "begin" : 56,
    "end" : 73,
    "inCoref" : false
  }, {
    "id" : "s1-m7",
    "properties" : {
      "SIRE_MENTION_ROLE" : "First_Name",
      "SIRE_ENTITY_SUBTYPE" : "NONE",
      "SIRE_MENTION_TYPE" : "NONE",
      "SIRE_MENTION_CLASS" : "SPC"
    },
    "type" : "First_Name",
    "begin" : 86,
    "end" : 91,
    "inCoref" : false
  }, {
    "id" : "s1-m8",
    "properties" : {
      "SIRE_MENTION_ROLE" : "Last_Name",
      "SIRE_ENTITY_SUBTYPE" : "NONE",
      "SIRE_MENTION_TYPE" : "NONE",
      "SIRE_MENTION_CLASS" : "SPC"
    },
    "type" : "Last_Name",
    "begin" : 92,
    "end" : 97,
    "inCoref" : false
  }, {
    "id" : "-M3",
    "properties" : {
      "SIRE_MENTION_TYPE" : "NONE",
      "SIRE_ENTITY_CLASS" : "SPC",
      "SIRE_MENTION_ROLE" : "Street_Number",
      "SIRE_ENTITY_SUBTYPE" : "NONE",
      "SIRE_MENTION_CLASS" : "SPC",
      "SIRE_ENTITY_LEVEL" : "NONE"
    },
    "type" : "Street_Number",
    "begin" : 124,
    "end" : 145,
    "inCoref" : false
  }, {
    "id" : "-M4",
    "properties" : {
      "SIRE_MENTION_TYPE" : "NONE",
      "SIRE_ENTITY_CLASS" : "SPC",
      "SIRE_MENTION_ROLE" : "City",
      "SIRE_ENTITY_SUBTYPE" : "NONE",
      "SIRE_MENTION_CLASS" : "SPC",
      "SIRE_ENTITY_LEVEL" : "NONE"
    },
    "type" : "City",
    "begin" : 146,
    "end" : 155,
    "inCoref" : false
  }, {
    "id" : "-M5",
    "properties" : {
      "SIRE_MENTION_TYPE" : "NONE",
      "SIRE_ENTITY_CLASS" : "SPC",
      "SIRE_MENTION_ROLE" : "State",
      "SIRE_ENTITY_SUBTYPE" : "NONE",
      "SIRE_MENTION_CLASS" : "SPC",
      "SIRE_ENTITY_LEVEL" : "NONE"
    },
    "type" : "State",
    "begin" : 157,
    "end" : 159,
    "inCoref" : false
  }, {
    "id" : "-M6",
    "properties" : {
      "SIRE_MENTION_TYPE" : "NONE",
      "SIRE_ENTITY_CLASS" : "SPC",
      "SIRE_MENTION_ROLE" : "Zip",
      "SIRE_ENTITY_SUBTYPE" : "NONE",
      "SIRE_MENTION_CLASS" : "SPC",
      "SIRE_ENTITY_LEVEL" : "NONE"
    },
    "type" : "Zip",
    "begin" : 160,
    "end" : 165,
    "inCoref" : false
  } ],
  "relations" : [ ],
  "corefs" : [ ],
  "typeResolved" : true,
  "userResolved" : false
}