{
  "id" : "efc198c0-4af3-11e7-a8dd-3d5287441970-34",
  "name" : "2-Doc34",
  "version" : 3,
  "text" : "I need to replace my iPad with the Serial number 2T5VE59WK51230471. My name is Charles Henry and my mailing address is 5705 Reinke Alley Fort Pierce, FL 34981",
  "docLength" : 0,
  "language" : "EN",
  "status" : "SUBMITTED",
  "modifiedDate" : 1496780766129,
  "documentSet" : [ ],
  "preannotation" : [ "PRE_SIRE" ],
  "sentences" : [ {
    "id" : "s0",
    "begin" : 0,
    "end" : 67,
    "text" : "I need to replace my iPad with the Serial number 2T5VE59WK51230471.",
    "tokens" : [ {
      "id" : "s0-t0",
      "begin" : 0,
      "end" : 1,
      "text" : "I",
      "whiteSpace" : false
    }, {
      "id" : "s0-t1",
      "begin" : 2,
      "end" : 6,
      "text" : "need",
      "whiteSpace" : false
    }, {
      "id" : "s0-t2",
      "begin" : 7,
      "end" : 9,
      "text" : "to",
      "whiteSpace" : false
    }, {
      "id" : "s0-t3",
      "begin" : 10,
      "end" : 17,
      "text" : "replace",
      "whiteSpace" : false
    }, {
      "id" : "s0-t4",
      "begin" : 18,
      "end" : 20,
      "text" : "my",
      "whiteSpace" : false
    }, {
      "id" : "s0-t5",
      "begin" : 21,
      "end" : 25,
      "text" : "iPad",
      "whiteSpace" : false
    }, {
      "id" : "s0-t6",
      "begin" : 26,
      "end" : 30,
      "text" : "with",
      "whiteSpace" : false
    }, {
      "id" : "s0-t7",
      "begin" : 31,
      "end" : 34,
      "text" : "the",
      "whiteSpace" : false
    }, {
      "id" : "s0-t8",
      "begin" : 35,
      "end" : 41,
      "text" : "Serial",
      "whiteSpace" : false
    }, {
      "id" : "s0-t9",
      "begin" : 42,
      "end" : 48,
      "text" : "number",
      "whiteSpace" : false
    }, {
      "id" : "s0-t10",
      "begin" : 49,
      "end" : 66,
      "text" : "2T5VE59WK51230471",
      "whiteSpace" : false
    }, {
      "id" : "s0-t11",
      "begin" : 66,
      "end" : 67,
      "text" : ".",
      "whiteSpace" : false
    } ]
  }, {
    "id" : "s1",
    "begin" : 68,
    "end" : 158,
    "text" : "My name is Charles Henry and my mailing address is 5705 Reinke Alley Fort Pierce, FL 34981",
    "tokens" : [ {
      "id" : "s1-t0",
      "begin" : 68,
      "end" : 70,
      "text" : "My",
      "whiteSpace" : false
    }, {
      "id" : "s1-t1",
      "begin" : 71,
      "end" : 75,
      "text" : "name",
      "whiteSpace" : false
    }, {
      "id" : "s1-t2",
      "begin" : 76,
      "end" : 78,
      "text" : "is",
      "whiteSpace" : false
    }, {
      "id" : "s1-t3",
      "begin" : 79,
      "end" : 86,
      "text" : "Charles",
      "whiteSpace" : false
    }, {
      "id" : "s1-t4",
      "begin" : 87,
      "end" : 92,
      "text" : "Henry",
      "whiteSpace" : false
    }, {
      "id" : "s1-t5",
      "begin" : 93,
      "end" : 96,
      "text" : "and",
      "whiteSpace" : false
    }, {
      "id" : "s1-t6",
      "begin" : 97,
      "end" : 99,
      "text" : "my",
      "whiteSpace" : false
    }, {
      "id" : "s1-t7",
      "begin" : 100,
      "end" : 107,
      "text" : "mailing",
      "whiteSpace" : false
    }, {
      "id" : "s1-t8",
      "begin" : 108,
      "end" : 115,
      "text" : "address",
      "whiteSpace" : false
    }, {
      "id" : "s1-t9",
      "begin" : 116,
      "end" : 118,
      "text" : "is",
      "whiteSpace" : false
    }, {
      "id" : "s1-t10",
      "begin" : 119,
      "end" : 123,
      "text" : "5705",
      "whiteSpace" : false
    }, {
      "id" : "s1-t11",
      "begin" : 124,
      "end" : 130,
      "text" : "Reinke",
      "whiteSpace" : false
    }, {
      "id" : "s1-t12",
      "begin" : 131,
      "end" : 136,
      "text" : "Alley",
      "whiteSpace" : false
    }, {
      "id" : "s1-t13",
      "begin" : 137,
      "end" : 141,
      "text" : "Fort",
      "whiteSpace" : false
    }, {
      "id" : "s1-t14",
      "begin" : 142,
      "end" : 148,
      "text" : "Pierce",
      "whiteSpace" : false
    }, {
      "id" : "s1-t15",
      "begin" : 148,
      "end" : 149,
      "text" : ",",
      "whiteSpace" : false
    }, {
      "id" : "s1-t16",
      "begin" : 150,
      "end" : 152,
      "text" : "FL",
      "whiteSpace" : false
    }, {
      "id" : "s1-t17",
      "begin" : 153,
      "end" : 158,
      "text" : "34981",
      "whiteSpace" : false
    } ]
  } ],
  "mentions" : [ {
    "id" : "-M0",
    "properties" : {
      "SIRE_MENTION_TYPE" : "NONE",
      "SIRE_ENTITY_CLASS" : "SPC",
      "SIRE_MENTION_ROLE" : "Serial_Number",
      "SIRE_ENTITY_SUBTYPE" : "NONE",
      "SIRE_MENTION_CLASS" : "SPC",
      "SIRE_ENTITY_LEVEL" : "NONE"
    },
    "type" : "Serial_Number",
    "begin" : 49,
    "end" : 66,
    "inCoref" : false
  }, {
    "id" : "s1-m7",
    "properties" : {
      "SIRE_MENTION_ROLE" : "First_Name",
      "SIRE_ENTITY_SUBTYPE" : "NONE",
      "SIRE_MENTION_TYPE" : "NONE",
      "SIRE_MENTION_CLASS" : "SPC"
    },
    "type" : "First_Name",
    "begin" : 79,
    "end" : 86,
    "inCoref" : false
  }, {
    "id" : "s1-m8",
    "properties" : {
      "SIRE_MENTION_ROLE" : "Last_Name",
      "SIRE_ENTITY_SUBTYPE" : "NONE",
      "SIRE_MENTION_TYPE" : "NONE",
      "SIRE_MENTION_CLASS" : "SPC"
    },
    "type" : "Last_Name",
    "begin" : 87,
    "end" : 92,
    "inCoref" : false
  }, {
    "id" : "-M3",
    "properties" : {
      "SIRE_MENTION_TYPE" : "NONE",
      "SIRE_ENTITY_CLASS" : "SPC",
      "SIRE_MENTION_ROLE" : "Street_Number",
      "SIRE_ENTITY_SUBTYPE" : "NONE",
      "SIRE_MENTION_CLASS" : "SPC",
      "SIRE_ENTITY_LEVEL" : "NONE"
    },
    "type" : "Street_Number",
    "begin" : 119,
    "end" : 136,
    "inCoref" : false
  }, {
    "id" : "-M4",
    "properties" : {
      "SIRE_MENTION_TYPE" : "NONE",
      "SIRE_ENTITY_CLASS" : "SPC",
      "SIRE_MENTION_ROLE" : "City",
      "SIRE_ENTITY_SUBTYPE" : "NONE",
      "SIRE_MENTION_CLASS" : "SPC",
      "SIRE_ENTITY_LEVEL" : "NONE"
    },
    "type" : "City",
    "begin" : 137,
    "end" : 148,
    "inCoref" : false
  }, {
    "id" : "-M5",
    "properties" : {
      "SIRE_MENTION_TYPE" : "NONE",
      "SIRE_ENTITY_CLASS" : "SPC",
      "SIRE_MENTION_ROLE" : "State",
      "SIRE_ENTITY_SUBTYPE" : "NONE",
      "SIRE_MENTION_CLASS" : "SPC",
      "SIRE_ENTITY_LEVEL" : "NONE"
    },
    "type" : "State",
    "begin" : 150,
    "end" : 152,
    "inCoref" : false
  }, {
    "id" : "-M6",
    "properties" : {
      "SIRE_MENTION_TYPE" : "NONE",
      "SIRE_ENTITY_CLASS" : "SPC",
      "SIRE_MENTION_ROLE" : "Zip",
      "SIRE_ENTITY_SUBTYPE" : "NONE",
      "SIRE_MENTION_CLASS" : "SPC",
      "SIRE_ENTITY_LEVEL" : "NONE"
    },
    "type" : "Zip",
    "begin" : 153,
    "end" : 158,
    "inCoref" : false
  } ],
  "relations" : [ ],
  "corefs" : [ ],
  "typeResolved" : true,
  "userResolved" : false
}