{
  "id" : "f17e4de0-4a38-11e7-be36-c36c7834f0c7-47",
  "name" : "Doc47",
  "version" : 3,
  "text" : "Sending back a computer with SN# X15V88CII6DT for Frances Parker. The address is 6780 Washington Parkway Dayton, OH 45408.",
  "docLength" : 0,
  "language" : "EN",
  "status" : "SUBMITTED",
  "modifiedDate" : 1496700754514,
  "documentSet" : [ ],
  "preannotation" : [ "PRE_LW" ],
  "sentences" : [ {
    "id" : "s0",
    "begin" : 0,
    "end" : 65,
    "text" : "Sending back a computer with SN# X15V88CII6DT for Frances Parker.",
    "tokens" : [ {
      "id" : "s0-t0",
      "begin" : 0,
      "end" : 7,
      "text" : "Sending",
      "whiteSpace" : false
    }, {
      "id" : "s0-t1",
      "begin" : 8,
      "end" : 12,
      "text" : "back",
      "whiteSpace" : false
    }, {
      "id" : "s0-t2",
      "begin" : 13,
      "end" : 14,
      "text" : "a",
      "whiteSpace" : false
    }, {
      "id" : "s0-t3",
      "begin" : 15,
      "end" : 23,
      "text" : "computer",
      "whiteSpace" : false
    }, {
      "id" : "s0-t4",
      "begin" : 24,
      "end" : 28,
      "text" : "with",
      "whiteSpace" : false
    }, {
      "id" : "s0-t5",
      "begin" : 29,
      "end" : 32,
      "text" : "SN#",
      "whiteSpace" : false
    }, {
      "id" : "s0-t6",
      "begin" : 33,
      "end" : 45,
      "text" : "X15V88CII6DT",
      "whiteSpace" : false
    }, {
      "id" : "s0-t7",
      "begin" : 46,
      "end" : 49,
      "text" : "for",
      "whiteSpace" : false
    }, {
      "id" : "s0-t8",
      "begin" : 50,
      "end" : 57,
      "text" : "Frances",
      "whiteSpace" : false
    }, {
      "id" : "s0-t9",
      "begin" : 58,
      "end" : 64,
      "text" : "Parker",
      "whiteSpace" : false
    }, {
      "id" : "s0-t10",
      "begin" : 64,
      "end" : 65,
      "text" : ".",
      "whiteSpace" : false
    } ]
  }, {
    "id" : "s1",
    "begin" : 66,
    "end" : 122,
    "text" : "The address is 6780 Washington Parkway Dayton, OH 45408.",
    "tokens" : [ {
      "id" : "s1-t0",
      "begin" : 66,
      "end" : 69,
      "text" : "The",
      "whiteSpace" : false
    }, {
      "id" : "s1-t1",
      "begin" : 70,
      "end" : 77,
      "text" : "address",
      "whiteSpace" : false
    }, {
      "id" : "s1-t2",
      "begin" : 78,
      "end" : 80,
      "text" : "is",
      "whiteSpace" : false
    }, {
      "id" : "s1-t3",
      "begin" : 81,
      "end" : 85,
      "text" : "6780",
      "whiteSpace" : false
    }, {
      "id" : "s1-t4",
      "begin" : 86,
      "end" : 96,
      "text" : "Washington",
      "whiteSpace" : false
    }, {
      "id" : "s1-t5",
      "begin" : 97,
      "end" : 104,
      "text" : "Parkway",
      "whiteSpace" : false
    }, {
      "id" : "s1-t6",
      "begin" : 105,
      "end" : 111,
      "text" : "Dayton",
      "whiteSpace" : false
    }, {
      "id" : "s1-t7",
      "begin" : 111,
      "end" : 112,
      "text" : ",",
      "whiteSpace" : false
    }, {
      "id" : "s1-t8",
      "begin" : 113,
      "end" : 115,
      "text" : "OH",
      "whiteSpace" : false
    }, {
      "id" : "s1-t9",
      "begin" : 116,
      "end" : 121,
      "text" : "45408",
      "whiteSpace" : false
    }, {
      "id" : "s1-t10",
      "begin" : 121,
      "end" : 122,
      "text" : ".",
      "whiteSpace" : false
    } ]
  } ],
  "mentions" : [ {
    "id" : "s0-m1",
    "properties" : {
      "SIRE_MENTION_ROLE" : "Serial_Number",
      "SIRE_ENTITY_SUBTYPE" : "NONE",
      "SIRE_MENTION_TYPE" : "NONE",
      "SIRE_MENTION_CLASS" : "SPC"
    },
    "type" : "Serial_Number",
    "begin" : 33,
    "end" : 45,
    "inCoref" : false
  }, {
    "id" : "s0-m2",
    "properties" : {
      "SIRE_MENTION_ROLE" : "First_Name",
      "SIRE_ENTITY_SUBTYPE" : "NONE",
      "SIRE_MENTION_TYPE" : "NONE",
      "SIRE_MENTION_CLASS" : "SPC"
    },
    "type" : "First_Name",
    "begin" : 50,
    "end" : 57,
    "inCoref" : false
  }, {
    "id" : "s0-m3",
    "properties" : {
      "SIRE_MENTION_ROLE" : "Last_Name",
      "SIRE_ENTITY_SUBTYPE" : "NONE",
      "SIRE_MENTION_TYPE" : "NONE",
      "SIRE_MENTION_CLASS" : "SPC"
    },
    "type" : "Last_Name",
    "begin" : 58,
    "end" : 64,
    "inCoref" : false
  }, {
    "id" : "s1-m0",
    "properties" : {
      "SIRE_MENTION_ROLE" : "Street_Number",
      "SIRE_ENTITY_SUBTYPE" : "NONE",
      "SIRE_MENTION_TYPE" : "NONE",
      "SIRE_MENTION_CLASS" : "SPC"
    },
    "type" : "Street_Number",
    "begin" : 81,
    "end" : 104,
    "inCoref" : false
  }, {
    "id" : "s1-m3",
    "properties" : {
      "SIRE_MENTION_ROLE" : "City",
      "SIRE_ENTITY_SUBTYPE" : "NONE",
      "SIRE_MENTION_TYPE" : "NONE",
      "SIRE_MENTION_CLASS" : "SPC"
    },
    "type" : "City",
    "begin" : 105,
    "end" : 111,
    "inCoref" : false
  }, {
    "id" : "s1-m1",
    "properties" : {
      "SIRE_ENTITY_SUBTYPE" : "NONE",
      "SIRE_MENTION_CLASS" : "SPC",
      "SIRE_MENTION_ROLE" : "State",
      "SIRE_MENTION_TYPE" : "NONE"
    },
    "type" : "State",
    "begin" : 113,
    "end" : 115,
    "inCoref" : false
  }, {
    "id" : "s1-m4",
    "properties" : {
      "SIRE_MENTION_ROLE" : "Zip",
      "SIRE_ENTITY_SUBTYPE" : "NONE",
      "SIRE_MENTION_TYPE" : "NONE",
      "SIRE_MENTION_CLASS" : "SPC"
    },
    "type" : "Zip",
    "begin" : 116,
    "end" : 121,
    "inCoref" : false
  } ],
  "relations" : [ ],
  "corefs" : [ ],
  "typeResolved" : true,
  "userResolved" : false
}