{
  "id" : "f17e4de0-4a38-11e7-be36-c36c7834f0c7-15",
  "name" : "Doc15",
  "version" : 3,
  "text" : "I need to return a device for Helen Harris. The device serial number is B46V84XIW4AB. The return address is 754 Fisk Pass Roanoke, VA 24004.",
  "docLength" : 0,
  "language" : "EN",
  "status" : "SUBMITTED",
  "modifiedDate" : 1496699985798,
  "documentSet" : [ ],
  "preannotation" : [ "PRE_LW" ],
  "sentences" : [ {
    "id" : "s0",
    "begin" : 0,
    "end" : 43,
    "text" : "I need to return a device for Helen Harris.",
    "tokens" : [ {
      "id" : "s0-t0",
      "begin" : 0,
      "end" : 1,
      "text" : "I",
      "whiteSpace" : false
    }, {
      "id" : "s0-t1",
      "begin" : 2,
      "end" : 6,
      "text" : "need",
      "whiteSpace" : false
    }, {
      "id" : "s0-t2",
      "begin" : 7,
      "end" : 9,
      "text" : "to",
      "whiteSpace" : false
    }, {
      "id" : "s0-t3",
      "begin" : 10,
      "end" : 16,
      "text" : "return",
      "whiteSpace" : false
    }, {
      "id" : "s0-t4",
      "begin" : 17,
      "end" : 18,
      "text" : "a",
      "whiteSpace" : false
    }, {
      "id" : "s0-t5",
      "begin" : 19,
      "end" : 25,
      "text" : "device",
      "whiteSpace" : false
    }, {
      "id" : "s0-t6",
      "begin" : 26,
      "end" : 29,
      "text" : "for",
      "whiteSpace" : false
    }, {
      "id" : "s0-t7",
      "begin" : 30,
      "end" : 35,
      "text" : "Helen",
      "whiteSpace" : false
    }, {
      "id" : "s0-t8",
      "begin" : 36,
      "end" : 42,
      "text" : "Harris",
      "whiteSpace" : false
    }, {
      "id" : "s0-t9",
      "begin" : 42,
      "end" : 43,
      "text" : ".",
      "whiteSpace" : false
    } ]
  }, {
    "id" : "s1",
    "begin" : 44,
    "end" : 85,
    "text" : "The device serial number is B46V84XIW4AB.",
    "tokens" : [ {
      "id" : "s1-t0",
      "begin" : 44,
      "end" : 47,
      "text" : "The",
      "whiteSpace" : false
    }, {
      "id" : "s1-t1",
      "begin" : 48,
      "end" : 54,
      "text" : "device",
      "whiteSpace" : false
    }, {
      "id" : "s1-t2",
      "begin" : 55,
      "end" : 61,
      "text" : "serial",
      "whiteSpace" : false
    }, {
      "id" : "s1-t3",
      "begin" : 62,
      "end" : 68,
      "text" : "number",
      "whiteSpace" : false
    }, {
      "id" : "s1-t4",
      "begin" : 69,
      "end" : 71,
      "text" : "is",
      "whiteSpace" : false
    }, {
      "id" : "s1-t5",
      "begin" : 72,
      "end" : 84,
      "text" : "B46V84XIW4AB",
      "whiteSpace" : false
    }, {
      "id" : "s1-t6",
      "begin" : 84,
      "end" : 85,
      "text" : ".",
      "whiteSpace" : false
    } ]
  }, {
    "id" : "s2",
    "begin" : 86,
    "end" : 140,
    "text" : "The return address is 754 Fisk Pass Roanoke, VA 24004.",
    "tokens" : [ {
      "id" : "s2-t0",
      "begin" : 86,
      "end" : 89,
      "text" : "The",
      "whiteSpace" : false
    }, {
      "id" : "s2-t1",
      "begin" : 90,
      "end" : 96,
      "text" : "return",
      "whiteSpace" : false
    }, {
      "id" : "s2-t2",
      "begin" : 97,
      "end" : 104,
      "text" : "address",
      "whiteSpace" : false
    }, {
      "id" : "s2-t3",
      "begin" : 105,
      "end" : 107,
      "text" : "is",
      "whiteSpace" : false
    }, {
      "id" : "s2-t4",
      "begin" : 108,
      "end" : 111,
      "text" : "754",
      "whiteSpace" : false
    }, {
      "id" : "s2-t5",
      "begin" : 112,
      "end" : 116,
      "text" : "Fisk",
      "whiteSpace" : false
    }, {
      "id" : "s2-t6",
      "begin" : 117,
      "end" : 121,
      "text" : "Pass",
      "whiteSpace" : false
    }, {
      "id" : "s2-t7",
      "begin" : 122,
      "end" : 129,
      "text" : "Roanoke",
      "whiteSpace" : false
    }, {
      "id" : "s2-t8",
      "begin" : 129,
      "end" : 130,
      "text" : ",",
      "whiteSpace" : false
    }, {
      "id" : "s2-t9",
      "begin" : 131,
      "end" : 133,
      "text" : "VA",
      "whiteSpace" : false
    }, {
      "id" : "s2-t10",
      "begin" : 134,
      "end" : 139,
      "text" : "24004",
      "whiteSpace" : false
    }, {
      "id" : "s2-t11",
      "begin" : 139,
      "end" : 140,
      "text" : ".",
      "whiteSpace" : false
    } ]
  } ],
  "mentions" : [ {
    "id" : "s0-m1",
    "properties" : {
      "SIRE_MENTION_ROLE" : "First_Name",
      "SIRE_ENTITY_SUBTYPE" : "NONE",
      "SIRE_MENTION_TYPE" : "NONE",
      "SIRE_MENTION_CLASS" : "SPC"
    },
    "type" : "First_Name",
    "begin" : 30,
    "end" : 35,
    "inCoref" : false
  }, {
    "id" : "s0-m2",
    "properties" : {
      "SIRE_MENTION_ROLE" : "Last_Name",
      "SIRE_ENTITY_SUBTYPE" : "NONE",
      "SIRE_MENTION_TYPE" : "NONE",
      "SIRE_MENTION_CLASS" : "SPC"
    },
    "type" : "Last_Name",
    "begin" : 36,
    "end" : 42,
    "inCoref" : false
  }, {
    "id" : "s1-m1",
    "properties" : {
      "SIRE_MENTION_ROLE" : "Serial_Number",
      "SIRE_ENTITY_SUBTYPE" : "NONE",
      "SIRE_MENTION_TYPE" : "NONE",
      "SIRE_MENTION_CLASS" : "SPC"
    },
    "type" : "Serial_Number",
    "begin" : 72,
    "end" : 84,
    "inCoref" : false
  }, {
    "id" : "s2-m2",
    "properties" : {
      "SIRE_MENTION_ROLE" : "Street_Number",
      "SIRE_ENTITY_SUBTYPE" : "NONE",
      "SIRE_MENTION_TYPE" : "NONE",
      "SIRE_MENTION_CLASS" : "SPC"
    },
    "type" : "Street_Number",
    "begin" : 108,
    "end" : 121,
    "inCoref" : false
  }, {
    "id" : "s2-m3",
    "properties" : {
      "SIRE_MENTION_ROLE" : "City",
      "SIRE_ENTITY_SUBTYPE" : "NONE",
      "SIRE_MENTION_TYPE" : "NONE",
      "SIRE_MENTION_CLASS" : "SPC"
    },
    "type" : "City",
    "begin" : 122,
    "end" : 129,
    "inCoref" : false
  }, {
    "id" : "s2-m0",
    "properties" : {
      "SIRE_ENTITY_SUBTYPE" : "NONE",
      "SIRE_MENTION_CLASS" : "SPC",
      "SIRE_MENTION_ROLE" : "State",
      "SIRE_MENTION_TYPE" : "NONE"
    },
    "type" : "State",
    "begin" : 131,
    "end" : 133,
    "inCoref" : false
  }, {
    "id" : "s2-m4",
    "properties" : {
      "SIRE_MENTION_ROLE" : "Zip",
      "SIRE_ENTITY_SUBTYPE" : "NONE",
      "SIRE_MENTION_TYPE" : "NONE",
      "SIRE_MENTION_CLASS" : "SPC"
    },
    "type" : "Zip",
    "begin" : 134,
    "end" : 139,
    "inCoref" : false
  } ],
  "relations" : [ ],
  "corefs" : [ ],
  "typeResolved" : true,
  "userResolved" : false
}