{
  "id" : "f17e4de0-4a38-11e7-be36-c36c7834f0c7-59",
  "name" : "Doc59",
  "version" : 3,
  "text" : "Sending back a computer with SN# M93I39YDP4TS for Cheryl Murphy. The address is 1 Bunting Road Springfield, MO 65810.",
  "docLength" : 0,
  "language" : "EN",
  "status" : "SUBMITTED",
  "modifiedDate" : 1496701571621,
  "documentSet" : [ ],
  "preannotation" : [ "PRE_LW" ],
  "sentences" : [ {
    "id" : "s0",
    "begin" : 0,
    "end" : 64,
    "text" : "Sending back a computer with SN# M93I39YDP4TS for Cheryl Murphy.",
    "tokens" : [ {
      "id" : "s0-t0",
      "begin" : 0,
      "end" : 7,
      "text" : "Sending",
      "whiteSpace" : false
    }, {
      "id" : "s0-t1",
      "begin" : 8,
      "end" : 12,
      "text" : "back",
      "whiteSpace" : false
    }, {
      "id" : "s0-t2",
      "begin" : 13,
      "end" : 14,
      "text" : "a",
      "whiteSpace" : false
    }, {
      "id" : "s0-t3",
      "begin" : 15,
      "end" : 23,
      "text" : "computer",
      "whiteSpace" : false
    }, {
      "id" : "s0-t4",
      "begin" : 24,
      "end" : 28,
      "text" : "with",
      "whiteSpace" : false
    }, {
      "id" : "s0-t5",
      "begin" : 29,
      "end" : 32,
      "text" : "SN#",
      "whiteSpace" : false
    }, {
      "id" : "s0-t6",
      "begin" : 33,
      "end" : 45,
      "text" : "M93I39YDP4TS",
      "whiteSpace" : false
    }, {
      "id" : "s0-t7",
      "begin" : 46,
      "end" : 49,
      "text" : "for",
      "whiteSpace" : false
    }, {
      "id" : "s0-t8",
      "begin" : 50,
      "end" : 56,
      "text" : "Cheryl",
      "whiteSpace" : false
    }, {
      "id" : "s0-t9",
      "begin" : 57,
      "end" : 63,
      "text" : "Murphy",
      "whiteSpace" : false
    }, {
      "id" : "s0-t10",
      "begin" : 63,
      "end" : 64,
      "text" : ".",
      "whiteSpace" : false
    } ]
  }, {
    "id" : "s1",
    "begin" : 65,
    "end" : 117,
    "text" : "The address is 1 Bunting Road Springfield, MO 65810.",
    "tokens" : [ {
      "id" : "s1-t0",
      "begin" : 65,
      "end" : 68,
      "text" : "The",
      "whiteSpace" : false
    }, {
      "id" : "s1-t1",
      "begin" : 69,
      "end" : 76,
      "text" : "address",
      "whiteSpace" : false
    }, {
      "id" : "s1-t2",
      "begin" : 77,
      "end" : 79,
      "text" : "is",
      "whiteSpace" : false
    }, {
      "id" : "s1-t3",
      "begin" : 80,
      "end" : 81,
      "text" : "1",
      "whiteSpace" : false
    }, {
      "id" : "s1-t4",
      "begin" : 82,
      "end" : 89,
      "text" : "Bunting",
      "whiteSpace" : false
    }, {
      "id" : "s1-t5",
      "begin" : 90,
      "end" : 94,
      "text" : "Road",
      "whiteSpace" : false
    }, {
      "id" : "s1-t6",
      "begin" : 95,
      "end" : 106,
      "text" : "Springfield",
      "whiteSpace" : false
    }, {
      "id" : "s1-t7",
      "begin" : 106,
      "end" : 107,
      "text" : ",",
      "whiteSpace" : false
    }, {
      "id" : "s1-t8",
      "begin" : 108,
      "end" : 110,
      "text" : "MO",
      "whiteSpace" : false
    }, {
      "id" : "s1-t9",
      "begin" : 111,
      "end" : 116,
      "text" : "65810",
      "whiteSpace" : false
    }, {
      "id" : "s1-t10",
      "begin" : 116,
      "end" : 117,
      "text" : ".",
      "whiteSpace" : false
    } ]
  } ],
  "mentions" : [ {
    "id" : "s0-m2",
    "properties" : {
      "SIRE_MENTION_ROLE" : "Serial_Number",
      "SIRE_ENTITY_SUBTYPE" : "NONE",
      "SIRE_MENTION_TYPE" : "NONE",
      "SIRE_MENTION_CLASS" : "SPC"
    },
    "type" : "Serial_Number",
    "begin" : 33,
    "end" : 45,
    "inCoref" : false
  }, {
    "id" : "s0-m3",
    "properties" : {
      "SIRE_MENTION_ROLE" : "First_Name",
      "SIRE_ENTITY_SUBTYPE" : "NONE",
      "SIRE_MENTION_TYPE" : "NONE",
      "SIRE_MENTION_CLASS" : "SPC"
    },
    "type" : "First_Name",
    "begin" : 50,
    "end" : 56,
    "inCoref" : false
  }, {
    "id" : "s0-m0",
    "properties" : {
      "SIRE_MENTION_ROLE" : "Last_Name",
      "SIRE_ENTITY_SUBTYPE" : "NONE",
      "SIRE_MENTION_TYPE" : "NONE",
      "SIRE_MENTION_CLASS" : "SPC"
    },
    "type" : "Last_Name",
    "begin" : 57,
    "end" : 63,
    "inCoref" : false
  }, {
    "id" : "s1-m2",
    "properties" : {
      "SIRE_MENTION_ROLE" : "Street_Number",
      "SIRE_ENTITY_SUBTYPE" : "NONE",
      "SIRE_MENTION_TYPE" : "NONE",
      "SIRE_MENTION_CLASS" : "SPC"
    },
    "type" : "Street_Number",
    "begin" : 80,
    "end" : 94,
    "inCoref" : false
  }, {
    "id" : "s1-m3",
    "properties" : {
      "SIRE_MENTION_ROLE" : "City",
      "SIRE_ENTITY_SUBTYPE" : "NONE",
      "SIRE_MENTION_TYPE" : "NONE",
      "SIRE_MENTION_CLASS" : "SPC"
    },
    "type" : "City",
    "begin" : 95,
    "end" : 106,
    "inCoref" : false
  }, {
    "id" : "s1-m0",
    "properties" : {
      "SIRE_ENTITY_SUBTYPE" : "NONE",
      "SIRE_MENTION_CLASS" : "SPC",
      "SIRE_MENTION_ROLE" : "State",
      "SIRE_MENTION_TYPE" : "NONE"
    },
    "type" : "State",
    "begin" : 108,
    "end" : 110,
    "inCoref" : false
  }, {
    "id" : "s1-m4",
    "properties" : {
      "SIRE_MENTION_ROLE" : "Zip",
      "SIRE_ENTITY_SUBTYPE" : "NONE",
      "SIRE_MENTION_TYPE" : "NONE",
      "SIRE_MENTION_CLASS" : "SPC"
    },
    "type" : "Zip",
    "begin" : 111,
    "end" : 116,
    "inCoref" : false
  } ],
  "relations" : [ ],
  "corefs" : [ ],
  "typeResolved" : true,
  "userResolved" : false
}