{
  "id" : "f17e4de0-4a38-11e7-be36-c36c7834f0c7-33",
  "name" : "Doc33",
  "version" : 3,
  "text" : "I'm returning a computer with the serial number C20L37VET4ZS for Anna Hill. The return address is 6091 Brickson Park Center Arlington, VA 22205.",
  "docLength" : 0,
  "language" : "EN",
  "status" : "SUBMITTED",
  "modifiedDate" : 1496700428374,
  "documentSet" : [ ],
  "preannotation" : [ "PRE_LW" ],
  "sentences" : [ {
    "id" : "s0",
    "begin" : 0,
    "end" : 75,
    "text" : "I'm returning a computer with the serial number C20L37VET4ZS for Anna Hill.",
    "tokens" : [ {
      "id" : "s0-t0",
      "begin" : 0,
      "end" : 1,
      "text" : "I",
      "whiteSpace" : false
    }, {
      "id" : "s0-t1",
      "begin" : 1,
      "end" : 3,
      "text" : "'m",
      "whiteSpace" : false
    }, {
      "id" : "s0-t2",
      "begin" : 4,
      "end" : 13,
      "text" : "returning",
      "whiteSpace" : false
    }, {
      "id" : "s0-t3",
      "begin" : 14,
      "end" : 15,
      "text" : "a",
      "whiteSpace" : false
    }, {
      "id" : "s0-t4",
      "begin" : 16,
      "end" : 24,
      "text" : "computer",
      "whiteSpace" : false
    }, {
      "id" : "s0-t5",
      "begin" : 25,
      "end" : 29,
      "text" : "with",
      "whiteSpace" : false
    }, {
      "id" : "s0-t6",
      "begin" : 30,
      "end" : 33,
      "text" : "the",
      "whiteSpace" : false
    }, {
      "id" : "s0-t7",
      "begin" : 34,
      "end" : 40,
      "text" : "serial",
      "whiteSpace" : false
    }, {
      "id" : "s0-t8",
      "begin" : 41,
      "end" : 47,
      "text" : "number",
      "whiteSpace" : false
    }, {
      "id" : "s0-t9",
      "begin" : 48,
      "end" : 60,
      "text" : "C20L37VET4ZS",
      "whiteSpace" : false
    }, {
      "id" : "s0-t10",
      "begin" : 61,
      "end" : 64,
      "text" : "for",
      "whiteSpace" : false
    }, {
      "id" : "s0-t11",
      "begin" : 65,
      "end" : 69,
      "text" : "Anna",
      "whiteSpace" : false
    }, {
      "id" : "s0-t12",
      "begin" : 70,
      "end" : 74,
      "text" : "Hill",
      "whiteSpace" : false
    }, {
      "id" : "s0-t13",
      "begin" : 74,
      "end" : 75,
      "text" : ".",
      "whiteSpace" : false
    } ]
  }, {
    "id" : "s1",
    "begin" : 76,
    "end" : 144,
    "text" : "The return address is 6091 Brickson Park Center Arlington, VA 22205.",
    "tokens" : [ {
      "id" : "s1-t0",
      "begin" : 76,
      "end" : 79,
      "text" : "The",
      "whiteSpace" : false
    }, {
      "id" : "s1-t1",
      "begin" : 80,
      "end" : 86,
      "text" : "return",
      "whiteSpace" : false
    }, {
      "id" : "s1-t2",
      "begin" : 87,
      "end" : 94,
      "text" : "address",
      "whiteSpace" : false
    }, {
      "id" : "s1-t3",
      "begin" : 95,
      "end" : 97,
      "text" : "is",
      "whiteSpace" : false
    }, {
      "id" : "s1-t4",
      "begin" : 98,
      "end" : 102,
      "text" : "6091",
      "whiteSpace" : false
    }, {
      "id" : "s1-t5",
      "begin" : 103,
      "end" : 111,
      "text" : "Brickson",
      "whiteSpace" : false
    }, {
      "id" : "s1-t6",
      "begin" : 112,
      "end" : 116,
      "text" : "Park",
      "whiteSpace" : false
    }, {
      "id" : "s1-t7",
      "begin" : 117,
      "end" : 123,
      "text" : "Center",
      "whiteSpace" : false
    }, {
      "id" : "s1-t8",
      "begin" : 124,
      "end" : 133,
      "text" : "Arlington",
      "whiteSpace" : false
    }, {
      "id" : "s1-t9",
      "begin" : 133,
      "end" : 134,
      "text" : ",",
      "whiteSpace" : false
    }, {
      "id" : "s1-t10",
      "begin" : 135,
      "end" : 137,
      "text" : "VA",
      "whiteSpace" : false
    }, {
      "id" : "s1-t11",
      "begin" : 138,
      "end" : 143,
      "text" : "22205",
      "whiteSpace" : false
    }, {
      "id" : "s1-t12",
      "begin" : 143,
      "end" : 144,
      "text" : ".",
      "whiteSpace" : false
    } ]
  } ],
  "mentions" : [ {
    "id" : "s0-m1",
    "properties" : {
      "SIRE_MENTION_ROLE" : "Serial_Number",
      "SIRE_ENTITY_SUBTYPE" : "NONE",
      "SIRE_MENTION_TYPE" : "NONE",
      "SIRE_MENTION_CLASS" : "SPC"
    },
    "type" : "Serial_Number",
    "begin" : 48,
    "end" : 60,
    "inCoref" : false
  }, {
    "id" : "s0-m2",
    "properties" : {
      "SIRE_MENTION_ROLE" : "First_Name",
      "SIRE_ENTITY_SUBTYPE" : "NONE",
      "SIRE_MENTION_TYPE" : "NONE",
      "SIRE_MENTION_CLASS" : "SPC"
    },
    "type" : "First_Name",
    "begin" : 65,
    "end" : 69,
    "inCoref" : false
  }, {
    "id" : "s0-m3",
    "properties" : {
      "SIRE_MENTION_ROLE" : "Last_Name",
      "SIRE_ENTITY_SUBTYPE" : "NONE",
      "SIRE_MENTION_TYPE" : "NONE",
      "SIRE_MENTION_CLASS" : "SPC"
    },
    "type" : "Last_Name",
    "begin" : 70,
    "end" : 74,
    "inCoref" : false
  }, {
    "id" : "s1-m2",
    "properties" : {
      "SIRE_MENTION_ROLE" : "Street_Number",
      "SIRE_ENTITY_SUBTYPE" : "NONE",
      "SIRE_MENTION_TYPE" : "NONE",
      "SIRE_MENTION_CLASS" : "SPC"
    },
    "type" : "Street_Number",
    "begin" : 98,
    "end" : 123,
    "inCoref" : false
  }, {
    "id" : "s1-m3",
    "properties" : {
      "SIRE_MENTION_ROLE" : "City",
      "SIRE_ENTITY_SUBTYPE" : "NONE",
      "SIRE_MENTION_TYPE" : "NONE",
      "SIRE_MENTION_CLASS" : "SPC"
    },
    "type" : "City",
    "begin" : 124,
    "end" : 133,
    "inCoref" : false
  }, {
    "id" : "s1-m0",
    "properties" : {
      "SIRE_ENTITY_SUBTYPE" : "NONE",
      "SIRE_MENTION_CLASS" : "SPC",
      "SIRE_MENTION_ROLE" : "State",
      "SIRE_MENTION_TYPE" : "NONE"
    },
    "type" : "State",
    "begin" : 135,
    "end" : 137,
    "inCoref" : false
  }, {
    "id" : "s1-m4",
    "properties" : {
      "SIRE_MENTION_ROLE" : "Zip",
      "SIRE_ENTITY_SUBTYPE" : "NONE",
      "SIRE_MENTION_TYPE" : "NONE",
      "SIRE_MENTION_CLASS" : "SPC"
    },
    "type" : "Zip",
    "begin" : 138,
    "end" : 143,
    "inCoref" : false
  } ],
  "relations" : [ ],
  "corefs" : [ ],
  "typeResolved" : true,
  "userResolved" : false
}