{
  "id" : "f17e4de0-4a38-11e7-be36-c36c7834f0c7-34",
  "name" : "Doc34",
  "version" : 3,
  "text" : "I'm returning a computer with the serial number P40W20UTT6QX for Rebecca Scott. The return address is 77599 Lien Park Jamaica, NY 11436.",
  "docLength" : 0,
  "language" : "EN",
  "status" : "SUBMITTED",
  "modifiedDate" : 1496700441464,
  "documentSet" : [ ],
  "preannotation" : [ "PRE_LW" ],
  "sentences" : [ {
    "id" : "s0",
    "begin" : 0,
    "end" : 79,
    "text" : "I'm returning a computer with the serial number P40W20UTT6QX for Rebecca Scott.",
    "tokens" : [ {
      "id" : "s0-t0",
      "begin" : 0,
      "end" : 1,
      "text" : "I",
      "whiteSpace" : false
    }, {
      "id" : "s0-t1",
      "begin" : 1,
      "end" : 3,
      "text" : "'m",
      "whiteSpace" : false
    }, {
      "id" : "s0-t2",
      "begin" : 4,
      "end" : 13,
      "text" : "returning",
      "whiteSpace" : false
    }, {
      "id" : "s0-t3",
      "begin" : 14,
      "end" : 15,
      "text" : "a",
      "whiteSpace" : false
    }, {
      "id" : "s0-t4",
      "begin" : 16,
      "end" : 24,
      "text" : "computer",
      "whiteSpace" : false
    }, {
      "id" : "s0-t5",
      "begin" : 25,
      "end" : 29,
      "text" : "with",
      "whiteSpace" : false
    }, {
      "id" : "s0-t6",
      "begin" : 30,
      "end" : 33,
      "text" : "the",
      "whiteSpace" : false
    }, {
      "id" : "s0-t7",
      "begin" : 34,
      "end" : 40,
      "text" : "serial",
      "whiteSpace" : false
    }, {
      "id" : "s0-t8",
      "begin" : 41,
      "end" : 47,
      "text" : "number",
      "whiteSpace" : false
    }, {
      "id" : "s0-t9",
      "begin" : 48,
      "end" : 60,
      "text" : "P40W20UTT6QX",
      "whiteSpace" : false
    }, {
      "id" : "s0-t10",
      "begin" : 61,
      "end" : 64,
      "text" : "for",
      "whiteSpace" : false
    }, {
      "id" : "s0-t11",
      "begin" : 65,
      "end" : 72,
      "text" : "Rebecca",
      "whiteSpace" : false
    }, {
      "id" : "s0-t12",
      "begin" : 73,
      "end" : 78,
      "text" : "Scott",
      "whiteSpace" : false
    }, {
      "id" : "s0-t13",
      "begin" : 78,
      "end" : 79,
      "text" : ".",
      "whiteSpace" : false
    } ]
  }, {
    "id" : "s1",
    "begin" : 80,
    "end" : 136,
    "text" : "The return address is 77599 Lien Park Jamaica, NY 11436.",
    "tokens" : [ {
      "id" : "s1-t0",
      "begin" : 80,
      "end" : 83,
      "text" : "The",
      "whiteSpace" : false
    }, {
      "id" : "s1-t1",
      "begin" : 84,
      "end" : 90,
      "text" : "return",
      "whiteSpace" : false
    }, {
      "id" : "s1-t2",
      "begin" : 91,
      "end" : 98,
      "text" : "address",
      "whiteSpace" : false
    }, {
      "id" : "s1-t3",
      "begin" : 99,
      "end" : 101,
      "text" : "is",
      "whiteSpace" : false
    }, {
      "id" : "s1-t4",
      "begin" : 102,
      "end" : 107,
      "text" : "77599",
      "whiteSpace" : false
    }, {
      "id" : "s1-t5",
      "begin" : 108,
      "end" : 112,
      "text" : "Lien",
      "whiteSpace" : false
    }, {
      "id" : "s1-t6",
      "begin" : 113,
      "end" : 117,
      "text" : "Park",
      "whiteSpace" : false
    }, {
      "id" : "s1-t7",
      "begin" : 118,
      "end" : 125,
      "text" : "Jamaica",
      "whiteSpace" : false
    }, {
      "id" : "s1-t8",
      "begin" : 125,
      "end" : 126,
      "text" : ",",
      "whiteSpace" : false
    }, {
      "id" : "s1-t9",
      "begin" : 127,
      "end" : 129,
      "text" : "NY",
      "whiteSpace" : false
    }, {
      "id" : "s1-t10",
      "begin" : 130,
      "end" : 135,
      "text" : "11436",
      "whiteSpace" : false
    }, {
      "id" : "s1-t11",
      "begin" : 135,
      "end" : 136,
      "text" : ".",
      "whiteSpace" : false
    } ]
  } ],
  "mentions" : [ {
    "id" : "s0-m2",
    "properties" : {
      "SIRE_MENTION_ROLE" : "Serial_Number",
      "SIRE_ENTITY_SUBTYPE" : "NONE",
      "SIRE_MENTION_TYPE" : "NONE",
      "SIRE_MENTION_CLASS" : "SPC"
    },
    "type" : "Serial_Number",
    "begin" : 48,
    "end" : 60,
    "inCoref" : false
  }, {
    "id" : "s0-m3",
    "properties" : {
      "SIRE_MENTION_ROLE" : "First_Name",
      "SIRE_ENTITY_SUBTYPE" : "NONE",
      "SIRE_MENTION_TYPE" : "NONE",
      "SIRE_MENTION_CLASS" : "SPC"
    },
    "type" : "First_Name",
    "begin" : 65,
    "end" : 72,
    "inCoref" : false
  }, {
    "id" : "s0-m0",
    "properties" : {
      "SIRE_MENTION_ROLE" : "Last_Name",
      "SIRE_ENTITY_SUBTYPE" : "NONE",
      "SIRE_MENTION_TYPE" : "NONE",
      "SIRE_MENTION_CLASS" : "SPC"
    },
    "type" : "Last_Name",
    "begin" : 73,
    "end" : 78,
    "inCoref" : false
  }, {
    "id" : "s1-m2",
    "properties" : {
      "SIRE_MENTION_ROLE" : "Street_Number",
      "SIRE_ENTITY_SUBTYPE" : "NONE",
      "SIRE_MENTION_TYPE" : "NONE",
      "SIRE_MENTION_CLASS" : "SPC"
    },
    "type" : "Street_Number",
    "begin" : 102,
    "end" : 117,
    "inCoref" : false
  }, {
    "id" : "s1-m3",
    "properties" : {
      "SIRE_MENTION_ROLE" : "City",
      "SIRE_ENTITY_SUBTYPE" : "NONE",
      "SIRE_MENTION_TYPE" : "NONE",
      "SIRE_MENTION_CLASS" : "SPC"
    },
    "type" : "City",
    "begin" : 118,
    "end" : 125,
    "inCoref" : false
  }, {
    "id" : "s1-m0",
    "properties" : {
      "SIRE_ENTITY_SUBTYPE" : "NONE",
      "SIRE_MENTION_CLASS" : "SPC",
      "SIRE_MENTION_ROLE" : "State",
      "SIRE_MENTION_TYPE" : "NONE"
    },
    "type" : "State",
    "begin" : 127,
    "end" : 129,
    "inCoref" : false
  }, {
    "id" : "s1-m4",
    "properties" : {
      "SIRE_MENTION_ROLE" : "Zip",
      "SIRE_ENTITY_SUBTYPE" : "NONE",
      "SIRE_MENTION_TYPE" : "NONE",
      "SIRE_MENTION_CLASS" : "SPC"
    },
    "type" : "Zip",
    "begin" : 130,
    "end" : 135,
    "inCoref" : false
  } ],
  "relations" : [ ],
  "corefs" : [ ],
  "typeResolved" : true,
  "userResolved" : false
}