{
  "id" : "f17e4de0-4a38-11e7-be36-c36c7834f0c7-90",
  "name" : "Doc90",
  "version" : 3,
  "text" : "I need to return a device for Sharon Robinson. The device serial number is J68A87DUT6GF. The return address is 06 Forest Dale Terrace Fort Worth, TX 76110.",
  "docLength" : 0,
  "language" : "EN",
  "status" : "SUBMITTED",
  "modifiedDate" : 1496702040071,
  "documentSet" : [ ],
  "preannotation" : [ "PRE_LW" ],
  "sentences" : [ {
    "id" : "s0",
    "begin" : 0,
    "end" : 46,
    "text" : "I need to return a device for Sharon Robinson.",
    "tokens" : [ {
      "id" : "s0-t0",
      "begin" : 0,
      "end" : 1,
      "text" : "I",
      "whiteSpace" : false
    }, {
      "id" : "s0-t1",
      "begin" : 2,
      "end" : 6,
      "text" : "need",
      "whiteSpace" : false
    }, {
      "id" : "s0-t2",
      "begin" : 7,
      "end" : 9,
      "text" : "to",
      "whiteSpace" : false
    }, {
      "id" : "s0-t3",
      "begin" : 10,
      "end" : 16,
      "text" : "return",
      "whiteSpace" : false
    }, {
      "id" : "s0-t4",
      "begin" : 17,
      "end" : 18,
      "text" : "a",
      "whiteSpace" : false
    }, {
      "id" : "s0-t5",
      "begin" : 19,
      "end" : 25,
      "text" : "device",
      "whiteSpace" : false
    }, {
      "id" : "s0-t6",
      "begin" : 26,
      "end" : 29,
      "text" : "for",
      "whiteSpace" : false
    }, {
      "id" : "s0-t7",
      "begin" : 30,
      "end" : 36,
      "text" : "Sharon",
      "whiteSpace" : false
    }, {
      "id" : "s0-t8",
      "begin" : 37,
      "end" : 45,
      "text" : "Robinson",
      "whiteSpace" : false
    }, {
      "id" : "s0-t9",
      "begin" : 45,
      "end" : 46,
      "text" : ".",
      "whiteSpace" : false
    } ]
  }, {
    "id" : "s1",
    "begin" : 47,
    "end" : 88,
    "text" : "The device serial number is J68A87DUT6GF.",
    "tokens" : [ {
      "id" : "s1-t0",
      "begin" : 47,
      "end" : 50,
      "text" : "The",
      "whiteSpace" : false
    }, {
      "id" : "s1-t1",
      "begin" : 51,
      "end" : 57,
      "text" : "device",
      "whiteSpace" : false
    }, {
      "id" : "s1-t2",
      "begin" : 58,
      "end" : 64,
      "text" : "serial",
      "whiteSpace" : false
    }, {
      "id" : "s1-t3",
      "begin" : 65,
      "end" : 71,
      "text" : "number",
      "whiteSpace" : false
    }, {
      "id" : "s1-t4",
      "begin" : 72,
      "end" : 74,
      "text" : "is",
      "whiteSpace" : false
    }, {
      "id" : "s1-t5",
      "begin" : 75,
      "end" : 87,
      "text" : "J68A87DUT6GF",
      "whiteSpace" : false
    }, {
      "id" : "s1-t6",
      "begin" : 87,
      "end" : 88,
      "text" : ".",
      "whiteSpace" : false
    } ]
  }, {
    "id" : "s2",
    "begin" : 89,
    "end" : 155,
    "text" : "The return address is 06 Forest Dale Terrace Fort Worth, TX 76110.",
    "tokens" : [ {
      "id" : "s2-t0",
      "begin" : 89,
      "end" : 92,
      "text" : "The",
      "whiteSpace" : false
    }, {
      "id" : "s2-t1",
      "begin" : 93,
      "end" : 99,
      "text" : "return",
      "whiteSpace" : false
    }, {
      "id" : "s2-t2",
      "begin" : 100,
      "end" : 107,
      "text" : "address",
      "whiteSpace" : false
    }, {
      "id" : "s2-t3",
      "begin" : 108,
      "end" : 110,
      "text" : "is",
      "whiteSpace" : false
    }, {
      "id" : "s2-t4",
      "begin" : 111,
      "end" : 113,
      "text" : "06",
      "whiteSpace" : false
    }, {
      "id" : "s2-t5",
      "begin" : 114,
      "end" : 120,
      "text" : "Forest",
      "whiteSpace" : false
    }, {
      "id" : "s2-t6",
      "begin" : 121,
      "end" : 125,
      "text" : "Dale",
      "whiteSpace" : false
    }, {
      "id" : "s2-t7",
      "begin" : 126,
      "end" : 133,
      "text" : "Terrace",
      "whiteSpace" : false
    }, {
      "id" : "s2-t8",
      "begin" : 134,
      "end" : 138,
      "text" : "Fort",
      "whiteSpace" : false
    }, {
      "id" : "s2-t9",
      "begin" : 139,
      "end" : 144,
      "text" : "Worth",
      "whiteSpace" : false
    }, {
      "id" : "s2-t10",
      "begin" : 144,
      "end" : 145,
      "text" : ",",
      "whiteSpace" : false
    }, {
      "id" : "s2-t11",
      "begin" : 146,
      "end" : 148,
      "text" : "TX",
      "whiteSpace" : false
    }, {
      "id" : "s2-t12",
      "begin" : 149,
      "end" : 154,
      "text" : "76110",
      "whiteSpace" : false
    }, {
      "id" : "s2-t13",
      "begin" : 154,
      "end" : 155,
      "text" : ".",
      "whiteSpace" : false
    } ]
  } ],
  "mentions" : [ {
    "id" : "s0-m0",
    "properties" : {
      "SIRE_MENTION_ROLE" : "First_Name",
      "SIRE_ENTITY_SUBTYPE" : "NONE",
      "SIRE_MENTION_TYPE" : "NONE",
      "SIRE_MENTION_CLASS" : "SPC"
    },
    "type" : "First_Name",
    "begin" : 30,
    "end" : 36,
    "inCoref" : false
  }, {
    "id" : "s0-m1",
    "properties" : {
      "SIRE_MENTION_ROLE" : "Last_Name",
      "SIRE_ENTITY_SUBTYPE" : "NONE",
      "SIRE_MENTION_TYPE" : "NONE",
      "SIRE_MENTION_CLASS" : "SPC"
    },
    "type" : "Last_Name",
    "begin" : 37,
    "end" : 45,
    "inCoref" : false
  }, {
    "id" : "s1-m1",
    "properties" : {
      "SIRE_MENTION_ROLE" : "Serial_Number",
      "SIRE_ENTITY_SUBTYPE" : "NONE",
      "SIRE_MENTION_TYPE" : "NONE",
      "SIRE_MENTION_CLASS" : "SPC"
    },
    "type" : "Serial_Number",
    "begin" : 75,
    "end" : 87,
    "inCoref" : false
  }, {
    "id" : "s2-m3",
    "properties" : {
      "SIRE_MENTION_ROLE" : "Street_Number",
      "SIRE_ENTITY_SUBTYPE" : "NONE",
      "SIRE_MENTION_TYPE" : "NONE",
      "SIRE_MENTION_CLASS" : "SPC"
    },
    "type" : "Street_Number",
    "begin" : 111,
    "end" : 133,
    "inCoref" : false
  }, {
    "id" : "s2-m0",
    "properties" : {
      "SIRE_ENTITY_SUBTYPE" : "NONE",
      "SIRE_MENTION_CLASS" : "SPC",
      "SIRE_MENTION_ROLE" : "City",
      "SIRE_MENTION_TYPE" : "NONE"
    },
    "type" : "City",
    "begin" : 134,
    "end" : 144,
    "inCoref" : false
  }, {
    "id" : "s2-m1",
    "properties" : {
      "SIRE_ENTITY_SUBTYPE" : "NONE",
      "SIRE_MENTION_CLASS" : "SPC",
      "SIRE_MENTION_ROLE" : "State",
      "SIRE_MENTION_TYPE" : "NONE"
    },
    "type" : "State",
    "begin" : 146,
    "end" : 148,
    "inCoref" : false
  }, {
    "id" : "s2-m4",
    "properties" : {
      "SIRE_MENTION_ROLE" : "Zip",
      "SIRE_ENTITY_SUBTYPE" : "NONE",
      "SIRE_MENTION_TYPE" : "NONE",
      "SIRE_MENTION_CLASS" : "SPC"
    },
    "type" : "Zip",
    "begin" : 149,
    "end" : 154,
    "inCoref" : false
  } ],
  "relations" : [ ],
  "corefs" : [ ],
  "typeResolved" : true,
  "userResolved" : false
}