{
  "id" : "f17e4de0-4a38-11e7-be36-c36c7834f0c7-99",
  "name" : "Doc99",
  "version" : 3,
  "text" : "I need to return a device for Angela Hernandez. The device serial number is E0K5RBL7IC. The return address is 46 Ilene Plaza Meridian, MS 39305.",
  "docLength" : 0,
  "language" : "EN",
  "status" : "SUBMITTED",
  "modifiedDate" : 1496702133270,
  "documentSet" : [ ],
  "preannotation" : [ "PRE_LW" ],
  "sentences" : [ {
    "id" : "s0",
    "begin" : 0,
    "end" : 47,
    "text" : "I need to return a device for Angela Hernandez.",
    "tokens" : [ {
      "id" : "s0-t0",
      "begin" : 0,
      "end" : 1,
      "text" : "I",
      "whiteSpace" : false
    }, {
      "id" : "s0-t1",
      "begin" : 2,
      "end" : 6,
      "text" : "need",
      "whiteSpace" : false
    }, {
      "id" : "s0-t2",
      "begin" : 7,
      "end" : 9,
      "text" : "to",
      "whiteSpace" : false
    }, {
      "id" : "s0-t3",
      "begin" : 10,
      "end" : 16,
      "text" : "return",
      "whiteSpace" : false
    }, {
      "id" : "s0-t4",
      "begin" : 17,
      "end" : 18,
      "text" : "a",
      "whiteSpace" : false
    }, {
      "id" : "s0-t5",
      "begin" : 19,
      "end" : 25,
      "text" : "device",
      "whiteSpace" : false
    }, {
      "id" : "s0-t6",
      "begin" : 26,
      "end" : 29,
      "text" : "for",
      "whiteSpace" : false
    }, {
      "id" : "s0-t7",
      "begin" : 30,
      "end" : 36,
      "text" : "Angela",
      "whiteSpace" : false
    }, {
      "id" : "s0-t8",
      "begin" : 37,
      "end" : 46,
      "text" : "Hernandez",
      "whiteSpace" : false
    }, {
      "id" : "s0-t9",
      "begin" : 46,
      "end" : 47,
      "text" : ".",
      "whiteSpace" : false
    } ]
  }, {
    "id" : "s1",
    "begin" : 48,
    "end" : 87,
    "text" : "The device serial number is E0K5RBL7IC.",
    "tokens" : [ {
      "id" : "s1-t0",
      "begin" : 48,
      "end" : 51,
      "text" : "The",
      "whiteSpace" : false
    }, {
      "id" : "s1-t1",
      "begin" : 52,
      "end" : 58,
      "text" : "device",
      "whiteSpace" : false
    }, {
      "id" : "s1-t2",
      "begin" : 59,
      "end" : 65,
      "text" : "serial",
      "whiteSpace" : false
    }, {
      "id" : "s1-t3",
      "begin" : 66,
      "end" : 72,
      "text" : "number",
      "whiteSpace" : false
    }, {
      "id" : "s1-t4",
      "begin" : 73,
      "end" : 75,
      "text" : "is",
      "whiteSpace" : false
    }, {
      "id" : "s1-t5",
      "begin" : 76,
      "end" : 86,
      "text" : "E0K5RBL7IC",
      "whiteSpace" : false
    }, {
      "id" : "s1-t6",
      "begin" : 86,
      "end" : 87,
      "text" : ".",
      "whiteSpace" : false
    } ]
  }, {
    "id" : "s2",
    "begin" : 88,
    "end" : 144,
    "text" : "The return address is 46 Ilene Plaza Meridian, MS 39305.",
    "tokens" : [ {
      "id" : "s2-t0",
      "begin" : 88,
      "end" : 91,
      "text" : "The",
      "whiteSpace" : false
    }, {
      "id" : "s2-t1",
      "begin" : 92,
      "end" : 98,
      "text" : "return",
      "whiteSpace" : false
    }, {
      "id" : "s2-t2",
      "begin" : 99,
      "end" : 106,
      "text" : "address",
      "whiteSpace" : false
    }, {
      "id" : "s2-t3",
      "begin" : 107,
      "end" : 109,
      "text" : "is",
      "whiteSpace" : false
    }, {
      "id" : "s2-t4",
      "begin" : 110,
      "end" : 112,
      "text" : "46",
      "whiteSpace" : false
    }, {
      "id" : "s2-t5",
      "begin" : 113,
      "end" : 118,
      "text" : "Ilene",
      "whiteSpace" : false
    }, {
      "id" : "s2-t6",
      "begin" : 119,
      "end" : 124,
      "text" : "Plaza",
      "whiteSpace" : false
    }, {
      "id" : "s2-t7",
      "begin" : 125,
      "end" : 133,
      "text" : "Meridian",
      "whiteSpace" : false
    }, {
      "id" : "s2-t8",
      "begin" : 133,
      "end" : 134,
      "text" : ",",
      "whiteSpace" : false
    }, {
      "id" : "s2-t9",
      "begin" : 135,
      "end" : 137,
      "text" : "MS",
      "whiteSpace" : false
    }, {
      "id" : "s2-t10",
      "begin" : 138,
      "end" : 143,
      "text" : "39305",
      "whiteSpace" : false
    }, {
      "id" : "s2-t11",
      "begin" : 143,
      "end" : 144,
      "text" : ".",
      "whiteSpace" : false
    } ]
  } ],
  "mentions" : [ {
    "id" : "s0-m1",
    "properties" : {
      "SIRE_MENTION_ROLE" : "First_Name",
      "SIRE_ENTITY_SUBTYPE" : "NONE",
      "SIRE_MENTION_TYPE" : "NONE",
      "SIRE_MENTION_CLASS" : "SPC"
    },
    "type" : "First_Name",
    "begin" : 30,
    "end" : 36,
    "inCoref" : false
  }, {
    "id" : "s0-m2",
    "properties" : {
      "SIRE_MENTION_ROLE" : "Last_Name",
      "SIRE_ENTITY_SUBTYPE" : "NONE",
      "SIRE_MENTION_TYPE" : "NONE",
      "SIRE_MENTION_CLASS" : "SPC"
    },
    "type" : "Last_Name",
    "begin" : 37,
    "end" : 46,
    "inCoref" : false
  }, {
    "id" : "s1-m1",
    "properties" : {
      "SIRE_MENTION_ROLE" : "Serial_Number",
      "SIRE_ENTITY_SUBTYPE" : "NONE",
      "SIRE_MENTION_TYPE" : "NONE",
      "SIRE_MENTION_CLASS" : "SPC"
    },
    "type" : "Serial_Number",
    "begin" : 76,
    "end" : 86,
    "inCoref" : false
  }, {
    "id" : "s2-m2",
    "properties" : {
      "SIRE_MENTION_ROLE" : "Street_Number",
      "SIRE_ENTITY_SUBTYPE" : "NONE",
      "SIRE_MENTION_TYPE" : "NONE",
      "SIRE_MENTION_CLASS" : "SPC"
    },
    "type" : "Street_Number",
    "begin" : 110,
    "end" : 124,
    "inCoref" : false
  }, {
    "id" : "s2-m3",
    "properties" : {
      "SIRE_MENTION_ROLE" : "City",
      "SIRE_ENTITY_SUBTYPE" : "NONE",
      "SIRE_MENTION_TYPE" : "NONE",
      "SIRE_MENTION_CLASS" : "SPC"
    },
    "type" : "City",
    "begin" : 125,
    "end" : 133,
    "inCoref" : false
  }, {
    "id" : "s2-m0",
    "properties" : {
      "SIRE_ENTITY_SUBTYPE" : "NONE",
      "SIRE_MENTION_CLASS" : "SPC",
      "SIRE_MENTION_ROLE" : "State",
      "SIRE_MENTION_TYPE" : "NONE"
    },
    "type" : "State",
    "begin" : 135,
    "end" : 137,
    "inCoref" : false
  }, {
    "id" : "s2-m4",
    "properties" : {
      "SIRE_MENTION_ROLE" : "Zip",
      "SIRE_ENTITY_SUBTYPE" : "NONE",
      "SIRE_MENTION_TYPE" : "NONE",
      "SIRE_MENTION_CLASS" : "SPC"
    },
    "type" : "Zip",
    "begin" : 138,
    "end" : 143,
    "inCoref" : false
  } ],
  "relations" : [ ],
  "corefs" : [ ],
  "typeResolved" : true,
  "userResolved" : false
}