{
  "id" : "f17e4de0-4a38-11e7-be36-c36c7834f0c7-39",
  "name" : "Doc39",
  "version" : 3,
  "text" : "I'm returning a computer with the serial number W28X8TLY2PY for Debra Nelson. The return address is 73341 Meadow Valley Point Washington, DC 20231.",
  "docLength" : 0,
  "language" : "EN",
  "status" : "SUBMITTED",
  "modifiedDate" : 1496700631766,
  "documentSet" : [ ],
  "preannotation" : [ "PRE_LW" ],
  "sentences" : [ {
    "id" : "s0",
    "begin" : 0,
    "end" : 77,
    "text" : "I'm returning a computer with the serial number W28X8TLY2PY for Debra Nelson.",
    "tokens" : [ {
      "id" : "s0-t0",
      "begin" : 0,
      "end" : 1,
      "text" : "I",
      "whiteSpace" : false
    }, {
      "id" : "s0-t1",
      "begin" : 1,
      "end" : 3,
      "text" : "'m",
      "whiteSpace" : false
    }, {
      "id" : "s0-t2",
      "begin" : 4,
      "end" : 13,
      "text" : "returning",
      "whiteSpace" : false
    }, {
      "id" : "s0-t3",
      "begin" : 14,
      "end" : 15,
      "text" : "a",
      "whiteSpace" : false
    }, {
      "id" : "s0-t4",
      "begin" : 16,
      "end" : 24,
      "text" : "computer",
      "whiteSpace" : false
    }, {
      "id" : "s0-t5",
      "begin" : 25,
      "end" : 29,
      "text" : "with",
      "whiteSpace" : false
    }, {
      "id" : "s0-t6",
      "begin" : 30,
      "end" : 33,
      "text" : "the",
      "whiteSpace" : false
    }, {
      "id" : "s0-t7",
      "begin" : 34,
      "end" : 40,
      "text" : "serial",
      "whiteSpace" : false
    }, {
      "id" : "s0-t8",
      "begin" : 41,
      "end" : 47,
      "text" : "number",
      "whiteSpace" : false
    }, {
      "id" : "s0-t9",
      "begin" : 48,
      "end" : 59,
      "text" : "W28X8TLY2PY",
      "whiteSpace" : false
    }, {
      "id" : "s0-t10",
      "begin" : 60,
      "end" : 63,
      "text" : "for",
      "whiteSpace" : false
    }, {
      "id" : "s0-t11",
      "begin" : 64,
      "end" : 69,
      "text" : "Debra",
      "whiteSpace" : false
    }, {
      "id" : "s0-t12",
      "begin" : 70,
      "end" : 76,
      "text" : "Nelson",
      "whiteSpace" : false
    }, {
      "id" : "s0-t13",
      "begin" : 76,
      "end" : 77,
      "text" : ".",
      "whiteSpace" : false
    } ]
  }, {
    "id" : "s1",
    "begin" : 78,
    "end" : 147,
    "text" : "The return address is 73341 Meadow Valley Point Washington, DC 20231.",
    "tokens" : [ {
      "id" : "s1-t0",
      "begin" : 78,
      "end" : 81,
      "text" : "The",
      "whiteSpace" : false
    }, {
      "id" : "s1-t1",
      "begin" : 82,
      "end" : 88,
      "text" : "return",
      "whiteSpace" : false
    }, {
      "id" : "s1-t2",
      "begin" : 89,
      "end" : 96,
      "text" : "address",
      "whiteSpace" : false
    }, {
      "id" : "s1-t3",
      "begin" : 97,
      "end" : 99,
      "text" : "is",
      "whiteSpace" : false
    }, {
      "id" : "s1-t4",
      "begin" : 100,
      "end" : 105,
      "text" : "73341",
      "whiteSpace" : false
    }, {
      "id" : "s1-t5",
      "begin" : 106,
      "end" : 112,
      "text" : "Meadow",
      "whiteSpace" : false
    }, {
      "id" : "s1-t6",
      "begin" : 113,
      "end" : 119,
      "text" : "Valley",
      "whiteSpace" : false
    }, {
      "id" : "s1-t7",
      "begin" : 120,
      "end" : 125,
      "text" : "Point",
      "whiteSpace" : false
    }, {
      "id" : "s1-t8",
      "begin" : 126,
      "end" : 136,
      "text" : "Washington",
      "whiteSpace" : false
    }, {
      "id" : "s1-t9",
      "begin" : 136,
      "end" : 137,
      "text" : ",",
      "whiteSpace" : false
    }, {
      "id" : "s1-t10",
      "begin" : 138,
      "end" : 140,
      "text" : "DC",
      "whiteSpace" : false
    }, {
      "id" : "s1-t11",
      "begin" : 141,
      "end" : 146,
      "text" : "20231",
      "whiteSpace" : false
    }, {
      "id" : "s1-t12",
      "begin" : 146,
      "end" : 147,
      "text" : ".",
      "whiteSpace" : false
    } ]
  } ],
  "mentions" : [ {
    "id" : "s0-m1",
    "properties" : {
      "SIRE_MENTION_ROLE" : "Serial_Number",
      "SIRE_ENTITY_SUBTYPE" : "NONE",
      "SIRE_MENTION_TYPE" : "NONE",
      "SIRE_MENTION_CLASS" : "SPC"
    },
    "type" : "Serial_Number",
    "begin" : 48,
    "end" : 59,
    "inCoref" : false
  }, {
    "id" : "s0-m2",
    "properties" : {
      "SIRE_MENTION_ROLE" : "First_Name",
      "SIRE_ENTITY_SUBTYPE" : "NONE",
      "SIRE_MENTION_TYPE" : "NONE",
      "SIRE_MENTION_CLASS" : "SPC"
    },
    "type" : "First_Name",
    "begin" : 64,
    "end" : 69,
    "inCoref" : false
  }, {
    "id" : "s0-m3",
    "properties" : {
      "SIRE_MENTION_ROLE" : "Last_Name",
      "SIRE_ENTITY_SUBTYPE" : "NONE",
      "SIRE_MENTION_TYPE" : "NONE",
      "SIRE_MENTION_CLASS" : "SPC"
    },
    "type" : "Last_Name",
    "begin" : 70,
    "end" : 76,
    "inCoref" : false
  }, {
    "id" : "s1-m0",
    "properties" : {
      "SIRE_MENTION_ROLE" : "Street_Number",
      "SIRE_ENTITY_SUBTYPE" : "NONE",
      "SIRE_MENTION_TYPE" : "NONE",
      "SIRE_MENTION_CLASS" : "SPC"
    },
    "type" : "Street_Number",
    "begin" : 100,
    "end" : 125,
    "inCoref" : false
  }, {
    "id" : "s1-m1",
    "properties" : {
      "SIRE_ENTITY_SUBTYPE" : "NONE",
      "SIRE_MENTION_CLASS" : "SPC",
      "SIRE_MENTION_ROLE" : "State",
      "SIRE_MENTION_TYPE" : "NONE"
    },
    "type" : "State",
    "begin" : 126,
    "end" : 140,
    "inCoref" : false
  }, {
    "id" : "s1-m4",
    "properties" : {
      "SIRE_MENTION_ROLE" : "Zip",
      "SIRE_ENTITY_SUBTYPE" : "NONE",
      "SIRE_MENTION_TYPE" : "NONE",
      "SIRE_MENTION_CLASS" : "SPC"
    },
    "type" : "Zip",
    "begin" : 141,
    "end" : 146,
    "inCoref" : false
  } ],
  "relations" : [ ],
  "corefs" : [ ],
  "typeResolved" : true,
  "userResolved" : false
}