{
  "id" : "f17e4de0-4a38-11e7-be36-c36c7834f0c7-26",
  "name" : "Doc26",
  "version" : 3,
  "text" : "I'm returning a computer with the serial number Q41C4GWE8HG for Jessica Hall. The return address is 87754 Coleman Court Johnstown, PA 15906.",
  "docLength" : 0,
  "language" : "EN",
  "status" : "SUBMITTED",
  "modifiedDate" : 1496700303556,
  "documentSet" : [ ],
  "preannotation" : [ "PRE_LW" ],
  "sentences" : [ {
    "id" : "s0",
    "begin" : 0,
    "end" : 77,
    "text" : "I'm returning a computer with the serial number Q41C4GWE8HG for Jessica Hall.",
    "tokens" : [ {
      "id" : "s0-t0",
      "begin" : 0,
      "end" : 1,
      "text" : "I",
      "whiteSpace" : false
    }, {
      "id" : "s0-t1",
      "begin" : 1,
      "end" : 3,
      "text" : "'m",
      "whiteSpace" : false
    }, {
      "id" : "s0-t2",
      "begin" : 4,
      "end" : 13,
      "text" : "returning",
      "whiteSpace" : false
    }, {
      "id" : "s0-t3",
      "begin" : 14,
      "end" : 15,
      "text" : "a",
      "whiteSpace" : false
    }, {
      "id" : "s0-t4",
      "begin" : 16,
      "end" : 24,
      "text" : "computer",
      "whiteSpace" : false
    }, {
      "id" : "s0-t5",
      "begin" : 25,
      "end" : 29,
      "text" : "with",
      "whiteSpace" : false
    }, {
      "id" : "s0-t6",
      "begin" : 30,
      "end" : 33,
      "text" : "the",
      "whiteSpace" : false
    }, {
      "id" : "s0-t7",
      "begin" : 34,
      "end" : 40,
      "text" : "serial",
      "whiteSpace" : false
    }, {
      "id" : "s0-t8",
      "begin" : 41,
      "end" : 47,
      "text" : "number",
      "whiteSpace" : false
    }, {
      "id" : "s0-t9",
      "begin" : 48,
      "end" : 59,
      "text" : "Q41C4GWE8HG",
      "whiteSpace" : false
    }, {
      "id" : "s0-t10",
      "begin" : 60,
      "end" : 63,
      "text" : "for",
      "whiteSpace" : false
    }, {
      "id" : "s0-t11",
      "begin" : 64,
      "end" : 71,
      "text" : "Jessica",
      "whiteSpace" : false
    }, {
      "id" : "s0-t12",
      "begin" : 72,
      "end" : 76,
      "text" : "Hall",
      "whiteSpace" : false
    }, {
      "id" : "s0-t13",
      "begin" : 76,
      "end" : 77,
      "text" : ".",
      "whiteSpace" : false
    } ]
  }, {
    "id" : "s1",
    "begin" : 78,
    "end" : 140,
    "text" : "The return address is 87754 Coleman Court Johnstown, PA 15906.",
    "tokens" : [ {
      "id" : "s1-t0",
      "begin" : 78,
      "end" : 81,
      "text" : "The",
      "whiteSpace" : false
    }, {
      "id" : "s1-t1",
      "begin" : 82,
      "end" : 88,
      "text" : "return",
      "whiteSpace" : false
    }, {
      "id" : "s1-t2",
      "begin" : 89,
      "end" : 96,
      "text" : "address",
      "whiteSpace" : false
    }, {
      "id" : "s1-t3",
      "begin" : 97,
      "end" : 99,
      "text" : "is",
      "whiteSpace" : false
    }, {
      "id" : "s1-t4",
      "begin" : 100,
      "end" : 105,
      "text" : "87754",
      "whiteSpace" : false
    }, {
      "id" : "s1-t5",
      "begin" : 106,
      "end" : 113,
      "text" : "Coleman",
      "whiteSpace" : false
    }, {
      "id" : "s1-t6",
      "begin" : 114,
      "end" : 119,
      "text" : "Court",
      "whiteSpace" : false
    }, {
      "id" : "s1-t7",
      "begin" : 120,
      "end" : 129,
      "text" : "Johnstown",
      "whiteSpace" : false
    }, {
      "id" : "s1-t8",
      "begin" : 129,
      "end" : 130,
      "text" : ",",
      "whiteSpace" : false
    }, {
      "id" : "s1-t9",
      "begin" : 131,
      "end" : 133,
      "text" : "PA",
      "whiteSpace" : false
    }, {
      "id" : "s1-t10",
      "begin" : 134,
      "end" : 139,
      "text" : "15906",
      "whiteSpace" : false
    }, {
      "id" : "s1-t11",
      "begin" : 139,
      "end" : 140,
      "text" : ".",
      "whiteSpace" : false
    } ]
  } ],
  "mentions" : [ {
    "id" : "s0-m1",
    "properties" : {
      "SIRE_MENTION_ROLE" : "Serial_Number",
      "SIRE_ENTITY_SUBTYPE" : "NONE",
      "SIRE_MENTION_TYPE" : "NONE",
      "SIRE_MENTION_CLASS" : "SPC"
    },
    "type" : "Serial_Number",
    "begin" : 48,
    "end" : 59,
    "inCoref" : false
  }, {
    "id" : "s0-m2",
    "properties" : {
      "SIRE_MENTION_ROLE" : "First_Name",
      "SIRE_ENTITY_SUBTYPE" : "NONE",
      "SIRE_MENTION_TYPE" : "NONE",
      "SIRE_MENTION_CLASS" : "SPC"
    },
    "type" : "First_Name",
    "begin" : 64,
    "end" : 71,
    "inCoref" : false
  }, {
    "id" : "s0-m3",
    "properties" : {
      "SIRE_MENTION_ROLE" : "Last_Name",
      "SIRE_ENTITY_SUBTYPE" : "NONE",
      "SIRE_MENTION_TYPE" : "NONE",
      "SIRE_MENTION_CLASS" : "SPC"
    },
    "type" : "Last_Name",
    "begin" : 72,
    "end" : 76,
    "inCoref" : false
  }, {
    "id" : "s1-m3",
    "properties" : {
      "SIRE_MENTION_ROLE" : "Street_Number",
      "SIRE_ENTITY_SUBTYPE" : "NONE",
      "SIRE_MENTION_TYPE" : "NONE",
      "SIRE_MENTION_CLASS" : "SPC"
    },
    "type" : "Street_Number",
    "begin" : 100,
    "end" : 119,
    "inCoref" : false
  }, {
    "id" : "s1-m0",
    "properties" : {
      "SIRE_ENTITY_SUBTYPE" : "NONE",
      "SIRE_MENTION_CLASS" : "SPC",
      "SIRE_MENTION_ROLE" : "City",
      "SIRE_MENTION_TYPE" : "NONE"
    },
    "type" : "City",
    "begin" : 120,
    "end" : 129,
    "inCoref" : false
  }, {
    "id" : "s1-m1",
    "properties" : {
      "SIRE_ENTITY_SUBTYPE" : "NONE",
      "SIRE_MENTION_CLASS" : "SPC",
      "SIRE_MENTION_ROLE" : "State",
      "SIRE_MENTION_TYPE" : "NONE"
    },
    "type" : "State",
    "begin" : 131,
    "end" : 133,
    "inCoref" : false
  }, {
    "id" : "s1-m4",
    "properties" : {
      "SIRE_MENTION_ROLE" : "Zip",
      "SIRE_ENTITY_SUBTYPE" : "NONE",
      "SIRE_MENTION_TYPE" : "NONE",
      "SIRE_MENTION_CLASS" : "SPC"
    },
    "type" : "Zip",
    "begin" : 134,
    "end" : 139,
    "inCoref" : false
  } ],
  "relations" : [ ],
  "corefs" : [ ],
  "typeResolved" : true,
  "userResolved" : false
}