{
  "id" : "f17e4de0-4a38-11e7-be36-c36c7834f0c7-22",
  "name" : "Doc22",
  "version" : 3,
  "text" : "I'm returning a computer with the serial number H56D71LNY5CC for Laura Rodriguez. The return address is 6065 Gina Plaza Pasadena, CA 91125.",
  "docLength" : 0,
  "language" : "EN",
  "status" : "SUBMITTED",
  "modifiedDate" : 1496700214796,
  "documentSet" : [ ],
  "preannotation" : [ "PRE_LW" ],
  "sentences" : [ {
    "id" : "s0",
    "begin" : 0,
    "end" : 81,
    "text" : "I'm returning a computer with the serial number H56D71LNY5CC for Laura Rodriguez.",
    "tokens" : [ {
      "id" : "s0-t0",
      "begin" : 0,
      "end" : 1,
      "text" : "I",
      "whiteSpace" : false
    }, {
      "id" : "s0-t1",
      "begin" : 1,
      "end" : 3,
      "text" : "'m",
      "whiteSpace" : false
    }, {
      "id" : "s0-t2",
      "begin" : 4,
      "end" : 13,
      "text" : "returning",
      "whiteSpace" : false
    }, {
      "id" : "s0-t3",
      "begin" : 14,
      "end" : 15,
      "text" : "a",
      "whiteSpace" : false
    }, {
      "id" : "s0-t4",
      "begin" : 16,
      "end" : 24,
      "text" : "computer",
      "whiteSpace" : false
    }, {
      "id" : "s0-t5",
      "begin" : 25,
      "end" : 29,
      "text" : "with",
      "whiteSpace" : false
    }, {
      "id" : "s0-t6",
      "begin" : 30,
      "end" : 33,
      "text" : "the",
      "whiteSpace" : false
    }, {
      "id" : "s0-t7",
      "begin" : 34,
      "end" : 40,
      "text" : "serial",
      "whiteSpace" : false
    }, {
      "id" : "s0-t8",
      "begin" : 41,
      "end" : 47,
      "text" : "number",
      "whiteSpace" : false
    }, {
      "id" : "s0-t9",
      "begin" : 48,
      "end" : 60,
      "text" : "H56D71LNY5CC",
      "whiteSpace" : false
    }, {
      "id" : "s0-t10",
      "begin" : 61,
      "end" : 64,
      "text" : "for",
      "whiteSpace" : false
    }, {
      "id" : "s0-t11",
      "begin" : 65,
      "end" : 70,
      "text" : "Laura",
      "whiteSpace" : false
    }, {
      "id" : "s0-t12",
      "begin" : 71,
      "end" : 80,
      "text" : "Rodriguez",
      "whiteSpace" : false
    }, {
      "id" : "s0-t13",
      "begin" : 80,
      "end" : 81,
      "text" : ".",
      "whiteSpace" : false
    } ]
  }, {
    "id" : "s1",
    "begin" : 82,
    "end" : 139,
    "text" : "The return address is 6065 Gina Plaza Pasadena, CA 91125.",
    "tokens" : [ {
      "id" : "s1-t0",
      "begin" : 82,
      "end" : 85,
      "text" : "The",
      "whiteSpace" : false
    }, {
      "id" : "s1-t1",
      "begin" : 86,
      "end" : 92,
      "text" : "return",
      "whiteSpace" : false
    }, {
      "id" : "s1-t2",
      "begin" : 93,
      "end" : 100,
      "text" : "address",
      "whiteSpace" : false
    }, {
      "id" : "s1-t3",
      "begin" : 101,
      "end" : 103,
      "text" : "is",
      "whiteSpace" : false
    }, {
      "id" : "s1-t4",
      "begin" : 104,
      "end" : 108,
      "text" : "6065",
      "whiteSpace" : false
    }, {
      "id" : "s1-t5",
      "begin" : 109,
      "end" : 113,
      "text" : "Gina",
      "whiteSpace" : false
    }, {
      "id" : "s1-t6",
      "begin" : 114,
      "end" : 119,
      "text" : "Plaza",
      "whiteSpace" : false
    }, {
      "id" : "s1-t7",
      "begin" : 120,
      "end" : 128,
      "text" : "Pasadena",
      "whiteSpace" : false
    }, {
      "id" : "s1-t8",
      "begin" : 128,
      "end" : 129,
      "text" : ",",
      "whiteSpace" : false
    }, {
      "id" : "s1-t9",
      "begin" : 130,
      "end" : 132,
      "text" : "CA",
      "whiteSpace" : false
    }, {
      "id" : "s1-t10",
      "begin" : 133,
      "end" : 138,
      "text" : "91125",
      "whiteSpace" : false
    }, {
      "id" : "s1-t11",
      "begin" : 138,
      "end" : 139,
      "text" : ".",
      "whiteSpace" : false
    } ]
  } ],
  "mentions" : [ {
    "id" : "s0-m1",
    "properties" : {
      "SIRE_MENTION_ROLE" : "Serial_Number",
      "SIRE_ENTITY_SUBTYPE" : "NONE",
      "SIRE_MENTION_TYPE" : "NONE",
      "SIRE_MENTION_CLASS" : "SPC"
    },
    "type" : "Serial_Number",
    "begin" : 48,
    "end" : 60,
    "inCoref" : false
  }, {
    "id" : "s0-m2",
    "properties" : {
      "SIRE_MENTION_ROLE" : "First_Name",
      "SIRE_ENTITY_SUBTYPE" : "NONE",
      "SIRE_MENTION_TYPE" : "NONE",
      "SIRE_MENTION_CLASS" : "SPC"
    },
    "type" : "First_Name",
    "begin" : 65,
    "end" : 70,
    "inCoref" : false
  }, {
    "id" : "s0-m3",
    "properties" : {
      "SIRE_MENTION_ROLE" : "Last_Name",
      "SIRE_ENTITY_SUBTYPE" : "NONE",
      "SIRE_MENTION_TYPE" : "NONE",
      "SIRE_MENTION_CLASS" : "SPC"
    },
    "type" : "Last_Name",
    "begin" : 71,
    "end" : 80,
    "inCoref" : false
  }, {
    "id" : "s1-m2",
    "properties" : {
      "SIRE_MENTION_ROLE" : "Street_Number",
      "SIRE_ENTITY_SUBTYPE" : "NONE",
      "SIRE_MENTION_TYPE" : "NONE",
      "SIRE_MENTION_CLASS" : "SPC"
    },
    "type" : "Street_Number",
    "begin" : 104,
    "end" : 119,
    "inCoref" : false
  }, {
    "id" : "s1-m3",
    "properties" : {
      "SIRE_MENTION_ROLE" : "City",
      "SIRE_ENTITY_SUBTYPE" : "NONE",
      "SIRE_MENTION_TYPE" : "NONE",
      "SIRE_MENTION_CLASS" : "SPC"
    },
    "type" : "City",
    "begin" : 120,
    "end" : 128,
    "inCoref" : false
  }, {
    "id" : "s1-m0",
    "properties" : {
      "SIRE_ENTITY_SUBTYPE" : "NONE",
      "SIRE_MENTION_CLASS" : "SPC",
      "SIRE_MENTION_ROLE" : "State",
      "SIRE_MENTION_TYPE" : "NONE"
    },
    "type" : "State",
    "begin" : 130,
    "end" : 132,
    "inCoref" : false
  }, {
    "id" : "s1-m4",
    "properties" : {
      "SIRE_MENTION_ROLE" : "Zip",
      "SIRE_ENTITY_SUBTYPE" : "NONE",
      "SIRE_MENTION_TYPE" : "NONE",
      "SIRE_MENTION_CLASS" : "SPC"
    },
    "type" : "Zip",
    "begin" : 133,
    "end" : 138,
    "inCoref" : false
  } ],
  "relations" : [ ],
  "corefs" : [ ],
  "typeResolved" : true,
  "userResolved" : false
}