{
  "id" : "f17e4de0-4a38-11e7-be36-c36c7834f0c7-94",
  "name" : "Doc94",
  "version" : 3,
  "text" : "I need to return a device for Kimberly Lee. The device serial number is J0M60FZZ5LT. The return address is 049 Carberry Hill Evanston, IL 60208.",
  "docLength" : 0,
  "language" : "EN",
  "status" : "SUBMITTED",
  "modifiedDate" : 1496702083282,
  "documentSet" : [ ],
  "preannotation" : [ "PRE_LW" ],
  "sentences" : [ {
    "id" : "s0",
    "begin" : 0,
    "end" : 43,
    "text" : "I need to return a device for Kimberly Lee.",
    "tokens" : [ {
      "id" : "s0-t0",
      "begin" : 0,
      "end" : 1,
      "text" : "I",
      "whiteSpace" : false
    }, {
      "id" : "s0-t1",
      "begin" : 2,
      "end" : 6,
      "text" : "need",
      "whiteSpace" : false
    }, {
      "id" : "s0-t2",
      "begin" : 7,
      "end" : 9,
      "text" : "to",
      "whiteSpace" : false
    }, {
      "id" : "s0-t3",
      "begin" : 10,
      "end" : 16,
      "text" : "return",
      "whiteSpace" : false
    }, {
      "id" : "s0-t4",
      "begin" : 17,
      "end" : 18,
      "text" : "a",
      "whiteSpace" : false
    }, {
      "id" : "s0-t5",
      "begin" : 19,
      "end" : 25,
      "text" : "device",
      "whiteSpace" : false
    }, {
      "id" : "s0-t6",
      "begin" : 26,
      "end" : 29,
      "text" : "for",
      "whiteSpace" : false
    }, {
      "id" : "s0-t7",
      "begin" : 30,
      "end" : 38,
      "text" : "Kimberly",
      "whiteSpace" : false
    }, {
      "id" : "s0-t8",
      "begin" : 39,
      "end" : 42,
      "text" : "Lee",
      "whiteSpace" : false
    }, {
      "id" : "s0-t9",
      "begin" : 42,
      "end" : 43,
      "text" : ".",
      "whiteSpace" : false
    } ]
  }, {
    "id" : "s1",
    "begin" : 44,
    "end" : 84,
    "text" : "The device serial number is J0M60FZZ5LT.",
    "tokens" : [ {
      "id" : "s1-t0",
      "begin" : 44,
      "end" : 47,
      "text" : "The",
      "whiteSpace" : false
    }, {
      "id" : "s1-t1",
      "begin" : 48,
      "end" : 54,
      "text" : "device",
      "whiteSpace" : false
    }, {
      "id" : "s1-t2",
      "begin" : 55,
      "end" : 61,
      "text" : "serial",
      "whiteSpace" : false
    }, {
      "id" : "s1-t3",
      "begin" : 62,
      "end" : 68,
      "text" : "number",
      "whiteSpace" : false
    }, {
      "id" : "s1-t4",
      "begin" : 69,
      "end" : 71,
      "text" : "is",
      "whiteSpace" : false
    }, {
      "id" : "s1-t5",
      "begin" : 72,
      "end" : 83,
      "text" : "J0M60FZZ5LT",
      "whiteSpace" : false
    }, {
      "id" : "s1-t6",
      "begin" : 83,
      "end" : 84,
      "text" : ".",
      "whiteSpace" : false
    } ]
  }, {
    "id" : "s2",
    "begin" : 85,
    "end" : 144,
    "text" : "The return address is 049 Carberry Hill Evanston, IL 60208.",
    "tokens" : [ {
      "id" : "s2-t0",
      "begin" : 85,
      "end" : 88,
      "text" : "The",
      "whiteSpace" : false
    }, {
      "id" : "s2-t1",
      "begin" : 89,
      "end" : 95,
      "text" : "return",
      "whiteSpace" : false
    }, {
      "id" : "s2-t2",
      "begin" : 96,
      "end" : 103,
      "text" : "address",
      "whiteSpace" : false
    }, {
      "id" : "s2-t3",
      "begin" : 104,
      "end" : 106,
      "text" : "is",
      "whiteSpace" : false
    }, {
      "id" : "s2-t4",
      "begin" : 107,
      "end" : 110,
      "text" : "049",
      "whiteSpace" : false
    }, {
      "id" : "s2-t5",
      "begin" : 111,
      "end" : 119,
      "text" : "Carberry",
      "whiteSpace" : false
    }, {
      "id" : "s2-t6",
      "begin" : 120,
      "end" : 124,
      "text" : "Hill",
      "whiteSpace" : false
    }, {
      "id" : "s2-t7",
      "begin" : 125,
      "end" : 133,
      "text" : "Evanston",
      "whiteSpace" : false
    }, {
      "id" : "s2-t8",
      "begin" : 133,
      "end" : 134,
      "text" : ",",
      "whiteSpace" : false
    }, {
      "id" : "s2-t9",
      "begin" : 135,
      "end" : 137,
      "text" : "IL",
      "whiteSpace" : false
    }, {
      "id" : "s2-t10",
      "begin" : 138,
      "end" : 143,
      "text" : "60208",
      "whiteSpace" : false
    }, {
      "id" : "s2-t11",
      "begin" : 143,
      "end" : 144,
      "text" : ".",
      "whiteSpace" : false
    } ]
  } ],
  "mentions" : [ {
    "id" : "s0-m1",
    "properties" : {
      "SIRE_MENTION_ROLE" : "First_Name",
      "SIRE_ENTITY_SUBTYPE" : "NONE",
      "SIRE_MENTION_TYPE" : "NONE",
      "SIRE_MENTION_CLASS" : "SPC"
    },
    "type" : "First_Name",
    "begin" : 30,
    "end" : 38,
    "inCoref" : false
  }, {
    "id" : "s0-m2",
    "properties" : {
      "SIRE_MENTION_ROLE" : "Last_Name",
      "SIRE_ENTITY_SUBTYPE" : "NONE",
      "SIRE_MENTION_TYPE" : "NONE",
      "SIRE_MENTION_CLASS" : "SPC"
    },
    "type" : "Last_Name",
    "begin" : 39,
    "end" : 42,
    "inCoref" : false
  }, {
    "id" : "s1-m1",
    "properties" : {
      "SIRE_MENTION_ROLE" : "Serial_Number",
      "SIRE_ENTITY_SUBTYPE" : "NONE",
      "SIRE_MENTION_TYPE" : "NONE",
      "SIRE_MENTION_CLASS" : "SPC"
    },
    "type" : "Serial_Number",
    "begin" : 72,
    "end" : 83,
    "inCoref" : false
  }, {
    "id" : "s2-m2",
    "properties" : {
      "SIRE_MENTION_ROLE" : "Street_Number",
      "SIRE_ENTITY_SUBTYPE" : "NONE",
      "SIRE_MENTION_TYPE" : "NONE",
      "SIRE_MENTION_CLASS" : "SPC"
    },
    "type" : "Street_Number",
    "begin" : 107,
    "end" : 124,
    "inCoref" : false
  }, {
    "id" : "s2-m3",
    "properties" : {
      "SIRE_MENTION_ROLE" : "City",
      "SIRE_ENTITY_SUBTYPE" : "NONE",
      "SIRE_MENTION_TYPE" : "NONE",
      "SIRE_MENTION_CLASS" : "SPC"
    },
    "type" : "City",
    "begin" : 125,
    "end" : 133,
    "inCoref" : false
  }, {
    "id" : "s2-m0",
    "properties" : {
      "SIRE_ENTITY_SUBTYPE" : "NONE",
      "SIRE_MENTION_CLASS" : "SPC",
      "SIRE_MENTION_ROLE" : "State",
      "SIRE_MENTION_TYPE" : "NONE"
    },
    "type" : "State",
    "begin" : 135,
    "end" : 137,
    "inCoref" : false
  }, {
    "id" : "s2-m4",
    "properties" : {
      "SIRE_MENTION_ROLE" : "Zip",
      "SIRE_ENTITY_SUBTYPE" : "NONE",
      "SIRE_MENTION_TYPE" : "NONE",
      "SIRE_MENTION_CLASS" : "SPC"
    },
    "type" : "Zip",
    "begin" : 138,
    "end" : 143,
    "inCoref" : false
  } ],
  "relations" : [ ],
  "corefs" : [ ],
  "typeResolved" : true,
  "userResolved" : false
}