{
  "id" : "f17e4de0-4a38-11e7-be36-c36c7834f0c7-85",
  "name" : "Doc85",
  "version" : 3,
  "text" : "Sending back a computer with Serial# N93Y18ZDB7WO for Anne Powell. The address is 96 Dakota Park Homestead, FL 33034.",
  "docLength" : 0,
  "language" : "EN",
  "status" : "SUBMITTED",
  "modifiedDate" : 1496701950526,
  "documentSet" : [ ],
  "preannotation" : [ "PRE_LW" ],
  "sentences" : [ {
    "id" : "s0",
    "begin" : 0,
    "end" : 66,
    "text" : "Sending back a computer with Serial# N93Y18ZDB7WO for Anne Powell.",
    "tokens" : [ {
      "id" : "s0-t0",
      "begin" : 0,
      "end" : 7,
      "text" : "Sending",
      "whiteSpace" : false
    }, {
      "id" : "s0-t1",
      "begin" : 8,
      "end" : 12,
      "text" : "back",
      "whiteSpace" : false
    }, {
      "id" : "s0-t2",
      "begin" : 13,
      "end" : 14,
      "text" : "a",
      "whiteSpace" : false
    }, {
      "id" : "s0-t3",
      "begin" : 15,
      "end" : 23,
      "text" : "computer",
      "whiteSpace" : false
    }, {
      "id" : "s0-t4",
      "begin" : 24,
      "end" : 28,
      "text" : "with",
      "whiteSpace" : false
    }, {
      "id" : "s0-t5",
      "begin" : 29,
      "end" : 36,
      "text" : "Serial#",
      "whiteSpace" : false
    }, {
      "id" : "s0-t6",
      "begin" : 37,
      "end" : 49,
      "text" : "N93Y18ZDB7WO",
      "whiteSpace" : false
    }, {
      "id" : "s0-t7",
      "begin" : 50,
      "end" : 53,
      "text" : "for",
      "whiteSpace" : false
    }, {
      "id" : "s0-t8",
      "begin" : 54,
      "end" : 58,
      "text" : "Anne",
      "whiteSpace" : false
    }, {
      "id" : "s0-t9",
      "begin" : 59,
      "end" : 65,
      "text" : "Powell",
      "whiteSpace" : false
    }, {
      "id" : "s0-t10",
      "begin" : 65,
      "end" : 66,
      "text" : ".",
      "whiteSpace" : false
    } ]
  }, {
    "id" : "s1",
    "begin" : 67,
    "end" : 117,
    "text" : "The address is 96 Dakota Park Homestead, FL 33034.",
    "tokens" : [ {
      "id" : "s1-t0",
      "begin" : 67,
      "end" : 70,
      "text" : "The",
      "whiteSpace" : false
    }, {
      "id" : "s1-t1",
      "begin" : 71,
      "end" : 78,
      "text" : "address",
      "whiteSpace" : false
    }, {
      "id" : "s1-t2",
      "begin" : 79,
      "end" : 81,
      "text" : "is",
      "whiteSpace" : false
    }, {
      "id" : "s1-t3",
      "begin" : 82,
      "end" : 84,
      "text" : "96",
      "whiteSpace" : false
    }, {
      "id" : "s1-t4",
      "begin" : 85,
      "end" : 91,
      "text" : "Dakota",
      "whiteSpace" : false
    }, {
      "id" : "s1-t5",
      "begin" : 92,
      "end" : 96,
      "text" : "Park",
      "whiteSpace" : false
    }, {
      "id" : "s1-t6",
      "begin" : 97,
      "end" : 106,
      "text" : "Homestead",
      "whiteSpace" : false
    }, {
      "id" : "s1-t7",
      "begin" : 106,
      "end" : 107,
      "text" : ",",
      "whiteSpace" : false
    }, {
      "id" : "s1-t8",
      "begin" : 108,
      "end" : 110,
      "text" : "FL",
      "whiteSpace" : false
    }, {
      "id" : "s1-t9",
      "begin" : 111,
      "end" : 116,
      "text" : "33034",
      "whiteSpace" : false
    }, {
      "id" : "s1-t10",
      "begin" : 116,
      "end" : 117,
      "text" : ".",
      "whiteSpace" : false
    } ]
  } ],
  "mentions" : [ {
    "id" : "s0-m2",
    "properties" : {
      "SIRE_MENTION_ROLE" : "Serial_Number",
      "SIRE_ENTITY_SUBTYPE" : "NONE",
      "SIRE_MENTION_TYPE" : "NONE",
      "SIRE_MENTION_CLASS" : "SPC"
    },
    "type" : "Serial_Number",
    "begin" : 37,
    "end" : 49,
    "inCoref" : false
  }, {
    "id" : "s0-m3",
    "properties" : {
      "SIRE_MENTION_ROLE" : "First_Name",
      "SIRE_ENTITY_SUBTYPE" : "NONE",
      "SIRE_MENTION_TYPE" : "NONE",
      "SIRE_MENTION_CLASS" : "SPC"
    },
    "type" : "First_Name",
    "begin" : 54,
    "end" : 58,
    "inCoref" : false
  }, {
    "id" : "s0-m0",
    "properties" : {
      "SIRE_MENTION_ROLE" : "Last_Name",
      "SIRE_ENTITY_SUBTYPE" : "NONE",
      "SIRE_MENTION_TYPE" : "NONE",
      "SIRE_MENTION_CLASS" : "SPC"
    },
    "type" : "Last_Name",
    "begin" : 59,
    "end" : 65,
    "inCoref" : false
  }, {
    "id" : "s1-m2",
    "properties" : {
      "SIRE_MENTION_ROLE" : "Street_Number",
      "SIRE_ENTITY_SUBTYPE" : "NONE",
      "SIRE_MENTION_TYPE" : "NONE",
      "SIRE_MENTION_CLASS" : "SPC"
    },
    "type" : "Street_Number",
    "begin" : 82,
    "end" : 96,
    "inCoref" : false
  }, {
    "id" : "s1-m3",
    "properties" : {
      "SIRE_MENTION_ROLE" : "City",
      "SIRE_ENTITY_SUBTYPE" : "NONE",
      "SIRE_MENTION_TYPE" : "NONE",
      "SIRE_MENTION_CLASS" : "SPC"
    },
    "type" : "City",
    "begin" : 97,
    "end" : 106,
    "inCoref" : false
  }, {
    "id" : "s1-m0",
    "properties" : {
      "SIRE_ENTITY_SUBTYPE" : "NONE",
      "SIRE_MENTION_CLASS" : "SPC",
      "SIRE_MENTION_ROLE" : "State",
      "SIRE_MENTION_TYPE" : "NONE"
    },
    "type" : "State",
    "begin" : 108,
    "end" : 110,
    "inCoref" : false
  }, {
    "id" : "s1-m4",
    "properties" : {
      "SIRE_MENTION_ROLE" : "Zip",
      "SIRE_ENTITY_SUBTYPE" : "NONE",
      "SIRE_MENTION_TYPE" : "NONE",
      "SIRE_MENTION_CLASS" : "SPC"
    },
    "type" : "Zip",
    "begin" : 111,
    "end" : 116,
    "inCoref" : false
  } ],
  "relations" : [ ],
  "corefs" : [ ],
  "typeResolved" : true,
  "userResolved" : false
}